video_id,player_name,t_s,x_yd
-zgIolzsJxY,Marcus Allen,0.0,0.0
-zgIolzsJxY,Marcus Allen,0.05,0.0142
-zgIolzsJxY,Marcus Allen,0.1,0.0559
-zgIolzsJxY,Marcus Allen,0.15,0.1236
-zgIolzsJxY,Marcus Allen,0.2,0.2161
-zgIolzsJxY,Marcus Allen,0.25,0.3323
-zgIolzsJxY,Marcus Allen,0.3,0.4708
-zgIolzsJxY,Marcus Allen,0.35,0.6306
-zgIolzsJxY,Marcus Allen,0.4,0.8106
-zgIolzsJxY,Marcus Allen,0.45,1.0099
-zgIolzsJxY,Marcus Allen,0.5,1.2274
-zgIolzsJxY,Marcus Allen,0.55,1.4623
-zgIolzsJxY,Marcus Allen,0.6,1.7137
-zgIolzsJxY,Marcus Allen,0.65,1.9808
-zgIolzsJxY,Marcus Allen,0.7,2.2628
-zgIolzsJxY,Marcus Allen,0.75,2.559
-zgIolzsJxY,Marcus Allen,0.8,2.8687
-zgIolzsJxY,Marcus Allen,0.85,3.1911
-zgIolzsJxY,Marcus Allen,0.9,3.5257
-zgIolzsJxY,Marcus Allen,0.95,3.8719
-zgIolzsJxY,Marcus Allen,1.0,4.229
-zgIolzsJxY,Marcus Allen,1.05,4.5966
-zgIolzsJxY,Marcus Allen,1.1,4.9742
-zgIolzsJxY,Marcus Allen,1.15,5.3611
-zgIolzsJxY,Marcus Allen,1.2,5.757
-zgIolzsJxY,Marcus Allen,1.25,6.1615
-zgIolzsJxY,Marcus Allen,1.3,6.574
-zgIolzsJxY,Marcus Allen,1.35,6.9942
-zgIolzsJxY,Marcus Allen,1.4,7.4218
-zgIolzsJxY,Marcus Allen,1.45,7.8563
-zgIolzsJxY,Marcus Allen,1.5,8.2974
-zgIolzsJxY,Marcus Allen,1.55,8.7448
-zgIolzsJxY,Marcus Allen,1.6,9.1981
-zgIolzsJxY,Marcus Allen,1.65,9.6571
-zgIolzsJxY,Marcus Allen,1.7,10.1215
-zgIolzsJxY,Marcus Allen,1.75,10.591
-zgIolzsJxY,Marcus Allen,1.8,11.0654
-zgIolzsJxY,Marcus Allen,1.85,11.5445
-zgIolzsJxY,Marcus Allen,1.9,12.0279
-zgIolzsJxY,Marcus Allen,1.95,12.5155
-zgIolzsJxY,Marcus Allen,2.0,13.007
-zgIolzsJxY,Marcus Allen,2.05,13.5024
-zgIolzsJxY,Marcus Allen,2.1,14.0013
-zgIolzsJxY,Marcus Allen,2.15,14.5037
-zgIolzsJxY,Marcus Allen,2.2,15.0092
-zgIolzsJxY,Marcus Allen,2.25,15.5179
-zgIolzsJxY,Marcus Allen,2.3,16.0295
-zgIolzsJxY,Marcus Allen,2.35,16.5439
-zgIolzsJxY,Marcus Allen,2.4,17.0609
-zgIolzsJxY,Marcus Allen,2.45,17.5804
-zgIolzsJxY,Marcus Allen,2.5,18.1023
-zgIolzsJxY,Marcus Allen,2.55,18.6265
-zgIolzsJxY,Marcus Allen,2.6,19.1528
-zgIolzsJxY,Marcus Allen,2.65,19.6812
-zgIolzsJxY,Marcus Allen,2.7,20.2116
-zgIolzsJxY,Marcus Allen,2.75,20.7438
-zgIolzsJxY,Marcus Allen,2.8,21.2777
-zgIolzsJxY,Marcus Allen,2.85,21.8133
-zgIolzsJxY,Marcus Allen,2.9,22.3505
-zgIolzsJxY,Marcus Allen,2.95,22.8893
-zgIolzsJxY,Marcus Allen,3.0,23.4294
-zgIolzsJxY,Marcus Allen,3.05,23.9709
-zgIolzsJxY,Marcus Allen,3.1,24.5138
-zgIolzsJxY,Marcus Allen,3.15,25.0578
-zgIolzsJxY,Marcus Allen,3.2,25.603
-zgIolzsJxY,Marcus Allen,3.25,26.1494
-zgIolzsJxY,Marcus Allen,3.3,26.6967
-zgIolzsJxY,Marcus Allen,3.35,27.2451
-zgIolzsJxY,Marcus Allen,3.4,27.7945
-zgIolzsJxY,Marcus Allen,3.45,28.3448
-zgIolzsJxY,Marcus Allen,3.5,28.8959
-zgIolzsJxY,Marcus Allen,3.55,29.4478
-zgIolzsJxY,Marcus Allen,3.6,30.0006
-zgIolzsJxY,Marcus Allen,3.65,30.554
-zgIolzsJxY,Marcus Allen,3.7,31.1082
-zgIolzsJxY,Marcus Allen,3.75,31.663
-zgIolzsJxY,Marcus Allen,3.8,32.2185
-zgIolzsJxY,Marcus Allen,3.85,32.7746
-zgIolzsJxY,Marcus Allen,3.9,33.3312
-zgIolzsJxY,Marcus Allen,3.95,33.8884
-zgIolzsJxY,Marcus Allen,4.0,34.4462
-zgIolzsJxY,Marcus Allen,4.05,35.0044
-zgIolzsJxY,Marcus Allen,4.1,35.5631
-zgIolzsJxY,Marcus Allen,4.15,36.1222
-zgIolzsJxY,Marcus Allen,4.2,36.6817
-zgIolzsJxY,Marcus Allen,4.25,37.2417
-zgIolzsJxY,Marcus Allen,4.3,37.802
-zgIolzsJxY,Marcus Allen,4.35,38.3627
-zgIolzsJxY,Marcus Allen,4.4,38.9238
-zgIolzsJxY,Marcus Allen,4.45,39.4851
-zgIolzsJxY,Marcus Allen,4.5,40.0468
-zgIolzsJxY,Davison Igbinosun,0.0,0.0
-zgIolzsJxY,Davison Igbinosun,0.05,0.0144
-zgIolzsJxY,Davison Igbinosun,0.1,0.0565
-zgIolzsJxY,Davison Igbinosun,0.15,0.1251
-zgIolzsJxY,Davison Igbinosun,0.2,0.2187
-zgIolzsJxY,Davison Igbinosun,0.25,0.3362
-zgIolzsJxY,Davison Igbinosun,0.3,0.4764
-zgIolzsJxY,Davison Igbinosun,0.35,0.6381
-zgIolzsJxY,Davison Igbinosun,0.4,0.8202
-zgIolzsJxY,Davison Igbinosun,0.45,1.0218
-zgIolzsJxY,Davison Igbinosun,0.5,1.2419
-zgIolzsJxY,Davison Igbinosun,0.55,1.4796
-zgIolzsJxY,Davison Igbinosun,0.6,1.7339
-zgIolzsJxY,Davison Igbinosun,0.65,2.0042
-zgIolzsJxY,Davison Igbinosun,0.7,2.2895
-zgIolzsJxY,Davison Igbinosun,0.75,2.5891
-zgIolzsJxY,Davison Igbinosun,0.8,2.9023
-zgIolzsJxY,Davison Igbinosun,0.85,3.2285
-zgIolzsJxY,Davison Igbinosun,0.9,3.567
-zgIolzsJxY,Davison Igbinosun,0.95,3.9172
-zgIolzsJxY,Davison Igbinosun,1.0,4.2785
-zgIolzsJxY,Davison Igbinosun,1.05,4.6503
-zgIolzsJxY,Davison Igbinosun,1.1,5.0322
-zgIolzsJxY,Davison Igbinosun,1.15,5.4236
-zgIolzsJxY,Davison Igbinosun,1.2,5.824
-zgIolzsJxY,Davison Igbinosun,1.25,6.2331
-zgIolzsJxY,Davison Igbinosun,1.3,6.6504
-zgIolzsJxY,Davison Igbinosun,1.35,7.0754
-zgIolzsJxY,Davison Igbinosun,1.4,7.5078
-zgIolzsJxY,Davison Igbinosun,1.45,7.9473
-zgIolzsJxY,Davison Igbinosun,1.5,8.3934
-zgIolzsJxY,Davison Igbinosun,1.55,8.8458
-zgIolzsJxY,Davison Igbinosun,1.6,9.3043
-zgIolzsJxY,Davison Igbinosun,1.65,9.7686
-zgIolzsJxY,Davison Igbinosun,1.7,10.2382
-zgIolzsJxY,Davison Igbinosun,1.75,10.7131
-zgIolzsJxY,Davison Igbinosun,1.8,11.1928
-zgIolzsJxY,Davison Igbinosun,1.85,11.6773
-zgIolzsJxY,Davison Igbinosun,1.9,12.1661
-zgIolzsJxY,Davison Igbinosun,1.95,12.6592
-zgIolzsJxY,Davison Igbinosun,2.0,13.1563
-zgIolzsJxY,Davison Igbinosun,2.05,13.6572
-zgIolzsJxY,Davison Igbinosun,2.1,14.1618
-zgIolzsJxY,Davison Igbinosun,2.15,14.6697
-zgIolzsJxY,Davison Igbinosun,2.2,15.181
-zgIolzsJxY,Davison Igbinosun,2.25,15.6953
-zgIolzsJxY,Davison Igbinosun,2.3,16.2127
-zgIolzsJxY,Davison Igbinosun,2.35,16.7328
-zgIolzsJxY,Davison Igbinosun,2.4,17.2556
-zgIolzsJxY,Davison Igbinosun,2.45,17.7809
-zgIolzsJxY,Davison Igbinosun,2.5,18.3086
-zgIolzsJxY,Davison Igbinosun,2.55,18.8387
-zgIolzsJxY,Davison Igbinosun,2.6,19.3709
-zgIolzsJxY,Davison Igbinosun,2.65,19.9051
-zgIolzsJxY,Davison Igbinosun,2.7,20.4414
-zgIolzsJxY,Davison Igbinosun,2.75,20.9795
-zgIolzsJxY,Davison Igbinosun,2.8,21.5194
-zgIolzsJxY,Davison Igbinosun,2.85,22.0609
-zgIolzsJxY,Davison Igbinosun,2.9,22.6041
-zgIolzsJxY,Davison Igbinosun,2.95,23.1488
-zgIolzsJxY,Davison Igbinosun,3.0,23.6949
-zgIolzsJxY,Davison Igbinosun,3.05,24.2425
-zgIolzsJxY,Davison Igbinosun,3.1,24.7913
-zgIolzsJxY,Davison Igbinosun,3.15,25.3414
-zgIolzsJxY,Davison Igbinosun,3.2,25.8926
-zgIolzsJxY,Davison Igbinosun,3.25,26.445
-zgIolzsJxY,Davison Igbinosun,3.3,26.9984
-zgIolzsJxY,Davison Igbinosun,3.35,27.5529
-zgIolzsJxY,Davison Igbinosun,3.4,28.1083
-zgIolzsJxY,Davison Igbinosun,3.45,28.6646
-zgIolzsJxY,Davison Igbinosun,3.5,29.2218
-zgIolzsJxY,Davison Igbinosun,3.55,29.7799
-zgIolzsJxY,Davison Igbinosun,3.6,30.3387
-zgIolzsJxY,Davison Igbinosun,3.65,30.8983
-zgIolzsJxY,Davison Igbinosun,3.7,31.4585
-zgIolzsJxY,Davison Igbinosun,3.75,32.0195
-zgIolzsJxY,Davison Igbinosun,3.8,32.5811
-zgIolzsJxY,Davison Igbinosun,3.85,33.1433
-zgIolzsJxY,Davison Igbinosun,3.9,33.7061
-zgIolzsJxY,Davison Igbinosun,3.95,34.2694
-zgIolzsJxY,Davison Igbinosun,4.0,34.8332
-zgIolzsJxY,Davison Igbinosun,4.05,35.3976
-zgIolzsJxY,Davison Igbinosun,4.1,35.9624
-zgIolzsJxY,Davison Igbinosun,4.15,36.5277
-zgIolzsJxY,Davison Igbinosun,4.2,37.0934
-zgIolzsJxY,Davison Igbinosun,4.25,37.6595
-zgIolzsJxY,Davison Igbinosun,4.3,38.226
-zgIolzsJxY,Davison Igbinosun,4.35,38.7928
-zgIolzsJxY,Davison Igbinosun,4.4,39.36
-zgIolzsJxY,Davison Igbinosun,4.45,39.9276
-zgIolzsJxY,Domani Jackson,0.0,0.0
-zgIolzsJxY,Domani Jackson,0.05,0.0142
-zgIolzsJxY,Domani Jackson,0.1,0.0558
-zgIolzsJxY,Domani Jackson,0.15,0.1235
-zgIolzsJxY,Domani Jackson,0.2,0.2162
-zgIolzsJxY,Domani Jackson,0.25,0.3325
-zgIolzsJxY,Domani Jackson,0.3,0.4713
-zgIolzsJxY,Domani Jackson,0.35,0.6317
-zgIolzsJxY,Domani Jackson,0.4,0.8124
-zgIolzsJxY,Domani Jackson,0.45,1.0127
-zgIolzsJxY,Domani Jackson,0.5,1.2314
-zgIolzsJxY,Domani Jackson,0.55,1.4678
-zgIolzsJxY,Domani Jackson,0.6,1.721
-zgIolzsJxY,Domani Jackson,0.65,1.9902
-zgIolzsJxY,Domani Jackson,0.7,2.2746
-zgIolzsJxY,Domani Jackson,0.75,2.5735
-zgIolzsJxY,Domani Jackson,0.8,2.8861
-zgIolzsJxY,Domani Jackson,0.85,3.212
-zgIolzsJxY,Domani Jackson,0.9,3.5503
-zgIolzsJxY,Domani Jackson,0.95,3.9005
-zgIolzsJxY,Domani Jackson,1.0,4.2621
-zgIolzsJxY,Domani Jackson,1.05,4.6345
-zgIolzsJxY,Domani Jackson,1.1,5.0171
-zgIolzsJxY,Domani Jackson,1.15,5.4096
-zgIolzsJxY,Domani Jackson,1.2,5.8113
-zgIolzsJxY,Domani Jackson,1.25,6.2219
-zgIolzsJxY,Domani Jackson,1.3,6.641
-zgIolzsJxY,Domani Jackson,1.35,7.0681
-zgIolzsJxY,Domani Jackson,1.4,7.5029
-zgIolzsJxY,Domani Jackson,1.45,7.9449
-zgIolzsJxY,Domani Jackson,1.5,8.3939
-zgIolzsJxY,Domani Jackson,1.55,8.8495
-zgIolzsJxY,Domani Jackson,1.6,9.3113
-zgIolzsJxY,Domani Jackson,1.65,9.7792
-zgIolzsJxY,Domani Jackson,1.7,10.2527
-zgIolzsJxY,Domani Jackson,1.75,10.7317
-zgIolzsJxY,Domani Jackson,1.8,11.2159
-zgIolzsJxY,Domani Jackson,1.85,11.705
-zgIolzsJxY,Domani Jackson,1.9,12.1987
-zgIolzsJxY,Domani Jackson,1.95,12.6969
-zgIolzsJxY,Domani Jackson,2.0,13.1994
-zgIolzsJxY,Domani Jackson,2.05,13.7059
-zgIolzsJxY,Domani Jackson,2.1,14.2162
-zgIolzsJxY,Domani Jackson,2.15,14.7303
-zgIolzsJxY,Domani Jackson,2.2,15.2478
-zgIolzsJxY,Domani Jackson,2.25,15.7686
-zgIolzsJxY,Domani Jackson,2.3,16.2926
-zgIolzsJxY,Domani Jackson,2.35,16.8196
-zgIolzsJxY,Domani Jackson,2.4,17.3494
-zgIolzsJxY,Domani Jackson,2.45,17.882
-zgIolzsJxY,Domani Jackson,2.5,18.4172
-zgIolzsJxY,Domani Jackson,2.55,18.9549
-zgIolzsJxY,Domani Jackson,2.6,19.4949
-zgIolzsJxY,Domani Jackson,2.65,20.0371
-zgIolzsJxY,Domani Jackson,2.7,20.5815
-zgIolzsJxY,Domani Jackson,2.75,21.128
-zgIolzsJxY,Domani Jackson,2.8,21.6763
-zgIolzsJxY,Domani Jackson,2.85,22.2265
-zgIolzsJxY,Domani Jackson,2.9,22.7785
-zgIolzsJxY,Domani Jackson,2.95,23.3321
-zgIolzsJxY,Domani Jackson,3.0,23.8873
-zgIolzsJxY,Domani Jackson,3.05,24.444
-zgIolzsJxY,Domani Jackson,3.1,25.0022
-zgIolzsJxY,Domani Jackson,3.15,25.5618
-zgIolzsJxY,Domani Jackson,3.2,26.1226
-zgIolzsJxY,Domani Jackson,3.25,26.6847
-zgIolzsJxY,Domani Jackson,3.3,27.248
-zgIolzsJxY,Domani Jackson,3.35,27.8124
-zgIolzsJxY,Domani Jackson,3.4,28.3778
-zgIolzsJxY,Domani Jackson,3.45,28.9443
-zgIolzsJxY,Domani Jackson,3.5,29.5118
-zgIolzsJxY,Domani Jackson,3.55,30.0802
-zgIolzsJxY,Domani Jackson,3.6,30.6495
-zgIolzsJxY,Domani Jackson,3.65,31.2196
-zgIolzsJxY,Domani Jackson,3.7,31.7905
-zgIolzsJxY,Domani Jackson,3.75,32.3622
-zgIolzsJxY,Domani Jackson,3.8,32.9346
-zgIolzsJxY,Domani Jackson,3.85,33.5077
-zgIolzsJxY,Domani Jackson,3.9,34.0814
-zgIolzsJxY,Domani Jackson,3.95,34.6558
-zgIolzsJxY,Domani Jackson,4.0,35.2308
-zgIolzsJxY,Domani Jackson,4.05,35.8063
-zgIolzsJxY,Domani Jackson,4.1,36.3824
-zgIolzsJxY,Domani Jackson,4.15,36.959
-zgIolzsJxY,Domani Jackson,4.2,37.5361
-zgIolzsJxY,Domani Jackson,4.25,38.1136
-zgIolzsJxY,Domani Jackson,4.3,38.6916
-zgIolzsJxY,Domani Jackson,4.35,39.27
-zgIolzsJxY,Domani Jackson,4.4,39.8488
-zgIolzsJxY,Chris Johnson,0.0,0.0
-zgIolzsJxY,Chris Johnson,0.05,0.0161
-zgIolzsJxY,Chris Johnson,0.1,0.0631
-zgIolzsJxY,Chris Johnson,0.15,0.1394
-zgIolzsJxY,Chris Johnson,0.2,0.2431
-zgIolzsJxY,Chris Johnson,0.25,0.3728
-zgIolzsJxY,Chris Johnson,0.3,0.5269
-zgIolzsJxY,Chris Johnson,0.35,0.704
-zgIolzsJxY,Chris Johnson,0.4,0.9029
-zgIolzsJxY,Chris Johnson,0.45,1.1222
-zgIolzsJxY,Chris Johnson,0.5,1.3609
-zgIolzsJxY,Chris Johnson,0.55,1.6177
-zgIolzsJxY,Chris Johnson,0.6,1.8917
-zgIolzsJxY,Chris Johnson,0.65,2.1818
-zgIolzsJxY,Chris Johnson,0.7,2.4872
-zgIolzsJxY,Chris Johnson,0.75,2.807
-zgIolzsJxY,Chris Johnson,0.8,3.1403
-zgIolzsJxY,Chris Johnson,0.85,3.4864
-zgIolzsJxY,Chris Johnson,0.9,3.8445
-zgIolzsJxY,Chris Johnson,0.95,4.2139
-zgIolzsJxY,Chris Johnson,1.0,4.5941
-zgIolzsJxY,Chris Johnson,1.05,4.9843
-zgIolzsJxY,Chris Johnson,1.1,5.384
-zgIolzsJxY,Chris Johnson,1.15,5.7927
-zgIolzsJxY,Chris Johnson,1.2,6.2098
-zgIolzsJxY,Chris Johnson,1.25,6.6349
-zgIolzsJxY,Chris Johnson,1.3,7.0675
-zgIolzsJxY,Chris Johnson,1.35,7.5072
-zgIolzsJxY,Chris Johnson,1.4,7.9535
-zgIolzsJxY,Chris Johnson,1.45,8.4062
-zgIolzsJxY,Chris Johnson,1.5,8.8647
-zgIolzsJxY,Chris Johnson,1.55,9.3288
-zgIolzsJxY,Chris Johnson,1.6,9.7982
-zgIolzsJxY,Chris Johnson,1.65,10.2726
-zgIolzsJxY,Chris Johnson,1.7,10.7516
-zgIolzsJxY,Chris Johnson,1.75,11.2351
-zgIolzsJxY,Chris Johnson,1.8,11.7227
-zgIolzsJxY,Chris Johnson,1.85,12.2142
-zgIolzsJxY,Chris Johnson,1.9,12.7094
-zgIolzsJxY,Chris Johnson,1.95,13.2082
-zgIolzsJxY,Chris Johnson,2.0,13.7101
-zgIolzsJxY,Chris Johnson,2.05,14.2152
-zgIolzsJxY,Chris Johnson,2.1,14.7232
-zgIolzsJxY,Chris Johnson,2.15,15.234
-zgIolzsJxY,Chris Johnson,2.2,15.7473
-zgIolzsJxY,Chris Johnson,2.25,16.2631
-zgIolzsJxY,Chris Johnson,2.3,16.7812
-zgIolzsJxY,Chris Johnson,2.35,17.3015
-zgIolzsJxY,Chris Johnson,2.4,17.8238
-zgIolzsJxY,Chris Johnson,2.45,18.348
-zgIolzsJxY,Chris Johnson,2.5,18.8741
-zgIolzsJxY,Chris Johnson,2.55,19.4019
-zgIolzsJxY,Chris Johnson,2.6,19.9313
-zgIolzsJxY,Chris Johnson,2.65,20.4622
-zgIolzsJxY,Chris Johnson,2.7,20.9945
-zgIolzsJxY,Chris Johnson,2.75,21.5282
-zgIolzsJxY,Chris Johnson,2.8,22.0632
-zgIolzsJxY,Chris Johnson,2.85,22.5994
-zgIolzsJxY,Chris Johnson,2.9,23.1367
-zgIolzsJxY,Chris Johnson,2.95,23.6751
-zgIolzsJxY,Chris Johnson,3.0,24.2145
-zgIolzsJxY,Chris Johnson,3.05,24.7548
-zgIolzsJxY,Chris Johnson,3.1,25.2961
-zgIolzsJxY,Chris Johnson,3.15,25.8382
-zgIolzsJxY,Chris Johnson,3.2,26.3811
-zgIolzsJxY,Chris Johnson,3.25,26.9247
-zgIolzsJxY,Chris Johnson,3.3,27.469
-zgIolzsJxY,Chris Johnson,3.35,28.014
-zgIolzsJxY,Chris Johnson,3.4,28.5597
-zgIolzsJxY,Chris Johnson,3.45,29.1059
-zgIolzsJxY,Chris Johnson,3.5,29.6527
-zgIolzsJxY,Chris Johnson,3.55,30.2
-zgIolzsJxY,Chris Johnson,3.6,30.7478
-zgIolzsJxY,Chris Johnson,3.65,31.2961
-zgIolzsJxY,Chris Johnson,3.7,31.8448
-zgIolzsJxY,Chris Johnson,3.75,32.3939
-zgIolzsJxY,Chris Johnson,3.8,32.9435
-zgIolzsJxY,Chris Johnson,3.85,33.4934
-zgIolzsJxY,Chris Johnson,3.9,34.0436
-zgIolzsJxY,Chris Johnson,3.95,34.5942
-zgIolzsJxY,Chris Johnson,4.0,35.1451
-zgIolzsJxY,Chris Johnson,4.05,35.6962
-zgIolzsJxY,Chris Johnson,4.1,36.2477
-zgIolzsJxY,Chris Johnson,4.15,36.7994
-zgIolzsJxY,Chris Johnson,4.2,37.3513
-zgIolzsJxY,Chris Johnson,4.25,37.9035
-zgIolzsJxY,Chris Johnson,4.3,38.4559
-zgIolzsJxY,Chris Johnson,4.35,39.0085
-zgIolzsJxY,Chris Johnson,4.4,39.5613
-zgIolzsJxY,Will Lee III,0.0,0.0
-zgIolzsJxY,Will Lee III,0.05,0.0144
-zgIolzsJxY,Will Lee III,0.1,0.0565
-zgIolzsJxY,Will Lee III,0.15,0.1249
-zgIolzsJxY,Will Lee III,0.2,0.2183
-zgIolzsJxY,Will Lee III,0.25,0.3355
-zgIolzsJxY,Will Lee III,0.3,0.4752
-zgIolzsJxY,Will Lee III,0.35,0.6363
-zgIolzsJxY,Will Lee III,0.4,0.8176
-zgIolzsJxY,Will Lee III,0.45,1.0183
-zgIolzsJxY,Will Lee III,0.5,1.2372
-zgIolzsJxY,Will Lee III,0.55,1.4735
-zgIolzsJxY,Will Lee III,0.6,1.7263
-zgIolzsJxY,Will Lee III,0.65,1.9947
-zgIolzsJxY,Will Lee III,0.7,2.278
-zgIolzsJxY,Will Lee III,0.75,2.5754
-zgIolzsJxY,Will Lee III,0.8,2.8862
-zgIolzsJxY,Will Lee III,0.85,3.2097
-zgIolzsJxY,Will Lee III,0.9,3.5452
-zgIolzsJxY,Will Lee III,0.95,3.8922
-zgIolzsJxY,Will Lee III,1.0,4.25
-zgIolzsJxY,Will Lee III,1.05,4.6182
-zgIolzsJxY,Will Lee III,1.1,4.9962
-zgIolzsJxY,Will Lee III,1.15,5.3834
-zgIolzsJxY,Will Lee III,1.2,5.7795
-zgIolzsJxY,Will Lee III,1.25,6.184
-zgIolzsJxY,Will Lee III,1.3,6.5964
-zgIolzsJxY,Will Lee III,1.35,7.0164
-zgIolzsJxY,Will Lee III,1.4,7.4435
-zgIolzsJxY,Will Lee III,1.45,7.8774
-zgIolzsJxY,Will Lee III,1.5,8.3178
-zgIolzsJxY,Will Lee III,1.55,8.7643
-zgIolzsJxY,Will Lee III,1.6,9.2167
-zgIolzsJxY,Will Lee III,1.65,9.6746
-zgIolzsJxY,Will Lee III,1.7,10.1377
-zgIolzsJxY,Will Lee III,1.75,10.6057
-zgIolzsJxY,Will Lee III,1.8,11.0786
-zgIolzsJxY,Will Lee III,1.85,11.5559
-zgIolzsJxY,Will Lee III,1.9,12.0374
-zgIolzsJxY,Will Lee III,1.95,12.523
-zgIolzsJxY,Will Lee III,2.0,13.0124
-zgIolzsJxY,Will Lee III,2.05,13.5055
-zgIolzsJxY,Will Lee III,2.1,14.0021
-zgIolzsJxY,Will Lee III,2.15,14.5019
-zgIolzsJxY,Will Lee III,2.2,15.0048
-zgIolzsJxY,Will Lee III,2.25,15.5107
-zgIolzsJxY,Will Lee III,2.3,16.0194
-zgIolzsJxY,Will Lee III,2.35,16.5307
-zgIolzsJxY,Will Lee III,2.4,17.0446
-zgIolzsJxY,Will Lee III,2.45,17.5609
-zgIolzsJxY,Will Lee III,2.5,18.0795
-zgIolzsJxY,Will Lee III,2.55,18.6002
-zgIolzsJxY,Will Lee III,2.6,19.123
-zgIolzsJxY,Will Lee III,2.65,19.6478
-zgIolzsJxY,Will Lee III,2.7,20.1744
-zgIolzsJxY,Will Lee III,2.75,20.7027
-zgIolzsJxY,Will Lee III,2.8,21.2327
-zgIolzsJxY,Will Lee III,2.85,21.7643
-zgIolzsJxY,Will Lee III,2.9,22.2974
-zgIolzsJxY,Will Lee III,2.95,22.832
-zgIolzsJxY,Will Lee III,3.0,23.3678
-zgIolzsJxY,Will Lee III,3.05,23.905
-zgIolzsJxY,Will Lee III,3.1,24.4434
-zgIolzsJxY,Will Lee III,3.15,24.983
-zgIolzsJxY,Will Lee III,3.2,25.5236
-zgIolzsJxY,Will Lee III,3.25,26.0653
-zgIolzsJxY,Will Lee III,3.3,26.608
-zgIolzsJxY,Will Lee III,3.35,27.1516
-zgIolzsJxY,Will Lee III,3.4,27.6961
-zgIolzsJxY,Will Lee III,3.45,28.2415
-zgIolzsJxY,Will Lee III,3.5,28.7877
-zgIolzsJxY,Will Lee III,3.55,29.3346
-zgIolzsJxY,Will Lee III,3.6,29.8823
-zgIolzsJxY,Will Lee III,3.65,30.4306
-zgIolzsJxY,Will Lee III,3.7,30.9796
-zgIolzsJxY,Will Lee III,3.75,31.5292
-zgIolzsJxY,Will Lee III,3.8,32.0795
-zgIolzsJxY,Will Lee III,3.85,32.6302
-zgIolzsJxY,Will Lee III,3.9,33.1815
-zgIolzsJxY,Will Lee III,3.95,33.7333
-zgIolzsJxY,Will Lee III,4.0,34.2856
-zgIolzsJxY,Will Lee III,4.05,34.8384
-zgIolzsJxY,Will Lee III,4.1,35.3915
-zgIolzsJxY,Will Lee III,4.15,35.9451
-zgIolzsJxY,Will Lee III,4.2,36.4991
-zgIolzsJxY,Will Lee III,4.25,37.0534
-zgIolzsJxY,Will Lee III,4.3,37.6081
-zgIolzsJxY,Will Lee III,4.35,38.1631
-zgIolzsJxY,Will Lee III,4.4,38.7184
-zgIolzsJxY,Will Lee III,4.45,39.2741
-zgIolzsJxY,Will Lee III,4.5,39.83
-zgIolzsJxY,Hezekiah Masses,0.0,0.0
-zgIolzsJxY,Hezekiah Masses,0.05,0.0135
-zgIolzsJxY,Hezekiah Masses,0.1,0.0531
-zgIolzsJxY,Hezekiah Masses,0.15,0.1177
-zgIolzsJxY,Hezekiah Masses,0.2,0.206
-zgIolzsJxY,Hezekiah Masses,0.25,0.3169
-zgIolzsJxY,Hezekiah Masses,0.3,0.4493
-zgIolzsJxY,Hezekiah Masses,0.35,0.6022
-zgIolzsJxY,Hezekiah Masses,0.4,0.7747
-zgIolzsJxY,Hezekiah Masses,0.45,0.9658
-zgIolzsJxY,Hezekiah Masses,0.5,1.1746
-zgIolzsJxY,Hezekiah Masses,0.55,1.4004
-zgIolzsJxY,Hezekiah Masses,0.6,1.6422
-zgIolzsJxY,Hezekiah Masses,0.65,1.8993
-zgIolzsJxY,Hezekiah Masses,0.7,2.1711
-zgIolzsJxY,Hezekiah Masses,0.75,2.4568
-zgIolzsJxY,Hezekiah Masses,0.8,2.7557
-zgIolzsJxY,Hezekiah Masses,0.85,3.0673
-zgIolzsJxY,Hezekiah Masses,0.9,3.3909
-zgIolzsJxY,Hezekiah Masses,0.95,3.7259
-zgIolzsJxY,Hezekiah Masses,1.0,4.0719
-zgIolzsJxY,Hezekiah Masses,1.05,4.4283
-zgIolzsJxY,Hezekiah Masses,1.1,4.7946
-zgIolzsJxY,Hezekiah Masses,1.15,5.1703
-zgIolzsJxY,Hezekiah Masses,1.2,5.5551
-zgIolzsJxY,Hezekiah Masses,1.25,5.9483
-zgIolzsJxY,Hezekiah Masses,1.3,6.3498
-zgIolzsJxY,Hezekiah Masses,1.35,6.759
-zgIolzsJxY,Hezekiah Masses,1.4,7.1757
-zgIolzsJxY,Hezekiah Masses,1.45,7.5994
-zgIolzsJxY,Hezekiah Masses,1.5,8.0298
-zgIolzsJxY,Hezekiah Masses,1.55,8.4666
-zgIolzsJxY,Hezekiah Masses,1.6,8.9095
-zgIolzsJxY,Hezekiah Masses,1.65,9.3582
-zgIolzsJxY,Hezekiah Masses,1.7,9.8125
-zgIolzsJxY,Hezekiah Masses,1.75,10.2721
-zgIolzsJxY,Hezekiah Masses,1.8,10.7366
-zgIolzsJxY,Hezekiah Masses,1.85,11.206
-zgIolzsJxY,Hezekiah Masses,1.9,11.6799
-zgIolzsJxY,Hezekiah Masses,1.95,12.1581
-zgIolzsJxY,Hezekiah Masses,2.0,12.6405
-zgIolzsJxY,Hezekiah Masses,2.05,13.1269
-zgIolzsJxY,Hezekiah Masses,2.1,13.617
-zgIolzsJxY,Hezekiah Masses,2.15,14.1106
-zgIolzsJxY,Hezekiah Masses,2.2,14.6077
-zgIolzsJxY,Hezekiah Masses,2.25,15.1081
-zgIolzsJxY,Hezekiah Masses,2.3,15.6115
-zgIolzsJxY,Hezekiah Masses,2.35,16.1178
-zgIolzsJxY,Hezekiah Masses,2.4,16.627
-zgIolzsJxY,Hezekiah Masses,2.45,17.1389
-zgIolzsJxY,Hezekiah Masses,2.5,17.6533
-zgIolzsJxY,Hezekiah Masses,2.55,18.1701
-zgIolzsJxY,Hezekiah Masses,2.6,18.6892
-zgIolzsJxY,Hezekiah Masses,2.65,19.2106
-zgIolzsJxY,Hezekiah Masses,2.7,19.734
-zgIolzsJxY,Hezekiah Masses,2.75,20.2594
-zgIolzsJxY,Hezekiah Masses,2.8,20.7868
-zgIolzsJxY,Hezekiah Masses,2.85,21.3159
-zgIolzsJxY,Hezekiah Masses,2.9,21.8468
-zgIolzsJxY,Hezekiah Masses,2.95,22.3794
-zgIolzsJxY,Hezekiah Masses,3.0,22.9135
-zgIolzsJxY,Hezekiah Masses,3.05,23.4491
-zgIolzsJxY,Hezekiah Masses,3.1,23.9861
-zgIolzsJxY,Hezekiah Masses,3.15,24.5244
-zgIolzsJxY,Hezekiah Masses,3.2,25.0641
-zgIolzsJxY,Hezekiah Masses,3.25,25.605
-zgIolzsJxY,Hezekiah Masses,3.3,26.1471
-zgIolzsJxY,Hezekiah Masses,3.35,26.6903
-zgIolzsJxY,Hezekiah Masses,3.4,27.2345
-zgIolzsJxY,Hezekiah Masses,3.45,27.7798
-zgIolzsJxY,Hezekiah Masses,3.5,28.326
-zgIolzsJxY,Hezekiah Masses,3.55,28.8731
-zgIolzsJxY,Hezekiah Masses,3.6,29.4212
-zgIolzsJxY,Hezekiah Masses,3.65,29.97
-zgIolzsJxY,Hezekiah Masses,3.7,30.5197
-zgIolzsJxY,Hezekiah Masses,3.75,31.0701
-zgIolzsJxY,Hezekiah Masses,3.8,31.6212
-zgIolzsJxY,Hezekiah Masses,3.85,32.1731
-zgIolzsJxY,Hezekiah Masses,3.9,32.7255
-zgIolzsJxY,Hezekiah Masses,3.95,33.2786
-zgIolzsJxY,Hezekiah Masses,4.0,33.8323
-zgIolzsJxY,Hezekiah Masses,4.05,34.3866
-zgIolzsJxY,Hezekiah Masses,4.1,34.9414
-zgIolzsJxY,Hezekiah Masses,4.15,35.4967
-zgIolzsJxY,Hezekiah Masses,4.2,36.0525
-zgIolzsJxY,Hezekiah Masses,4.25,36.6088
-zgIolzsJxY,Hezekiah Masses,4.3,37.1655
-zgIolzsJxY,Hezekiah Masses,4.35,37.7226
-zgIolzsJxY,Hezekiah Masses,4.4,38.2802
-zgIolzsJxY,Hezekiah Masses,4.45,38.8381
-zgIolzsJxY,Hezekiah Masses,4.5,39.3964
-zgIolzsJxY,Hezekiah Masses,4.55,39.955
-zgIolzsJxY,Latrell McCutchin,0.0,0.0
-zgIolzsJxY,Latrell McCutchin,0.05,0.013
-zgIolzsJxY,Latrell McCutchin,0.1,0.0513
-zgIolzsJxY,Latrell McCutchin,0.15,0.1139
-zgIolzsJxY,Latrell McCutchin,0.2,0.1995
-zgIolzsJxY,Latrell McCutchin,0.25,0.3074
-zgIolzsJxY,Latrell McCutchin,0.3,0.4365
-zgIolzsJxY,Latrell McCutchin,0.35,0.5859
-zgIolzsJxY,Latrell McCutchin,0.4,0.7547
-zgIolzsJxY,Latrell McCutchin,0.45,0.9421
-zgIolzsJxY,Latrell McCutchin,0.5,1.1473
-zgIolzsJxY,Latrell McCutchin,0.55,1.3696
-zgIolzsJxY,Latrell McCutchin,0.6,1.6081
-zgIolzsJxY,Latrell McCutchin,0.65,1.8623
-zgIolzsJxY,Latrell McCutchin,0.7,2.1314
-zgIolzsJxY,Latrell McCutchin,0.75,2.4148
-zgIolzsJxY,Latrell McCutchin,0.8,2.7118
-zgIolzsJxY,Latrell McCutchin,0.85,3.022
-zgIolzsJxY,Latrell McCutchin,0.9,3.3447
-zgIolzsJxY,Latrell McCutchin,0.95,3.6794
-zgIolzsJxY,Latrell McCutchin,1.0,4.0255
-zgIolzsJxY,Latrell McCutchin,1.05,4.3826
-zgIolzsJxY,Latrell McCutchin,1.1,4.7503
-zgIolzsJxY,Latrell McCutchin,1.15,5.128
-zgIolzsJxY,Latrell McCutchin,1.2,5.5153
-zgIolzsJxY,Latrell McCutchin,1.25,5.9119
-zgIolzsJxY,Latrell McCutchin,1.3,6.3172
-zgIolzsJxY,Latrell McCutchin,1.35,6.731
-zgIolzsJxY,Latrell McCutchin,1.4,7.1529
-zgIolzsJxY,Latrell McCutchin,1.45,7.5825
-zgIolzsJxY,Latrell McCutchin,1.5,8.0195
-zgIolzsJxY,Latrell McCutchin,1.55,8.4636
-zgIolzsJxY,Latrell McCutchin,1.6,8.9145
-zgIolzsJxY,Latrell McCutchin,1.65,9.3718
-zgIolzsJxY,Latrell McCutchin,1.7,9.8353
-zgIolzsJxY,Latrell McCutchin,1.75,10.3048
-zgIolzsJxY,Latrell McCutchin,1.8,10.78
-zgIolzsJxY,Latrell McCutchin,1.85,11.2606
-zgIolzsJxY,Latrell McCutchin,1.9,11.7464
-zgIolzsJxY,Latrell McCutchin,1.95,12.2372
-zgIolzsJxY,Latrell McCutchin,2.0,12.7328
-zgIolzsJxY,Latrell McCutchin,2.05,13.2329
-zgIolzsJxY,Latrell McCutchin,2.1,13.7374
-zgIolzsJxY,Latrell McCutchin,2.15,14.2461
-zgIolzsJxY,Latrell McCutchin,2.2,14.7588
-zgIolzsJxY,Latrell McCutchin,2.25,15.2753
-zgIolzsJxY,Latrell McCutchin,2.3,15.7955
-zgIolzsJxY,Latrell McCutchin,2.35,16.3192
-zgIolzsJxY,Latrell McCutchin,2.4,16.8462
-zgIolzsJxY,Latrell McCutchin,2.45,17.3764
-zgIolzsJxY,Latrell McCutchin,2.5,17.9098
-zgIolzsJxY,Latrell McCutchin,2.55,18.446
-zgIolzsJxY,Latrell McCutchin,2.6,18.9851
-zgIolzsJxY,Latrell McCutchin,2.65,19.5269
-zgIolzsJxY,Latrell McCutchin,2.7,20.0712
-zgIolzsJxY,Latrell McCutchin,2.75,20.618
-zgIolzsJxY,Latrell McCutchin,2.8,21.1672
-zgIolzsJxY,Latrell McCutchin,2.85,21.7187
-zgIolzsJxY,Latrell McCutchin,2.9,22.2723
-zgIolzsJxY,Latrell McCutchin,2.95,22.828
-zgIolzsJxY,Latrell McCutchin,3.0,23.3856
-zgIolzsJxY,Latrell McCutchin,3.05,23.9452
-zgIolzsJxY,Latrell McCutchin,3.1,24.5065
-zgIolzsJxY,Latrell McCutchin,3.15,25.0697
-zgIolzsJxY,Latrell McCutchin,3.2,25.6344
-zgIolzsJxY,Latrell McCutchin,3.25,26.2008
-zgIolzsJxY,Latrell McCutchin,3.3,26.7687
-zgIolzsJxY,Latrell McCutchin,3.35,27.338
-zgIolzsJxY,Latrell McCutchin,3.4,27.9087
-zgIolzsJxY,Latrell McCutchin,3.45,28.4808
-zgIolzsJxY,Latrell McCutchin,3.5,29.0542
-zgIolzsJxY,Latrell McCutchin,3.55,29.6287
-zgIolzsJxY,Latrell McCutchin,3.6,30.2045
-zgIolzsJxY,Latrell McCutchin,3.65,30.7813
-zgIolzsJxY,Latrell McCutchin,3.7,31.3593
-zgIolzsJxY,Latrell McCutchin,3.75,31.9382
-zgIolzsJxY,Latrell McCutchin,3.8,32.5182
-zgIolzsJxY,Latrell McCutchin,3.85,33.099
-zgIolzsJxY,Latrell McCutchin,3.9,33.6808
-zgIolzsJxY,Latrell McCutchin,3.95,34.2635
-zgIolzsJxY,Latrell McCutchin,4.0,34.8469
-zgIolzsJxY,Latrell McCutchin,4.05,35.4312
-zgIolzsJxY,Latrell McCutchin,4.1,36.0162
-zgIolzsJxY,Latrell McCutchin,4.15,36.6019
-zgIolzsJxY,Latrell McCutchin,4.2,37.1883
-zgIolzsJxY,Latrell McCutchin,4.25,37.7754
-zgIolzsJxY,Latrell McCutchin,4.3,38.3631
-zgIolzsJxY,Latrell McCutchin,4.35,38.9514
-zgIolzsJxY,Latrell McCutchin,4.4,39.5403
-zgIolzsJxY,Devin Moore,0.0,0.0
-zgIolzsJxY,Devin Moore,0.05,0.0145
-zgIolzsJxY,Devin Moore,0.1,0.0571
-zgIolzsJxY,Devin Moore,0.15,0.1263
-zgIolzsJxY,Devin Moore,0.2,0.2206
-zgIolzsJxY,Devin Moore,0.25,0.3387
-zgIolzsJxY,Devin Moore,0.3,0.4795
-zgIolzsJxY,Devin Moore,0.35,0.6417
-zgIolzsJxY,Devin Moore,0.4,0.8241
-zgIolzsJxY,Devin Moore,0.45,1.0257
-zgIolzsJxY,Devin Moore,0.5,1.2456
-zgIolzsJxY,Devin Moore,0.55,1.4827
-zgIolzsJxY,Devin Moore,0.6,1.7361
-zgIolzsJxY,Devin Moore,0.65,2.005
-zgIolzsJxY,Devin Moore,0.7,2.2886
-zgIolzsJxY,Devin Moore,0.75,2.5861
-zgIolzsJxY,Devin Moore,0.8,2.8967
-zgIolzsJxY,Devin Moore,0.85,3.2198
-zgIolzsJxY,Devin Moore,0.9,3.5547
-zgIolzsJxY,Devin Moore,0.95,3.9008
-zgIolzsJxY,Devin Moore,1.0,4.2575
-zgIolzsJxY,Devin Moore,1.05,4.6243
-zgIolzsJxY,Devin Moore,1.1,5.0006
-zgIolzsJxY,Devin Moore,1.15,5.3858
-zgIolzsJxY,Devin Moore,1.2,5.7797
-zgIolzsJxY,Devin Moore,1.25,6.1816
-zgIolzsJxY,Devin Moore,1.3,6.5912
-zgIolzsJxY,Devin Moore,1.35,7.0081
-zgIolzsJxY,Devin Moore,1.4,7.4318
-zgIolzsJxY,Devin Moore,1.45,7.8621
-zgIolzsJxY,Devin Moore,1.5,8.2985
-zgIolzsJxY,Devin Moore,1.55,8.7408
-zgIolzsJxY,Devin Moore,1.6,9.1886
-zgIolzsJxY,Devin Moore,1.65,9.6417
-zgIolzsJxY,Devin Moore,1.7,10.0998
-zgIolzsJxY,Devin Moore,1.75,10.5625
-zgIolzsJxY,Devin Moore,1.8,11.0298
-zgIolzsJxY,Devin Moore,1.85,11.5013
-zgIolzsJxY,Devin Moore,1.9,11.9767
-zgIolzsJxY,Devin Moore,1.95,12.456
-zgIolzsJxY,Devin Moore,2.0,12.9389
-zgIolzsJxY,Devin Moore,2.05,13.4252
-zgIolzsJxY,Devin Moore,2.1,13.9147
-zgIolzsJxY,Devin Moore,2.15,14.4073
-zgIolzsJxY,Devin Moore,2.2,14.9028
-zgIolzsJxY,Devin Moore,2.25,15.401
-zgIolzsJxY,Devin Moore,2.3,15.9019
-zgIolzsJxY,Devin Moore,2.35,16.4052
-zgIolzsJxY,Devin Moore,2.4,16.9108
-zgIolzsJxY,Devin Moore,2.45,17.4186
-zgIolzsJxY,Devin Moore,2.5,17.9286
-zgIolzsJxY,Devin Moore,2.55,18.4405
-zgIolzsJxY,Devin Moore,2.6,18.9543
-zgIolzsJxY,Devin Moore,2.65,19.4699
-zgIolzsJxY,Devin Moore,2.7,19.9872
-zgIolzsJxY,Devin Moore,2.75,20.5061
-zgIolzsJxY,Devin Moore,2.8,21.0265
-zgIolzsJxY,Devin Moore,2.85,21.5483
-zgIolzsJxY,Devin Moore,2.9,22.0715
-zgIolzsJxY,Devin Moore,2.95,22.596
-zgIolzsJxY,Devin Moore,3.0,23.1217
-zgIolzsJxY,Devin Moore,3.05,23.6485
-zgIolzsJxY,Devin Moore,3.1,24.1765
-zgIolzsJxY,Devin Moore,3.15,24.7055
-zgIolzsJxY,Devin Moore,3.2,25.2355
-zgIolzsJxY,Devin Moore,3.25,25.7664
-zgIolzsJxY,Devin Moore,3.3,26.2982
-zgIolzsJxY,Devin Moore,3.35,26.8308
-zgIolzsJxY,Devin Moore,3.4,27.3643
-zgIolzsJxY,Devin Moore,3.45,27.8984
-zgIolzsJxY,Devin Moore,3.5,28.4333
-zgIolzsJxY,Devin Moore,3.55,28.9689
-zgIolzsJxY,Devin Moore,3.6,29.5051
-zgIolzsJxY,Devin Moore,3.65,30.0419
-zgIolzsJxY,Devin Moore,3.7,30.5793
-zgIolzsJxY,Devin Moore,3.75,31.1172
-zgIolzsJxY,Devin Moore,3.8,31.6556
-zgIolzsJxY,Devin Moore,3.85,32.1946
-zgIolzsJxY,Devin Moore,3.9,32.7339
-zgIolzsJxY,Devin Moore,3.95,33.2738
-zgIolzsJxY,Devin Moore,4.0,33.814
-zgIolzsJxY,Devin Moore,4.05,34.3546
-zgIolzsJxY,Devin Moore,4.1,34.8956
-zgIolzsJxY,Devin Moore,4.15,35.437
-zgIolzsJxY,Devin Moore,4.2,35.9787
-zgIolzsJxY,Devin Moore,4.25,36.5207
-zgIolzsJxY,Devin Moore,4.3,37.063
-zgIolzsJxY,Devin Moore,4.35,37.6056
-zgIolzsJxY,Devin Moore,4.4,38.1484
-zgIolzsJxY,Devin Moore,4.45,38.6916
-zgIolzsJxY,Devin Moore,4.5,39.2349
-zgIolzsJxY,Devin Moore,4.55,39.7785
-zgIolzsJxY,Toriano Pride,0.0,0.0
-zgIolzsJxY,Toriano Pride,0.05,0.0149
-zgIolzsJxY,Toriano Pride,0.1,0.0584
-zgIolzsJxY,Toriano Pride,0.15,0.1293
-zgIolzsJxY,Toriano Pride,0.2,0.226
-zgIolzsJxY,Toriano Pride,0.25,0.3474
-zgIolzsJxY,Toriano Pride,0.3,0.4921
-zgIolzsJxY,Toriano Pride,0.35,0.6591
-zgIolzsJxY,Toriano Pride,0.4,0.8471
-zgIolzsJxY,Toriano Pride,0.45,1.0552
-zgIolzsJxY,Toriano Pride,0.5,1.2824
-zgIolzsJxY,Toriano Pride,0.55,1.5276
-zgIolzsJxY,Toriano Pride,0.6,1.7901
-zgIolzsJxY,Toriano Pride,0.65,2.0688
-zgIolzsJxY,Toriano Pride,0.7,2.3631
-zgIolzsJxY,Toriano Pride,0.75,2.6721
-zgIolzsJxY,Toriano Pride,0.8,2.9951
-zgIolzsJxY,Toriano Pride,0.85,3.3314
-zgIolzsJxY,Toriano Pride,0.9,3.6803
-zgIolzsJxY,Toriano Pride,0.95,4.0412
-zgIolzsJxY,Toriano Pride,1.0,4.4136
-zgIolzsJxY,Toriano Pride,1.05,4.7967
-zgIolzsJxY,Toriano Pride,1.1,5.1902
-zgIolzsJxY,Toriano Pride,1.15,5.5934
-zgIolzsJxY,Toriano Pride,1.2,6.0059
-zgIolzsJxY,Toriano Pride,1.25,6.4272
-zgIolzsJxY,Toriano Pride,1.3,6.8569
-zgIolzsJxY,Toriano Pride,1.35,7.2946
-zgIolzsJxY,Toriano Pride,1.4,7.7398
-zgIolzsJxY,Toriano Pride,1.45,8.1922
-zgIolzsJxY,Toriano Pride,1.5,8.6514
-zgIolzsJxY,Toriano Pride,1.55,9.1172
-zgIolzsJxY,Toriano Pride,1.6,9.589
-zgIolzsJxY,Toriano Pride,1.65,10.0667
-zgIolzsJxY,Toriano Pride,1.7,10.55
-zgIolzsJxY,Toriano Pride,1.75,11.0386
-zgIolzsJxY,Toriano Pride,1.8,11.5322
-zgIolzsJxY,Toriano Pride,1.85,12.0305
-zgIolzsJxY,Toriano Pride,1.9,12.5334
-zgIolzsJxY,Toriano Pride,1.95,13.0405
-zgIolzsJxY,Toriano Pride,2.0,13.5518
-zgIolzsJxY,Toriano Pride,2.05,14.0669
-zgIolzsJxY,Toriano Pride,2.1,14.5857
-zgIolzsJxY,Toriano Pride,2.15,15.108
-zgIolzsJxY,Toriano Pride,2.2,15.6337
-zgIolzsJxY,Toriano Pride,2.25,16.1625
-zgIolzsJxY,Toriano Pride,2.3,16.6943
-zgIolzsJxY,Toriano Pride,2.35,17.229
-zgIolzsJxY,Toriano Pride,2.4,17.7663
-zgIolzsJxY,Toriano Pride,2.45,18.3063
-zgIolzsJxY,Toriano Pride,2.5,18.8487
-zgIolzsJxY,Toriano Pride,2.55,19.3934
-zgIolzsJxY,Toriano Pride,2.6,19.9403
-zgIolzsJxY,Toriano Pride,2.65,20.4893
-zgIolzsJxY,Toriano Pride,2.7,21.0403
-zgIolzsJxY,Toriano Pride,2.75,21.5932
-zgIolzsJxY,Toriano Pride,2.8,22.1479
-zgIolzsJxY,Toriano Pride,2.85,22.7043
-zgIolzsJxY,Toriano Pride,2.9,23.2623
-zgIolzsJxY,Toriano Pride,2.95,23.8219
-zgIolzsJxY,Toriano Pride,3.0,24.3829
-zgIolzsJxY,Toriano Pride,3.05,24.9454
-zgIolzsJxY,Toriano Pride,3.1,25.5091
-zgIolzsJxY,Toriano Pride,3.15,26.0741
-zgIolzsJxY,Toriano Pride,3.2,26.6403
-zgIolzsJxY,Toriano Pride,3.25,27.2076
-zgIolzsJxY,Toriano Pride,3.3,27.776
-zgIolzsJxY,Toriano Pride,3.35,28.3454
-zgIolzsJxY,Toriano Pride,3.4,28.9158
-zgIolzsJxY,Toriano Pride,3.45,29.4871
-zgIolzsJxY,Toriano Pride,3.5,30.0593
-zgIolzsJxY,Toriano Pride,3.55,30.6323
-zgIolzsJxY,Toriano Pride,3.6,31.2061
-zgIolzsJxY,Toriano Pride,3.65,31.7807
-zgIolzsJxY,Toriano Pride,3.7,32.356
-zgIolzsJxY,Toriano Pride,3.75,32.9319
-zgIolzsJxY,Toriano Pride,3.8,33.5085
-zgIolzsJxY,Toriano Pride,3.85,34.0857
-zgIolzsJxY,Toriano Pride,3.9,34.6635
-zgIolzsJxY,Toriano Pride,3.95,35.2419
-zgIolzsJxY,Toriano Pride,4.0,35.8207
-zgIolzsJxY,Toriano Pride,4.05,36.4001
-zgIolzsJxY,Toriano Pride,4.1,36.9799
-zgIolzsJxY,Toriano Pride,4.15,37.5602
-zgIolzsJxY,Toriano Pride,4.2,38.1409
-zgIolzsJxY,Toriano Pride,4.25,38.7221
-zgIolzsJxY,Toriano Pride,4.3,39.3036
-zgIolzsJxY,Toriano Pride,4.35,39.8854
-zgIolzsJxY,Ephesians Prysock,0.0,0.0
-zgIolzsJxY,Ephesians Prysock,0.05,0.012
-zgIolzsJxY,Ephesians Prysock,0.1,0.0474
-zgIolzsJxY,Ephesians Prysock,0.15,0.1052
-zgIolzsJxY,Ephesians Prysock,0.2,0.1847
-zgIolzsJxY,Ephesians Prysock,0.25,0.2849
-zgIolzsJxY,Ephesians Prysock,0.3,0.4051
-zgIolzsJxY,Ephesians Prysock,0.35,0.5446
-zgIolzsJxY,Ephesians Prysock,0.4,0.7025
-zgIolzsJxY,Ephesians Prysock,0.45,0.8783
-zgIolzsJxY,Ephesians Prysock,0.5,1.0711
-zgIolzsJxY,Ephesians Prysock,0.55,1.2804
-zgIolzsJxY,Ephesians Prysock,0.6,1.5055
-zgIolzsJxY,Ephesians Prysock,0.65,1.7458
-zgIolzsJxY,Ephesians Prysock,0.7,2.0007
-zgIolzsJxY,Ephesians Prysock,0.75,2.2697
-zgIolzsJxY,Ephesians Prysock,0.8,2.5522
-zgIolzsJxY,Ephesians Prysock,0.85,2.8478
-zgIolzsJxY,Ephesians Prysock,0.9,3.1558
-zgIolzsJxY,Ephesians Prysock,0.95,3.4759
-zgIolzsJxY,Ephesians Prysock,1.0,3.8075
-zgIolzsJxY,Ephesians Prysock,1.05,4.1503
-zgIolzsJxY,Ephesians Prysock,1.1,4.5038
-zgIolzsJxY,Ephesians Prysock,1.15,4.8675
-zgIolzsJxY,Ephesians Prysock,1.2,5.2412
-zgIolzsJxY,Ephesians Prysock,1.25,5.6244
-zgIolzsJxY,Ephesians Prysock,1.3,6.0167
-zgIolzsJxY,Ephesians Prysock,1.35,6.4178
-zgIolzsJxY,Ephesians Prysock,1.4,6.8274
-zgIolzsJxY,Ephesians Prysock,1.45,7.2452
-zgIolzsJxY,Ephesians Prysock,1.5,7.6707
-zgIolzsJxY,Ephesians Prysock,1.55,8.1039
-zgIolzsJxY,Ephesians Prysock,1.6,8.5442
-zgIolzsJxY,Ephesians Prysock,1.65,8.9915
-zgIolzsJxY,Ephesians Prysock,1.7,9.4455
-zgIolzsJxY,Ephesians Prysock,1.75,9.906
-zgIolzsJxY,Ephesians Prysock,1.8,10.3726
-zgIolzsJxY,Ephesians Prysock,1.85,10.8452
-zgIolzsJxY,Ephesians Prysock,1.9,11.3235
-zgIolzsJxY,Ephesians Prysock,1.95,11.8074
-zgIolzsJxY,Ephesians Prysock,2.0,12.2965
-zgIolzsJxY,Ephesians Prysock,2.05,12.7907
-zgIolzsJxY,Ephesians Prysock,2.1,13.2898
-zgIolzsJxY,Ephesians Prysock,2.15,13.7937
-zgIolzsJxY,Ephesians Prysock,2.2,14.3021
-zgIolzsJxY,Ephesians Prysock,2.25,14.8148
-zgIolzsJxY,Ephesians Prysock,2.3,15.3317
-zgIolzsJxY,Ephesians Prysock,2.35,15.8527
-zgIolzsJxY,Ephesians Prysock,2.4,16.3775
-zgIolzsJxY,Ephesians Prysock,2.45,16.906
-zgIolzsJxY,Ephesians Prysock,2.5,17.4382
-zgIolzsJxY,Ephesians Prysock,2.55,17.9738
-zgIolzsJxY,Ephesians Prysock,2.6,18.5127
-zgIolzsJxY,Ephesians Prysock,2.65,19.0548
-zgIolzsJxY,Ephesians Prysock,2.7,19.5999
-zgIolzsJxY,Ephesians Prysock,2.75,20.148
-zgIolzsJxY,Ephesians Prysock,2.8,20.699
-zgIolzsJxY,Ephesians Prysock,2.85,21.2527
-zgIolzsJxY,Ephesians Prysock,2.9,21.8089
-zgIolzsJxY,Ephesians Prysock,2.95,22.3678
-zgIolzsJxY,Ephesians Prysock,3.0,22.929
-zgIolzsJxY,Ephesians Prysock,3.05,23.4926
-zgIolzsJxY,Ephesians Prysock,3.1,24.0584
-zgIolzsJxY,Ephesians Prysock,3.15,24.6264
-zgIolzsJxY,Ephesians Prysock,3.2,25.1964
-zgIolzsJxY,Ephesians Prysock,3.25,25.7685
-zgIolzsJxY,Ephesians Prysock,3.3,26.3424
-zgIolzsJxY,Ephesians Prysock,3.35,26.9183
-zgIolzsJxY,Ephesians Prysock,3.4,27.4958
-zgIolzsJxY,Ephesians Prysock,3.45,28.0751
-zgIolzsJxY,Ephesians Prysock,3.5,28.6561
-zgIolzsJxY,Ephesians Prysock,3.55,29.2386
-zgIolzsJxY,Ephesians Prysock,3.6,29.8226
-zgIolzsJxY,Ephesians Prysock,3.65,30.4081
-zgIolzsJxY,Ephesians Prysock,3.7,30.995
-zgIolzsJxY,Ephesians Prysock,3.75,31.5833
-zgIolzsJxY,Ephesians Prysock,3.8,32.1728
-zgIolzsJxY,Ephesians Prysock,3.85,32.7636
-zgIolzsJxY,Ephesians Prysock,3.9,33.3556
-zgIolzsJxY,Ephesians Prysock,3.95,33.9487
-zgIolzsJxY,Ephesians Prysock,4.0,34.543
-zgIolzsJxY,Ephesians Prysock,4.05,35.1383
-zgIolzsJxY,Ephesians Prysock,4.1,35.7347
-zgIolzsJxY,Ephesians Prysock,4.15,36.332
-zgIolzsJxY,Ephesians Prysock,4.2,36.9303
-zgIolzsJxY,Ephesians Prysock,4.25,37.5295
-zgIolzsJxY,Ephesians Prysock,4.3,38.1296
-zgIolzsJxY,Ephesians Prysock,4.35,38.7306
-zgIolzsJxY,Ephesians Prysock,4.4,39.3323
-zgIolzsJxY,Ephesians Prysock,4.45,39.9348
-zgIolzsJxY,Chandler Rivers,0.0,0.0
-zgIolzsJxY,Chandler Rivers,0.05,0.0159
-zgIolzsJxY,Chandler Rivers,0.1,0.0624
-zgIolzsJxY,Chandler Rivers,0.15,0.1378
-zgIolzsJxY,Chandler Rivers,0.2,0.2405
-zgIolzsJxY,Chandler Rivers,0.25,0.3689
-zgIolzsJxY,Chandler Rivers,0.3,0.5216
-zgIolzsJxY,Chandler Rivers,0.35,0.6972
-zgIolzsJxY,Chandler Rivers,0.4,0.8946
-zgIolzsJxY,Chandler Rivers,0.45,1.1123
-zgIolzsJxY,Chandler Rivers,0.5,1.3494
-zgIolzsJxY,Chandler Rivers,0.55,1.6046
-zgIolzsJxY,Chandler Rivers,0.6,1.8771
-zgIolzsJxY,Chandler Rivers,0.65,2.1658
-zgIolzsJxY,Chandler Rivers,0.7,2.4698
-zgIolzsJxY,Chandler Rivers,0.75,2.7883
-zgIolzsJxY,Chandler Rivers,0.8,3.1205
-zgIolzsJxY,Chandler Rivers,0.85,3.4655
-zgIolzsJxY,Chandler Rivers,0.9,3.8227
-zgIolzsJxY,Chandler Rivers,0.95,4.1914
-zgIolzsJxY,Chandler Rivers,1.0,4.5709
-zgIolzsJxY,Chandler Rivers,1.05,4.9607
-zgIolzsJxY,Chandler Rivers,1.1,5.3601
-zgIolzsJxY,Chandler Rivers,1.15,5.7687
-zgIolzsJxY,Chandler Rivers,1.2,6.1859
-zgIolzsJxY,Chandler Rivers,1.25,6.6112
-zgIolzsJxY,Chandler Rivers,1.3,7.0441
-zgIolzsJxY,Chandler Rivers,1.35,7.4844
-zgIolzsJxY,Chandler Rivers,1.4,7.9314
-zgIolzsJxY,Chandler Rivers,1.45,8.3849
-zgIolzsJxY,Chandler Rivers,1.5,8.8445
-zgIolzsJxY,Chandler Rivers,1.55,9.3098
-zgIolzsJxY,Chandler Rivers,1.6,9.7806
-zgIolzsJxY,Chandler Rivers,1.65,10.2565
-zgIolzsJxY,Chandler Rivers,1.7,10.7373
-zgIolzsJxY,Chandler Rivers,1.75,11.2226
-zgIolzsJxY,Chandler Rivers,1.8,11.7122
-zgIolzsJxY,Chandler Rivers,1.85,12.2059
-zgIolzsJxY,Chandler Rivers,1.9,12.7034
-zgIolzsJxY,Chandler Rivers,1.95,13.2046
-zgIolzsJxY,Chandler Rivers,2.0,13.7092
-zgIolzsJxY,Chandler Rivers,2.05,14.217
-zgIolzsJxY,Chandler Rivers,2.1,14.7278
-zgIolzsJxY,Chandler Rivers,2.15,15.2416
-zgIolzsJxY,Chandler Rivers,2.2,15.7581
-zgIolzsJxY,Chandler Rivers,2.25,16.2771
-zgIolzsJxY,Chandler Rivers,2.3,16.7985
-zgIolzsJxY,Chandler Rivers,2.35,17.3223
-zgIolzsJxY,Chandler Rivers,2.4,17.8482
-zgIolzsJxY,Chandler Rivers,2.45,18.3761
-zgIolzsJxY,Chandler Rivers,2.5,18.906
-zgIolzsJxY,Chandler Rivers,2.55,19.4377
-zgIolzsJxY,Chandler Rivers,2.6,19.971
-zgIolzsJxY,Chandler Rivers,2.65,20.5061
-zgIolzsJxY,Chandler Rivers,2.7,21.0426
-zgIolzsJxY,Chandler Rivers,2.75,21.5806
-zgIolzsJxY,Chandler Rivers,2.8,22.1199
-zgIolzsJxY,Chandler Rivers,2.85,22.6605
-zgIolzsJxY,Chandler Rivers,2.9,23.2024
-zgIolzsJxY,Chandler Rivers,2.95,23.7453
-zgIolzsJxY,Chandler Rivers,3.0,24.2894
-zgIolzsJxY,Chandler Rivers,3.05,24.8345
-zgIolzsJxY,Chandler Rivers,3.1,25.3805
-zgIolzsJxY,Chandler Rivers,3.15,25.9275
-zgIolzsJxY,Chandler Rivers,3.2,26.4753
-zgIolzsJxY,Chandler Rivers,3.25,27.0239
-zgIolzsJxY,Chandler Rivers,3.3,27.5733
-zgIolzsJxY,Chandler Rivers,3.35,28.1234
-zgIolzsJxY,Chandler Rivers,3.4,28.6742
-zgIolzsJxY,Chandler Rivers,3.45,29.2257
-zgIolzsJxY,Chandler Rivers,3.5,29.7777
-zgIolzsJxY,Chandler Rivers,3.55,30.3303
-zgIolzsJxY,Chandler Rivers,3.6,30.8835
-zgIolzsJxY,Chandler Rivers,3.65,31.4372
-zgIolzsJxY,Chandler Rivers,3.7,31.9913
-zgIolzsJxY,Chandler Rivers,3.75,32.5459
-zgIolzsJxY,Chandler Rivers,3.8,33.101
-zgIolzsJxY,Chandler Rivers,3.85,33.6564
-zgIolzsJxY,Chandler Rivers,3.9,34.2122
-zgIolzsJxY,Chandler Rivers,3.95,34.7684
-zgIolzsJxY,Chandler Rivers,4.0,35.3249
-zgIolzsJxY,Chandler Rivers,4.05,35.8818
-zgIolzsJxY,Chandler Rivers,4.1,36.4389
-zgIolzsJxY,Chandler Rivers,4.15,36.9964
-zgIolzsJxY,Chandler Rivers,4.2,37.5541
-zgIolzsJxY,Chandler Rivers,4.25,38.1121
-zgIolzsJxY,Chandler Rivers,4.3,38.6703
-zgIolzsJxY,Chandler Rivers,4.35,39.2287
-zgIolzsJxY,Chandler Rivers,4.4,39.7874
-zgIolzsJxY,Avery Smith,0.0,0.0
-zgIolzsJxY,Avery Smith,0.05,0.0151
-zgIolzsJxY,Avery Smith,0.1,0.0593
-zgIolzsJxY,Avery Smith,0.15,0.1311
-zgIolzsJxY,Avery Smith,0.2,0.2289
-zgIolzsJxY,Avery Smith,0.25,0.3512
-zgIolzsJxY,Avery Smith,0.3,0.4968
-zgIolzsJxY,Avery Smith,0.35,0.6644
-zgIolzsJxY,Avery Smith,0.4,0.8528
-zgIolzsJxY,Avery Smith,0.45,1.0608
-zgIolzsJxY,Avery Smith,0.5,1.2873
-zgIolzsJxY,Avery Smith,0.55,1.5314
-zgIolzsJxY,Avery Smith,0.6,1.7921
-zgIolzsJxY,Avery Smith,0.65,2.0685
-zgIolzsJxY,Avery Smith,0.7,2.3597
-zgIolzsJxY,Avery Smith,0.75,2.6649
-zgIolzsJxY,Avery Smith,0.8,2.9834
-zgIolzsJxY,Avery Smith,0.85,3.3143
-zgIolzsJxY,Avery Smith,0.9,3.6572
-zgIolzsJxY,Avery Smith,0.95,4.0112
-zgIolzsJxY,Avery Smith,1.0,4.3757
-zgIolzsJxY,Avery Smith,1.05,4.7503
-zgIolzsJxY,Avery Smith,1.1,5.1344
-zgIolzsJxY,Avery Smith,1.15,5.5273
-zgIolzsJxY,Avery Smith,1.2,5.9287
-zgIolzsJxY,Avery Smith,1.25,6.3381
-zgIolzsJxY,Avery Smith,1.3,6.7551
-zgIolzsJxY,Avery Smith,1.35,7.1791
-zgIolzsJxY,Avery Smith,1.4,7.61
-zgIolzsJxY,Avery Smith,1.45,8.0471
-zgIolzsJxY,Avery Smith,1.5,8.4904
-zgIolzsJxY,Avery Smith,1.55,8.9393
-zgIolzsJxY,Avery Smith,1.6,9.3936
-zgIolzsJxY,Avery Smith,1.65,9.853
-zgIolzsJxY,Avery Smith,1.7,10.3172
-zgIolzsJxY,Avery Smith,1.75,10.7859
-zgIolzsJxY,Avery Smith,1.8,11.259
-zgIolzsJxY,Avery Smith,1.85,11.7361
-zgIolzsJxY,Avery Smith,1.9,12.217
-zgIolzsJxY,Avery Smith,1.95,12.7016
-zgIolzsJxY,Avery Smith,2.0,13.1897
-zgIolzsJxY,Avery Smith,2.05,13.6809
-zgIolzsJxY,Avery Smith,2.1,14.1753
-zgIolzsJxY,Avery Smith,2.15,14.6725
-zgIolzsJxY,Avery Smith,2.2,15.1725
-zgIolzsJxY,Avery Smith,2.25,15.675
-zgIolzsJxY,Avery Smith,2.3,16.1801
-zgIolzsJxY,Avery Smith,2.35,16.6874
-zgIolzsJxY,Avery Smith,2.4,17.1969
-zgIolzsJxY,Avery Smith,2.45,17.7085
-zgIolzsJxY,Avery Smith,2.5,18.2221
-zgIolzsJxY,Avery Smith,2.55,18.7375
-zgIolzsJxY,Avery Smith,2.6,19.2546
-zgIolzsJxY,Avery Smith,2.65,19.7734
-zgIolzsJxY,Avery Smith,2.7,20.2938
-zgIolzsJxY,Avery Smith,2.75,20.8156
-zgIolzsJxY,Avery Smith,2.8,21.3388
-zgIolzsJxY,Avery Smith,2.85,21.8634
-zgIolzsJxY,Avery Smith,2.9,22.3892
-zgIolzsJxY,Avery Smith,2.95,22.9162
-zgIolzsJxY,Avery Smith,3.0,23.4443
-zgIolzsJxY,Avery Smith,3.05,23.9734
-zgIolzsJxY,Avery Smith,3.1,24.5036
-zgIolzsJxY,Avery Smith,3.15,25.0346
-zgIolzsJxY,Avery Smith,3.2,25.5666
-zgIolzsJxY,Avery Smith,3.25,26.0994
-zgIolzsJxY,Avery Smith,3.3,26.633
-zgIolzsJxY,Avery Smith,3.35,27.1674
-zgIolzsJxY,Avery Smith,3.4,27.7025
-zgIolzsJxY,Avery Smith,3.45,28.2382
-zgIolzsJxY,Avery Smith,3.5,28.7746
-zgIolzsJxY,Avery Smith,3.55,29.3116
-zgIolzsJxY,Avery Smith,3.6,29.8491
-zgIolzsJxY,Avery Smith,3.65,30.3872
-zgIolzsJxY,Avery Smith,3.7,30.9258
-zgIolzsJxY,Avery Smith,3.75,31.4649
-zgIolzsJxY,Avery Smith,3.8,32.0044
-zgIolzsJxY,Avery Smith,3.85,32.5443
-zgIolzsJxY,Avery Smith,3.9,33.0847
-zgIolzsJxY,Avery Smith,3.95,33.6254
-zgIolzsJxY,Avery Smith,4.0,34.1665
-zgIolzsJxY,Avery Smith,4.05,34.708
-zgIolzsJxY,Avery Smith,4.1,35.2498
-zgIolzsJxY,Avery Smith,4.15,35.7918
-zgIolzsJxY,Avery Smith,4.2,36.3342
-zgIolzsJxY,Avery Smith,4.25,36.8768
-zgIolzsJxY,Avery Smith,4.3,37.4197
-zgIolzsJxY,Avery Smith,4.35,37.9628
-zgIolzsJxY,Avery Smith,4.4,38.5062
-zgIolzsJxY,Avery Smith,4.45,39.0498
-zgIolzsJxY,Avery Smith,4.5,39.5936
-zgIolzsJxY,Andre Fuller,0.0,0.0
-zgIolzsJxY,Andre Fuller,0.05,0.015
-zgIolzsJxY,Andre Fuller,0.1,0.0591
-zgIolzsJxY,Andre Fuller,0.15,0.1305
-zgIolzsJxY,Andre Fuller,0.2,0.2279
-zgIolzsJxY,Andre Fuller,0.25,0.3497
-zgIolzsJxY,Andre Fuller,0.3,0.4948
-zgIolzsJxY,Andre Fuller,0.35,0.6617
-zgIolzsJxY,Andre Fuller,0.4,0.8493
-zgIolzsJxY,Andre Fuller,0.45,1.0565
-zgIolzsJxY,Andre Fuller,0.5,1.2822
-zgIolzsJxY,Andre Fuller,0.55,1.5254
-zgIolzsJxY,Andre Fuller,0.6,1.7851
-zgIolzsJxY,Andre Fuller,0.65,2.0605
-zgIolzsJxY,Andre Fuller,0.7,2.3506
-zgIolzsJxY,Andre Fuller,0.75,2.6548
-zgIolzsJxY,Andre Fuller,0.8,2.9721
-zgIolzsJxY,Andre Fuller,0.85,3.302
-zgIolzsJxY,Andre Fuller,0.9,3.6436
-zgIolzsJxY,Andre Fuller,0.95,3.9964
-zgIolzsJxY,Andre Fuller,1.0,4.3598
-zgIolzsJxY,Andre Fuller,1.05,4.7332
-zgIolzsJxY,Andre Fuller,1.1,5.116
-zgIolzsJxY,Andre Fuller,1.15,5.5077
-zgIolzsJxY,Andre Fuller,1.2,5.9079
-zgIolzsJxY,Andre Fuller,1.25,6.316
-zgIolzsJxY,Andre Fuller,1.3,6.7317
-zgIolzsJxY,Andre Fuller,1.35,7.1545
-zgIolzsJxY,Andre Fuller,1.4,7.584
-zgIolzsJxY,Andre Fuller,1.45,8.02
-zgIolzsJxY,Andre Fuller,1.5,8.4619
-zgIolzsJxY,Andre Fuller,1.55,8.9095
-zgIolzsJxY,Andre Fuller,1.6,9.3626
-zgIolzsJxY,Andre Fuller,1.65,9.8207
-zgIolzsJxY,Andre Fuller,1.7,10.2836
-zgIolzsJxY,Andre Fuller,1.75,10.7511
-zgIolzsJxY,Andre Fuller,1.8,11.2229
-zgIolzsJxY,Andre Fuller,1.85,11.6987
-zgIolzsJxY,Andre Fuller,1.9,12.1784
-zgIolzsJxY,Andre Fuller,1.95,12.6617
-zgIolzsJxY,Andre Fuller,2.0,13.1485
-zgIolzsJxY,Andre Fuller,2.05,13.6385
-zgIolzsJxY,Andre Fuller,2.1,14.1316
-zgIolzsJxY,Andre Fuller,2.15,14.6276
-zgIolzsJxY,Andre Fuller,2.2,15.1263
-zgIolzsJxY,Andre Fuller,2.25,15.6276
-zgIolzsJxY,Andre Fuller,2.3,16.1314
-zgIolzsJxY,Andre Fuller,2.35,16.6375
-zgIolzsJxY,Andre Fuller,2.4,17.1458
-zgIolzsJxY,Andre Fuller,2.45,17.6562
-zgIolzsJxY,Andre Fuller,2.5,18.1686
-zgIolzsJxY,Andre Fuller,2.55,18.6828
-zgIolzsJxY,Andre Fuller,2.6,19.1987
-zgIolzsJxY,Andre Fuller,2.65,19.7163
-zgIolzsJxY,Andre Fuller,2.7,20.2355
-zgIolzsJxY,Andre Fuller,2.75,20.7561
-zgIolzsJxY,Andre Fuller,2.8,21.2782
-zgIolzsJxY,Andre Fuller,2.85,21.8015
-zgIolzsJxY,Andre Fuller,2.9,22.3262
-zgIolzsJxY,Andre Fuller,2.95,22.852
-zgIolzsJxY,Andre Fuller,3.0,23.3789
-zgIolzsJxY,Andre Fuller,3.05,23.9069
-zgIolzsJxY,Andre Fuller,3.1,24.4359
-zgIolzsJxY,Andre Fuller,3.15,24.9658
-zgIolzsJxY,Andre Fuller,3.2,25.4967
-zgIolzsJxY,Andre Fuller,3.25,26.0283
-zgIolzsJxY,Andre Fuller,3.3,26.5608
-zgIolzsJxY,Andre Fuller,3.35,27.094
-zgIolzsJxY,Andre Fuller,3.4,27.628
-zgIolzsJxY,Andre Fuller,3.45,28.1626
-zgIolzsJxY,Andre Fuller,3.5,28.6978
-zgIolzsJxY,Andre Fuller,3.55,29.2337
-zgIolzsJxY,Andre Fuller,3.6,29.7701
-zgIolzsJxY,Andre Fuller,3.65,30.3071
-zgIolzsJxY,Andre Fuller,3.7,30.8446
-zgIolzsJxY,Andre Fuller,3.75,31.3825
-zgIolzsJxY,Andre Fuller,3.8,31.921
-zgIolzsJxY,Andre Fuller,3.85,32.4598
-zgIolzsJxY,Andre Fuller,3.9,32.9991
-zgIolzsJxY,Andre Fuller,3.95,33.5387
-zgIolzsJxY,Andre Fuller,4.0,34.0787
-zgIolzsJxY,Andre Fuller,4.05,34.6191
-zgIolzsJxY,Andre Fuller,4.1,35.1597
-zgIolzsJxY,Andre Fuller,4.15,35.7007
-zgIolzsJxY,Andre Fuller,4.2,36.242
-zgIolzsJxY,Andre Fuller,4.25,36.7835
-zgIolzsJxY,Andre Fuller,4.3,37.3253
-zgIolzsJxY,Andre Fuller,4.35,37.8674
-zgIolzsJxY,Andre Fuller,4.4,38.4097
-zgIolzsJxY,Andre Fuller,4.45,38.9522
-zgIolzsJxY,Andre Fuller,4.5,39.4949
-zgIolzsJxY,Davison Igbinosun,0.0,0.0
-zgIolzsJxY,Davison Igbinosun,0.05,0.0147
-zgIolzsJxY,Davison Igbinosun,0.1,0.0576
-zgIolzsJxY,Davison Igbinosun,0.15,0.1274
-zgIolzsJxY,Davison Igbinosun,0.2,0.2225
-zgIolzsJxY,Davison Igbinosun,0.25,0.3417
-zgIolzsJxY,Davison Igbinosun,0.3,0.4837
-zgIolzsJxY,Davison Igbinosun,0.35,0.6472
-zgIolzsJxY,Davison Igbinosun,0.4,0.8312
-zgIolzsJxY,Davison Igbinosun,0.45,1.0346
-zgIolzsJxY,Davison Igbinosun,0.5,1.2563
-zgIolzsJxY,Davison Igbinosun,0.55,1.4954
-zgIolzsJxY,Davison Igbinosun,0.6,1.7509
-zgIolzsJxY,Davison Igbinosun,0.65,2.022
-zgIolzsJxY,Davison Igbinosun,0.7,2.3079
-zgIolzsJxY,Davison Igbinosun,0.75,2.6078
-zgIolzsJxY,Davison Igbinosun,0.8,2.921
-zgIolzsJxY,Davison Igbinosun,0.85,3.2467
-zgIolzsJxY,Davison Igbinosun,0.9,3.5843
-zgIolzsJxY,Davison Igbinosun,0.95,3.9332
-zgIolzsJxY,Davison Igbinosun,1.0,4.2927
-zgIolzsJxY,Davison Igbinosun,1.05,4.6624
-zgIolzsJxY,Davison Igbinosun,1.1,5.0416
-zgIolzsJxY,Davison Igbinosun,1.15,5.4299
-zgIolzsJxY,Davison Igbinosun,1.2,5.8268
-zgIolzsJxY,Davison Igbinosun,1.25,6.2319
-zgIolzsJxY,Davison Igbinosun,1.3,6.6446
-zgIolzsJxY,Davison Igbinosun,1.35,7.0647
-zgIolzsJxY,Davison Igbinosun,1.4,7.4916
-zgIolzsJxY,Davison Igbinosun,1.45,7.9252
-zgIolzsJxY,Davison Igbinosun,1.5,8.3649
-zgIolzsJxY,Davison Igbinosun,1.55,8.8105
-zgIolzsJxY,Davison Igbinosun,1.6,9.2617
-zgIolzsJxY,Davison Igbinosun,1.65,9.7182
-zgIolzsJxY,Davison Igbinosun,1.7,10.1797
-zgIolzsJxY,Davison Igbinosun,1.75,10.6459
-zgIolzsJxY,Davison Igbinosun,1.8,11.1166
-zgIolzsJxY,Davison Igbinosun,1.85,11.5916
-zgIolzsJxY,Davison Igbinosun,1.9,12.0706
-zgIolzsJxY,Davison Igbinosun,1.95,12.5533
-zgIolzsJxY,Davison Igbinosun,2.0,13.0398
-zgIolzsJxY,Davison Igbinosun,2.05,13.5296
-zgIolzsJxY,Davison Igbinosun,2.1,14.0227
-zgIolzsJxY,Davison Igbinosun,2.15,14.5188
-zgIolzsJxY,Davison Igbinosun,2.2,15.0179
-zgIolzsJxY,Davison Igbinosun,2.25,15.5197
-zgIolzsJxY,Davison Igbinosun,2.3,16.0241
-zgIolzsJxY,Davison Igbinosun,2.35,16.531
-zgIolzsJxY,Davison Igbinosun,2.4,17.0402
-zgIolzsJxY,Davison Igbinosun,2.45,17.5517
-zgIolzsJxY,Davison Igbinosun,2.5,18.0652
-zgIolzsJxY,Davison Igbinosun,2.55,18.5808
-zgIolzsJxY,Davison Igbinosun,2.6,19.0982
-zgIolzsJxY,Davison Igbinosun,2.65,19.6174
-zgIolzsJxY,Davison Igbinosun,2.7,20.1384
-zgIolzsJxY,Davison Igbinosun,2.75,20.6609
-zgIolzsJxY,Davison Igbinosun,2.8,21.1849
-zgIolzsJxY,Davison Igbinosun,2.85,21.7104
-zgIolzsJxY,Davison Igbinosun,2.9,22.2372
-zgIolzsJxY,Davison Igbinosun,2.95,22.7654
-zgIolzsJxY,Davison Igbinosun,3.0,23.2947
-zgIolzsJxY,Davison Igbinosun,3.05,23.8252
-zgIolzsJxY,Davison Igbinosun,3.1,24.3568
-zgIolzsJxY,Davison Igbinosun,3.15,24.8895
-zgIolzsJxY,Davison Igbinosun,3.2,25.4231
-zgIolzsJxY,Davison Igbinosun,3.25,25.9577
-zgIolzsJxY,Davison Igbinosun,3.3,26.4932
-zgIolzsJxY,Davison Igbinosun,3.35,27.0294
-zgIolzsJxY,Davison Igbinosun,3.4,27.5665
-zgIolzsJxY,Davison Igbinosun,3.45,28.1044
-zgIolzsJxY,Davison Igbinosun,3.5,28.6429
-zgIolzsJxY,Davison Igbinosun,3.55,29.1821
-zgIolzsJxY,Davison Igbinosun,3.6,29.722
-zgIolzsJxY,Davison Igbinosun,3.65,30.2625
-zgIolzsJxY,Davison Igbinosun,3.7,30.8035
-zgIolzsJxY,Davison Igbinosun,3.75,31.3451
-zgIolzsJxY,Davison Igbinosun,3.8,31.8872
-zgIolzsJxY,Davison Igbinosun,3.85,32.4298
-zgIolzsJxY,Davison Igbinosun,3.9,32.9728
-zgIolzsJxY,Davison Igbinosun,3.95,33.5163
-zgIolzsJxY,Davison Igbinosun,4.0,34.0602
-zgIolzsJxY,Davison Igbinosun,4.05,34.6045
-zgIolzsJxY,Davison Igbinosun,4.1,35.1491
-zgIolzsJxY,Davison Igbinosun,4.15,35.6941
-zgIolzsJxY,Davison Igbinosun,4.2,36.2395
-zgIolzsJxY,Davison Igbinosun,4.25,36.7851
-zgIolzsJxY,Davison Igbinosun,4.3,37.3311
-zgIolzsJxY,Davison Igbinosun,4.35,37.8773
-zgIolzsJxY,Davison Igbinosun,4.4,38.4238
-zgIolzsJxY,Davison Igbinosun,4.45,38.9706
-zgIolzsJxY,Davison Igbinosun,4.5,39.5176
-zgIolzsJxY,Davison Igbinosun,4.55,40.0648
-zgIolzsJxY,Domani Jackson,0.0,0.0
-zgIolzsJxY,Domani Jackson,0.05,0.0137
-zgIolzsJxY,Domani Jackson,0.1,0.0541
-zgIolzsJxY,Domani Jackson,0.15,0.1198
-zgIolzsJxY,Domani Jackson,0.2,0.2098
-zgIolzsJxY,Domani Jackson,0.25,0.323
-zgIolzsJxY,Domani Jackson,0.3,0.4582
-zgIolzsJxY,Domani Jackson,0.35,0.6144
-zgIolzsJxY,Domani Jackson,0.4,0.7908
-zgIolzsJxY,Domani Jackson,0.45,0.9863
-zgIolzsJxY,Domani Jackson,0.5,1.2001
-zgIolzsJxY,Domani Jackson,0.55,1.4314
-zgIolzsJxY,Domani Jackson,0.6,1.6794
-zgIolzsJxY,Domani Jackson,0.65,1.9433
-zgIolzsJxY,Domani Jackson,0.7,2.2223
-zgIolzsJxY,Domani Jackson,0.75,2.5158
-zgIolzsJxY,Domani Jackson,0.8,2.8231
-zgIolzsJxY,Domani Jackson,0.85,3.1436
-zgIolzsJxY,Domani Jackson,0.9,3.4767
-zgIolzsJxY,Domani Jackson,0.95,3.8218
-zgIolzsJxY,Domani Jackson,1.0,4.1784
-zgIolzsJxY,Domani Jackson,1.05,4.5458
-zgIolzsJxY,Domani Jackson,1.1,4.9237
-zgIolzsJxY,Domani Jackson,1.15,5.3116
-zgIolzsJxY,Domani Jackson,1.2,5.7089
-zgIolzsJxY,Domani Jackson,1.25,6.1153
-zgIolzsJxY,Domani Jackson,1.3,6.5304
-zgIolzsJxY,Domani Jackson,1.35,6.9537
-zgIolzsJxY,Domani Jackson,1.4,7.3849
-zgIolzsJxY,Domani Jackson,1.45,7.8236
-zgIolzsJxY,Domani Jackson,1.5,8.2695
-zgIolzsJxY,Domani Jackson,1.55,8.7222
-zgIolzsJxY,Domani Jackson,1.6,9.1814
-zgIolzsJxY,Domani Jackson,1.65,9.6469
-zgIolzsJxY,Domani Jackson,1.7,10.1183
-zgIolzsJxY,Domani Jackson,1.75,10.5953
-zgIolzsJxY,Domani Jackson,1.8,11.0778
-zgIolzsJxY,Domani Jackson,1.85,11.5655
-zgIolzsJxY,Domani Jackson,1.9,12.0581
-zgIolzsJxY,Domani Jackson,1.95,12.5554
-zgIolzsJxY,Domani Jackson,2.0,13.0571
-zgIolzsJxY,Domani Jackson,2.05,13.5632
-zgIolzsJxY,Domani Jackson,2.1,14.0733
-zgIolzsJxY,Domani Jackson,2.15,14.5874
-zgIolzsJxY,Domani Jackson,2.2,15.1051
-zgIolzsJxY,Domani Jackson,2.25,15.6264
-zgIolzsJxY,Domani Jackson,2.3,16.1511
-zgIolzsJxY,Domani Jackson,2.35,16.679
-zgIolzsJxY,Domani Jackson,2.4,17.2101
-zgIolzsJxY,Domani Jackson,2.45,17.744
-zgIolzsJxY,Domani Jackson,2.5,18.2808
-zgIolzsJxY,Domani Jackson,2.55,18.8202
-zgIolzsJxY,Domani Jackson,2.6,19.3622
-zgIolzsJxY,Domani Jackson,2.65,19.9067
-zgIolzsJxY,Domani Jackson,2.7,20.4534
-zgIolzsJxY,Domani Jackson,2.75,21.0024
-zgIolzsJxY,Domani Jackson,2.8,21.5536
-zgIolzsJxY,Domani Jackson,2.85,22.1067
-zgIolzsJxY,Domani Jackson,2.9,22.6618
-zgIolzsJxY,Domani Jackson,2.95,23.2187
-zgIolzsJxY,Domani Jackson,3.0,23.7773
-zgIolzsJxY,Domani Jackson,3.05,24.3377
-zgIolzsJxY,Domani Jackson,3.1,24.8996
-zgIolzsJxY,Domani Jackson,3.15,25.4631
-zgIolzsJxY,Domani Jackson,3.2,26.028
-zgIolzsJxY,Domani Jackson,3.25,26.5943
-zgIolzsJxY,Domani Jackson,3.3,27.162
-zgIolzsJxY,Domani Jackson,3.35,27.7309
-zgIolzsJxY,Domani Jackson,3.4,28.301
-zgIolzsJxY,Domani Jackson,3.45,28.8723
-zgIolzsJxY,Domani Jackson,3.5,29.4447
-zgIolzsJxY,Domani Jackson,3.55,30.0181
-zgIolzsJxY,Domani Jackson,3.6,30.5925
-zgIolzsJxY,Domani Jackson,3.65,31.1679
-zgIolzsJxY,Domani Jackson,3.7,31.7442
-zgIolzsJxY,Domani Jackson,3.75,32.3214
-zgIolzsJxY,Domani Jackson,3.8,32.8994
-zgIolzsJxY,Domani Jackson,3.85,33.4782
-zgIolzsJxY,Domani Jackson,3.9,34.0577
-zgIolzsJxY,Domani Jackson,3.95,34.638
-zgIolzsJxY,Domani Jackson,4.0,35.2189
-zgIolzsJxY,Domani Jackson,4.05,35.8006
-zgIolzsJxY,Domani Jackson,4.1,36.3828
-zgIolzsJxY,Domani Jackson,4.15,36.9656
-zgIolzsJxY,Domani Jackson,4.2,37.549
-zgIolzsJxY,Domani Jackson,4.25,38.133
-zgIolzsJxY,Domani Jackson,4.3,38.7175
-zgIolzsJxY,Domani Jackson,4.35,39.3025
-zgIolzsJxY,Domani Jackson,4.4,39.8879
-zgIolzsJxY,Chris Johnson,0.0,0.0
-zgIolzsJxY,Chris Johnson,0.05,0.0158
-zgIolzsJxY,Chris Johnson,0.1,0.0619
-zgIolzsJxY,Chris Johnson,0.15,0.1367
-zgIolzsJxY,Chris Johnson,0.2,0.2387
-zgIolzsJxY,Chris Johnson,0.25,0.3662
-zgIolzsJxY,Chris Johnson,0.3,0.5179
-zgIolzsJxY,Chris Johnson,0.35,0.6925
-zgIolzsJxY,Chris Johnson,0.4,0.8886
-zgIolzsJxY,Chris Johnson,0.45,1.1051
-zgIolzsJxY,Chris Johnson,0.5,1.3409
-zgIolzsJxY,Chris Johnson,0.55,1.5949
-zgIolzsJxY,Chris Johnson,0.6,1.866
-zgIolzsJxY,Chris Johnson,0.65,2.1534
-zgIolzsJxY,Chris Johnson,0.7,2.4561
-zgIolzsJxY,Chris Johnson,0.75,2.7732
-zgIolzsJxY,Chris Johnson,0.8,3.1041
-zgIolzsJxY,Chris Johnson,0.85,3.4479
-zgIolzsJxY,Chris Johnson,0.9,3.8038
-zgIolzsJxY,Chris Johnson,0.95,4.1714
-zgIolzsJxY,Chris Johnson,1.0,4.5498
-zgIolzsJxY,Chris Johnson,1.05,4.9384
-zgIolzsJxY,Chris Johnson,1.1,5.3368
-zgIolzsJxY,Chris Johnson,1.15,5.7444
-zgIolzsJxY,Chris Johnson,1.2,6.1607
-zgIolzsJxY,Chris Johnson,1.25,6.5851
-zgIolzsJxY,Chris Johnson,1.3,7.0173
-zgIolzsJxY,Chris Johnson,1.35,7.4568
-zgIolzsJxY,Chris Johnson,1.4,7.9032
-zgIolzsJxY,Chris Johnson,1.45,8.3561
-zgIolzsJxY,Chris Johnson,1.5,8.8152
-zgIolzsJxY,Chris Johnson,1.55,9.2801
-zgIolzsJxY,Chris Johnson,1.6,9.7505
-zgIolzsJxY,Chris Johnson,1.65,10.2261
-zgIolzsJxY,Chris Johnson,1.7,10.7066
-zgIolzsJxY,Chris Johnson,1.75,11.1917
-zgIolzsJxY,Chris Johnson,1.8,11.6813
-zgIolzsJxY,Chris Johnson,1.85,12.1749
-zgIolzsJxY,Chris Johnson,1.9,12.6724
-zgIolzsJxY,Chris Johnson,1.95,13.1737
-zgIolzsJxY,Chris Johnson,2.0,13.6784
-zgIolzsJxY,Chris Johnson,2.05,14.1864
-zgIolzsJxY,Chris Johnson,2.1,14.6975
-zgIolzsJxY,Chris Johnson,2.15,15.2116
-zgIolzsJxY,Chris Johnson,2.2,15.7284
-zgIolzsJxY,Chris Johnson,2.25,16.2479
-zgIolzsJxY,Chris Johnson,2.3,16.7698
-zgIolzsJxY,Chris Johnson,2.35,17.2941
-zgIolzsJxY,Chris Johnson,2.4,17.8205
-zgIolzsJxY,Chris Johnson,2.45,18.3491
-zgIolzsJxY,Chris Johnson,2.5,18.8796
-zgIolzsJxY,Chris Johnson,2.55,19.412
-zgIolzsJxY,Chris Johnson,2.6,19.9462
-zgIolzsJxY,Chris Johnson,2.65,20.482
-zgIolzsJxY,Chris Johnson,2.7,21.0194
-zgIolzsJxY,Chris Johnson,2.75,21.5583
-zgIolzsJxY,Chris Johnson,2.8,22.0985
-zgIolzsJxY,Chris Johnson,2.85,22.6401
-zgIolzsJxY,Chris Johnson,2.9,23.183
-zgIolzsJxY,Chris Johnson,2.95,23.727
-zgIolzsJxY,Chris Johnson,3.0,24.2721
-zgIolzsJxY,Chris Johnson,3.05,24.8183
-zgIolzsJxY,Chris Johnson,3.1,25.3655
-zgIolzsJxY,Chris Johnson,3.15,25.9136
-zgIolzsJxY,Chris Johnson,3.2,26.4627
-zgIolzsJxY,Chris Johnson,3.25,27.0125
-zgIolzsJxY,Chris Johnson,3.3,27.5631
-zgIolzsJxY,Chris Johnson,3.35,28.1145
-zgIolzsJxY,Chris Johnson,3.4,28.6666
-zgIolzsJxY,Chris Johnson,3.45,29.2194
-zgIolzsJxY,Chris Johnson,3.5,29.7728
-zgIolzsJxY,Chris Johnson,3.55,30.3268
-zgIolzsJxY,Chris Johnson,3.6,30.8814
-zgIolzsJxY,Chris Johnson,3.65,31.4364
-zgIolzsJxY,Chris Johnson,3.7,31.992
-zgIolzsJxY,Chris Johnson,3.75,32.5481
-zgIolzsJxY,Chris Johnson,3.8,33.1046
-zgIolzsJxY,Chris Johnson,3.85,33.6615
-zgIolzsJxY,Chris Johnson,3.9,34.2189
-zgIolzsJxY,Chris Johnson,3.95,34.7766
-zgIolzsJxY,Chris Johnson,4.0,35.3347
-zgIolzsJxY,Chris Johnson,4.05,35.8931
-zgIolzsJxY,Chris Johnson,4.1,36.4518
-zgIolzsJxY,Chris Johnson,4.15,37.0108
-zgIolzsJxY,Chris Johnson,4.2,37.5701
-zgIolzsJxY,Chris Johnson,4.25,38.1297
-zgIolzsJxY,Chris Johnson,4.3,38.6895
-zgIolzsJxY,Chris Johnson,4.35,39.2496
-zgIolzsJxY,Chris Johnson,4.4,39.8099
-zgIolzsJxY,Will Lee III,0.0,0.0
-zgIolzsJxY,Will Lee III,0.05,0.0169
-zgIolzsJxY,Will Lee III,0.1,0.066
-zgIolzsJxY,Will Lee III,0.15,0.1455
-zgIolzsJxY,Will Lee III,0.2,0.2533
-zgIolzsJxY,Will Lee III,0.25,0.3878
-zgIolzsJxY,Will Lee III,0.3,0.5473
-zgIolzsJxY,Will Lee III,0.35,0.7302
-zgIolzsJxY,Will Lee III,0.4,0.935
-zgIolzsJxY,Will Lee III,0.45,1.1604
-zgIolzsJxY,Will Lee III,0.5,1.4051
-zgIolzsJxY,Will Lee III,0.55,1.6679
-zgIolzsJxY,Will Lee III,0.6,1.9477
-zgIolzsJxY,Will Lee III,0.65,2.2433
-zgIolzsJxY,Will Lee III,0.7,2.5539
-zgIolzsJxY,Will Lee III,0.75,2.8785
-zgIolzsJxY,Will Lee III,0.8,3.2162
-zgIolzsJxY,Will Lee III,0.85,3.5662
-zgIolzsJxY,Will Lee III,0.9,3.9277
-zgIolzsJxY,Will Lee III,0.95,4.3
-zgIolzsJxY,Will Lee III,1.0,4.6825
-zgIolzsJxY,Will Lee III,1.05,5.0744
-zgIolzsJxY,Will Lee III,1.1,5.4753
-zgIolzsJxY,Will Lee III,1.15,5.8845
-zgIolzsJxY,Will Lee III,1.2,6.3016
-zgIolzsJxY,Will Lee III,1.25,6.726
-zgIolzsJxY,Will Lee III,1.3,7.1573
-zgIolzsJxY,Will Lee III,1.35,7.5951
-zgIolzsJxY,Will Lee III,1.4,8.0389
-zgIolzsJxY,Will Lee III,1.45,8.4883
-zgIolzsJxY,Will Lee III,1.5,8.9431
-zgIolzsJxY,Will Lee III,1.55,9.4029
-zgIolzsJxY,Will Lee III,1.6,9.8674
-zgIolzsJxY,Will Lee III,1.65,10.3363
-zgIolzsJxY,Will Lee III,1.7,10.8093
-zgIolzsJxY,Will Lee III,1.75,11.2861
-zgIolzsJxY,Will Lee III,1.8,11.7665
-zgIolzsJxY,Will Lee III,1.85,12.2504
-zgIolzsJxY,Will Lee III,1.9,12.7374
-zgIolzsJxY,Will Lee III,1.95,13.2274
-zgIolzsJxY,Will Lee III,2.0,13.7202
-zgIolzsJxY,Will Lee III,2.05,14.2156
-zgIolzsJxY,Will Lee III,2.1,14.7135
-zgIolzsJxY,Will Lee III,2.15,15.2137
-zgIolzsJxY,Will Lee III,2.2,15.716
-zgIolzsJxY,Will Lee III,2.25,16.2204
-zgIolzsJxY,Will Lee III,2.3,16.7267
-zgIolzsJxY,Will Lee III,2.35,17.2347
-zgIolzsJxY,Will Lee III,2.4,17.7444
-zgIolzsJxY,Will Lee III,2.45,18.2557
-zgIolzsJxY,Will Lee III,2.5,18.7685
-zgIolzsJxY,Will Lee III,2.55,19.2826
-zgIolzsJxY,Will Lee III,2.6,19.798
-zgIolzsJxY,Will Lee III,2.65,20.3146
-zgIolzsJxY,Will Lee III,2.7,20.8324
-zgIolzsJxY,Will Lee III,2.75,21.3512
-zgIolzsJxY,Will Lee III,2.8,21.871
-zgIolzsJxY,Will Lee III,2.85,22.3918
-zgIolzsJxY,Will Lee III,2.9,22.9134
-zgIolzsJxY,Will Lee III,2.95,23.4359
-zgIolzsJxY,Will Lee III,3.0,23.9591
-zgIolzsJxY,Will Lee III,3.05,24.4831
-zgIolzsJxY,Will Lee III,3.1,25.0077
-zgIolzsJxY,Will Lee III,3.15,25.533
-zgIolzsJxY,Will Lee III,3.2,26.0588
-zgIolzsJxY,Will Lee III,3.25,26.5853
-zgIolzsJxY,Will Lee III,3.3,27.1122
-zgIolzsJxY,Will Lee III,3.35,27.6396
-zgIolzsJxY,Will Lee III,3.4,28.1675
-zgIolzsJxY,Will Lee III,3.45,28.6959
-zgIolzsJxY,Will Lee III,3.5,29.2246
-zgIolzsJxY,Will Lee III,3.55,29.7537
-zgIolzsJxY,Will Lee III,3.6,30.2832
-zgIolzsJxY,Will Lee III,3.65,30.813
-zgIolzsJxY,Will Lee III,3.7,31.3431
-zgIolzsJxY,Will Lee III,3.75,31.8735
-zgIolzsJxY,Will Lee III,3.8,32.4042
-zgIolzsJxY,Will Lee III,3.85,32.9351
-zgIolzsJxY,Will Lee III,3.9,33.4663
-zgIolzsJxY,Will Lee III,3.95,33.9977
-zgIolzsJxY,Will Lee III,4.0,34.5294
-zgIolzsJxY,Will Lee III,4.05,35.0612
-zgIolzsJxY,Will Lee III,4.1,35.5932
-zgIolzsJxY,Will Lee III,4.15,36.1254
-zgIolzsJxY,Will Lee III,4.2,36.6577
-zgIolzsJxY,Will Lee III,4.25,37.1902
-zgIolzsJxY,Will Lee III,4.3,37.7229
-zgIolzsJxY,Will Lee III,4.35,38.2557
-zgIolzsJxY,Will Lee III,4.4,38.7886
-zgIolzsJxY,Will Lee III,4.45,39.3216
-zgIolzsJxY,Will Lee III,4.5,39.8548
-zgIolzsJxY,Hezekiah Masses,0.0,0.0
-zgIolzsJxY,Hezekiah Masses,0.05,0.0162
-zgIolzsJxY,Hezekiah Masses,0.1,0.0633
-zgIolzsJxY,Hezekiah Masses,0.15,0.1397
-zgIolzsJxY,Hezekiah Masses,0.2,0.2434
-zgIolzsJxY,Hezekiah Masses,0.25,0.373
-zgIolzsJxY,Hezekiah Masses,0.3,0.5267
-zgIolzsJxY,Hezekiah Masses,0.35,0.7032
-zgIolzsJxY,Hezekiah Masses,0.4,0.9012
-zgIolzsJxY,Hezekiah Masses,0.45,1.1192
-zgIolzsJxY,Hezekiah Masses,0.5,1.3562
-zgIolzsJxY,Hezekiah Masses,0.55,1.611
-zgIolzsJxY,Hezekiah Masses,0.6,1.8825
-zgIolzsJxY,Hezekiah Masses,0.65,2.1697
-zgIolzsJxY,Hezekiah Masses,0.7,2.4716
-zgIolzsJxY,Hezekiah Masses,0.75,2.7875
-zgIolzsJxY,Hezekiah Masses,0.8,3.1164
-zgIolzsJxY,Hezekiah Masses,0.85,3.4576
-zgIolzsJxY,Hezekiah Masses,0.9,3.8104
-zgIolzsJxY,Hezekiah Masses,0.95,4.1739
-zgIolzsJxY,Hezekiah Masses,1.0,4.5477
-zgIolzsJxY,Hezekiah Masses,1.05,4.9311
-zgIolzsJxY,Hezekiah Masses,1.1,5.3235
-zgIolzsJxY,Hezekiah Masses,1.15,5.7243
-zgIolzsJxY,Hezekiah Masses,1.2,6.1331
-zgIolzsJxY,Hezekiah Masses,1.25,6.5494
-zgIolzsJxY,Hezekiah Masses,1.3,6.9728
-zgIolzsJxY,Hezekiah Masses,1.35,7.4027
-zgIolzsJxY,Hezekiah Masses,1.4,7.8389
-zgIolzsJxY,Hezekiah Masses,1.45,8.2809
-zgIolzsJxY,Hezekiah Masses,1.5,8.7284
-zgIolzsJxY,Hezekiah Masses,1.55,9.1811
-zgIolzsJxY,Hezekiah Masses,1.6,9.6386
-zgIolzsJxY,Hezekiah Masses,1.65,10.1007
-zgIolzsJxY,Hezekiah Masses,1.7,10.5671
-zgIolzsJxY,Hezekiah Masses,1.75,11.0376
-zgIolzsJxY,Hezekiah Masses,1.8,11.5118
-zgIolzsJxY,Hezekiah Masses,1.85,11.9896
-zgIolzsJxY,Hezekiah Masses,1.9,12.4707
-zgIolzsJxY,Hezekiah Masses,1.95,12.955
-zgIolzsJxY,Hezekiah Masses,2.0,13.4423
-zgIolzsJxY,Hezekiah Masses,2.05,13.9323
-zgIolzsJxY,Hezekiah Masses,2.1,14.425
-zgIolzsJxY,Hezekiah Masses,2.15,14.9201
-zgIolzsJxY,Hezekiah Masses,2.2,15.4175
-zgIolzsJxY,Hezekiah Masses,2.25,15.9171
-zgIolzsJxY,Hezekiah Masses,2.3,16.4188
-zgIolzsJxY,Hezekiah Masses,2.35,16.9223
-zgIolzsJxY,Hezekiah Masses,2.4,17.4277
-zgIolzsJxY,Hezekiah Masses,2.45,17.9348
-zgIolzsJxY,Hezekiah Masses,2.5,18.4435
-zgIolzsJxY,Hezekiah Masses,2.55,18.9537
-zgIolzsJxY,Hezekiah Masses,2.6,19.4652
-zgIolzsJxY,Hezekiah Masses,2.65,19.9782
-zgIolzsJxY,Hezekiah Masses,2.7,20.4923
-zgIolzsJxY,Hezekiah Masses,2.75,21.0076
-zgIolzsJxY,Hezekiah Masses,2.8,21.5241
-zgIolzsJxY,Hezekiah Masses,2.85,22.0415
-zgIolzsJxY,Hezekiah Masses,2.9,22.56
-zgIolzsJxY,Hezekiah Masses,2.95,23.0793
-zgIolzsJxY,Hezekiah Masses,3.0,23.5996
-zgIolzsJxY,Hezekiah Masses,3.05,24.1206
-zgIolzsJxY,Hezekiah Masses,3.1,24.6424
-zgIolzsJxY,Hezekiah Masses,3.15,25.1649
-zgIolzsJxY,Hezekiah Masses,3.2,25.6881
-zgIolzsJxY,Hezekiah Masses,3.25,26.2119
-zgIolzsJxY,Hezekiah Masses,3.3,26.7363
-zgIolzsJxY,Hezekiah Masses,3.35,27.2612
-zgIolzsJxY,Hezekiah Masses,3.4,27.7867
-zgIolzsJxY,Hezekiah Masses,3.45,28.3127
-zgIolzsJxY,Hezekiah Masses,3.5,28.8391
-zgIolzsJxY,Hezekiah Masses,3.55,29.366
-zgIolzsJxY,Hezekiah Masses,3.6,29.8933
-zgIolzsJxY,Hezekiah Masses,3.65,30.421
-zgIolzsJxY,Hezekiah Masses,3.7,30.949
-zgIolzsJxY,Hezekiah Masses,3.75,31.4774
-zgIolzsJxY,Hezekiah Masses,3.8,32.0061
-zgIolzsJxY,Hezekiah Masses,3.85,32.5351
-zgIolzsJxY,Hezekiah Masses,3.9,33.0643
-zgIolzsJxY,Hezekiah Masses,3.95,33.5939
-zgIolzsJxY,Hezekiah Masses,4.0,34.1237
-zgIolzsJxY,Hezekiah Masses,4.05,34.6537
-zgIolzsJxY,Hezekiah Masses,4.1,35.1839
-zgIolzsJxY,Hezekiah Masses,4.15,35.7144
-zgIolzsJxY,Hezekiah Masses,4.2,36.2451
-zgIolzsJxY,Hezekiah Masses,4.25,36.7759
-zgIolzsJxY,Hezekiah Masses,4.3,37.3069
-zgIolzsJxY,Hezekiah Masses,4.35,37.8381
-zgIolzsJxY,Hezekiah Masses,4.4,38.3694
-zgIolzsJxY,Hezekiah Masses,4.45,38.9009
-zgIolzsJxY,Hezekiah Masses,4.5,39.4325
-zgIolzsJxY,Hezekiah Masses,4.55,39.9642
-zgIolzsJxY,Malik Muhammad,0.0,0.0
-zgIolzsJxY,Malik Muhammad,0.05,0.0154
-zgIolzsJxY,Malik Muhammad,0.1,0.0606
-zgIolzsJxY,Malik Muhammad,0.15,0.1339
-zgIolzsJxY,Malik Muhammad,0.2,0.2338
-zgIolzsJxY,Malik Muhammad,0.25,0.3588
-zgIolzsJxY,Malik Muhammad,0.3,0.5076
-zgIolzsJxY,Malik Muhammad,0.35,0.6789
-zgIolzsJxY,Malik Muhammad,0.4,0.8715
-zgIolzsJxY,Malik Muhammad,0.45,1.0842
-zgIolzsJxY,Malik Muhammad,0.5,1.316
-zgIolzsJxY,Malik Muhammad,0.55,1.5657
-zgIolzsJxY,Malik Muhammad,0.6,1.8325
-zgIolzsJxY,Malik Muhammad,0.65,2.1153
-zgIolzsJxY,Malik Muhammad,0.7,2.4134
-zgIolzsJxY,Malik Muhammad,0.75,2.7258
-zgIolzsJxY,Malik Muhammad,0.8,3.0519
-zgIolzsJxY,Malik Muhammad,0.85,3.3909
-zgIolzsJxY,Malik Muhammad,0.9,3.742
-zgIolzsJxY,Malik Muhammad,0.95,4.1046
-zgIolzsJxY,Malik Muhammad,1.0,4.4782
-zgIolzsJxY,Malik Muhammad,1.05,4.862
-zgIolzsJxY,Malik Muhammad,1.1,5.2555
-zgIolzsJxY,Malik Muhammad,1.15,5.6583
-zgIolzsJxY,Malik Muhammad,1.2,6.0698
-zgIolzsJxY,Malik Muhammad,1.25,6.4895
-zgIolzsJxY,Malik Muhammad,1.3,6.917
-zgIolzsJxY,Malik Muhammad,1.35,7.3519
-zgIolzsJxY,Malik Muhammad,1.4,7.7938
-zgIolzsJxY,Malik Muhammad,1.45,8.2422
-zgIolzsJxY,Malik Muhammad,1.5,8.6969
-zgIolzsJxY,Malik Muhammad,1.55,9.1574
-zgIolzsJxY,Malik Muhammad,1.6,9.6236
-zgIolzsJxY,Malik Muhammad,1.65,10.095
-zgIolzsJxY,Malik Muhammad,1.7,10.5714
-zgIolzsJxY,Malik Muhammad,1.75,11.0525
-zgIolzsJxY,Malik Muhammad,1.8,11.538
-zgIolzsJxY,Malik Muhammad,1.85,12.0278
-zgIolzsJxY,Malik Muhammad,1.9,12.5216
-zgIolzsJxY,Malik Muhammad,1.95,13.0191
-zgIolzsJxY,Malik Muhammad,2.0,13.5202
-zgIolzsJxY,Malik Muhammad,2.05,14.0247
-zgIolzsJxY,Malik Muhammad,2.1,14.5324
-zgIolzsJxY,Malik Muhammad,2.15,15.0431
-zgIolzsJxY,Malik Muhammad,2.2,15.5566
-zgIolzsJxY,Malik Muhammad,2.25,16.0728
-zgIolzsJxY,Malik Muhammad,2.3,16.5916
-zgIolzsJxY,Malik Muhammad,2.35,17.1128
-zgIolzsJxY,Malik Muhammad,2.4,17.6363
-zgIolzsJxY,Malik Muhammad,2.45,18.162
-zgIolzsJxY,Malik Muhammad,2.5,18.6896
-zgIolzsJxY,Malik Muhammad,2.55,19.2192
-zgIolzsJxY,Malik Muhammad,2.6,19.7507
-zgIolzsJxY,Malik Muhammad,2.65,20.2838
-zgIolzsJxY,Malik Muhammad,2.7,20.8186
-zgIolzsJxY,Malik Muhammad,2.75,21.355
-zgIolzsJxY,Malik Muhammad,2.8,21.8928
-zgIolzsJxY,Malik Muhammad,2.85,22.432
-zgIolzsJxY,Malik Muhammad,2.9,22.9725
-zgIolzsJxY,Malik Muhammad,2.95,23.5142
-zgIolzsJxY,Malik Muhammad,3.0,24.0571
-zgIolzsJxY,Malik Muhammad,3.05,24.6011
-zgIolzsJxY,Malik Muhammad,3.1,25.1461
-zgIolzsJxY,Malik Muhammad,3.15,25.6921
-zgIolzsJxY,Malik Muhammad,3.2,26.2391
-zgIolzsJxY,Malik Muhammad,3.25,26.7869
-zgIolzsJxY,Malik Muhammad,3.3,27.3356
-zgIolzsJxY,Malik Muhammad,3.35,27.8851
-zgIolzsJxY,Malik Muhammad,3.4,28.4353
-zgIolzsJxY,Malik Muhammad,3.45,28.9862
-zgIolzsJxY,Malik Muhammad,3.5,29.5378
-zgIolzsJxY,Malik Muhammad,3.55,30.0901
-zgIolzsJxY,Malik Muhammad,3.6,30.6429
-zgIolzsJxY,Malik Muhammad,3.65,31.1963
-zgIolzsJxY,Malik Muhammad,3.7,31.7502
-zgIolzsJxY,Malik Muhammad,3.75,32.3046
-zgIolzsJxY,Malik Muhammad,3.8,32.8595
-zgIolzsJxY,Malik Muhammad,3.85,33.4149
-zgIolzsJxY,Malik Muhammad,3.9,33.9707
-zgIolzsJxY,Malik Muhammad,3.95,34.5269
-zgIolzsJxY,Malik Muhammad,4.0,35.0835
-zgIolzsJxY,Malik Muhammad,4.05,35.6404
-zgIolzsJxY,Malik Muhammad,4.1,36.1977
-zgIolzsJxY,Malik Muhammad,4.15,36.7553
-zgIolzsJxY,Malik Muhammad,4.2,37.3132
-zgIolzsJxY,Malik Muhammad,4.25,37.8714
-zgIolzsJxY,Malik Muhammad,4.3,38.4299
-zgIolzsJxY,Malik Muhammad,4.35,38.9886
-zgIolzsJxY,Malik Muhammad,4.4,39.5476
-zgIolzsJxY,Malik Muhammad,4.45,40.1068
-zgIolzsJxY,Julian Neal,0.0,0.0
-zgIolzsJxY,Julian Neal,0.05,0.0139
-zgIolzsJxY,Julian Neal,0.1,0.0547
-zgIolzsJxY,Julian Neal,0.15,0.1212
-zgIolzsJxY,Julian Neal,0.2,0.2119
-zgIolzsJxY,Julian Neal,0.25,0.3258
-zgIolzsJxY,Julian Neal,0.3,0.4618
-zgIolzsJxY,Julian Neal,0.35,0.6186
-zgIolzsJxY,Julian Neal,0.4,0.7954
-zgIolzsJxY,Julian Neal,0.45,0.9911
-zgIolzsJxY,Julian Neal,0.5,1.2048
-zgIolzsJxY,Julian Neal,0.55,1.4356
-zgIolzsJxY,Julian Neal,0.6,1.6827
-zgIolzsJxY,Julian Neal,0.65,1.9453
-zgIolzsJxY,Julian Neal,0.7,2.2225
-zgIolzsJxY,Julian Neal,0.75,2.5138
-zgIolzsJxY,Julian Neal,0.8,2.8185
-zgIolzsJxY,Julian Neal,0.85,3.1357
-zgIolzsJxY,Julian Neal,0.9,3.465
-zgIolzsJxY,Julian Neal,0.95,3.8058
-zgIolzsJxY,Julian Neal,1.0,4.1574
-zgIolzsJxY,Julian Neal,1.05,4.5194
-zgIolzsJxY,Julian Neal,1.1,4.8913
-zgIolzsJxY,Julian Neal,1.15,5.2725
-zgIolzsJxY,Julian Neal,1.2,5.6626
-zgIolzsJxY,Julian Neal,1.25,6.0612
-zgIolzsJxY,Julian Neal,1.3,6.4678
-zgIolzsJxY,Julian Neal,1.35,6.8821
-zgIolzsJxY,Julian Neal,1.4,7.3037
-zgIolzsJxY,Julian Neal,1.45,7.7322
-zgIolzsJxY,Julian Neal,1.5,8.1673
-zgIolzsJxY,Julian Neal,1.55,8.6087
-zgIolzsJxY,Julian Neal,1.6,9.056
-zgIolzsJxY,Julian Neal,1.65,9.5089
-zgIolzsJxY,Julian Neal,1.7,9.9673
-zgIolzsJxY,Julian Neal,1.75,10.4308
-zgIolzsJxY,Julian Neal,1.8,10.8991
-zgIolzsJxY,Julian Neal,1.85,11.3721
-zgIolzsJxY,Julian Neal,1.9,11.8495
-zgIolzsJxY,Julian Neal,1.95,12.3311
-zgIolzsJxY,Julian Neal,2.0,12.8166
-zgIolzsJxY,Julian Neal,2.05,13.306
-zgIolzsJxY,Julian Neal,2.1,13.7989
-zgIolzsJxY,Julian Neal,2.15,14.2953
-zgIolzsJxY,Julian Neal,2.2,14.7949
-zgIolzsJxY,Julian Neal,2.25,15.2976
-zgIolzsJxY,Julian Neal,2.3,15.8033
-zgIolzsJxY,Julian Neal,2.35,16.3118
-zgIolzsJxY,Julian Neal,2.4,16.8229
-zgIolzsJxY,Julian Neal,2.45,17.3366
-zgIolzsJxY,Julian Neal,2.5,17.8527
-zgIolzsJxY,Julian Neal,2.55,18.371
-zgIolzsJxY,Julian Neal,2.6,18.8916
-zgIolzsJxY,Julian Neal,2.65,19.4142
-zgIolzsJxY,Julian Neal,2.7,19.9388
-zgIolzsJxY,Julian Neal,2.75,20.4653
-zgIolzsJxY,Julian Neal,2.8,20.9935
-zgIolzsJxY,Julian Neal,2.85,21.5235
-zgIolzsJxY,Julian Neal,2.9,22.055
-zgIolzsJxY,Julian Neal,2.95,22.5881
-zgIolzsJxY,Julian Neal,3.0,23.1227
-zgIolzsJxY,Julian Neal,3.05,23.6586
-zgIolzsJxY,Julian Neal,3.1,24.1958
-zgIolzsJxY,Julian Neal,3.15,24.7343
-zgIolzsJxY,Julian Neal,3.2,25.274
-zgIolzsJxY,Julian Neal,3.25,25.8149
-zgIolzsJxY,Julian Neal,3.3,26.3568
-zgIolzsJxY,Julian Neal,3.35,26.8997
-zgIolzsJxY,Julian Neal,3.4,27.4436
-zgIolzsJxY,Julian Neal,3.45,27.9884
-zgIolzsJxY,Julian Neal,3.5,28.5341
-zgIolzsJxY,Julian Neal,3.55,29.0807
-zgIolzsJxY,Julian Neal,3.6,29.628
-zgIolzsJxY,Julian Neal,3.65,30.1761
-zgIolzsJxY,Julian Neal,3.7,30.725
-zgIolzsJxY,Julian Neal,3.75,31.2745
-zgIolzsJxY,Julian Neal,3.8,31.8247
-zgIolzsJxY,Julian Neal,3.85,32.3754
-zgIolzsJxY,Julian Neal,3.9,32.9268
-zgIolzsJxY,Julian Neal,3.95,33.4787
-zgIolzsJxY,Julian Neal,4.0,34.0312
-zgIolzsJxY,Julian Neal,4.05,34.5842
-zgIolzsJxY,Julian Neal,4.1,35.1376
-zgIolzsJxY,Julian Neal,4.15,35.6915
-zgIolzsJxY,Julian Neal,4.2,36.2459
-zgIolzsJxY,Julian Neal,4.25,36.8007
-zgIolzsJxY,Julian Neal,4.3,37.3558
-zgIolzsJxY,Julian Neal,4.35,37.9114
-zgIolzsJxY,Julian Neal,4.4,38.4672
-zgIolzsJxY,Julian Neal,4.45,39.0235
-zgIolzsJxY,Julian Neal,4.5,39.58
-zgIolzsJxY,Toriano Pride,0.0,0.0
-zgIolzsJxY,Toriano Pride,0.05,0.0144
-zgIolzsJxY,Toriano Pride,0.1,0.0566
-zgIolzsJxY,Toriano Pride,0.15,0.1253
-zgIolzsJxY,Toriano Pride,0.2,0.2193
-zgIolzsJxY,Toriano Pride,0.25,0.3375
-zgIolzsJxY,Toriano Pride,0.3,0.4786
-zgIolzsJxY,Toriano Pride,0.35,0.6416
-zgIolzsJxY,Toriano Pride,0.4,0.8254
-zgIolzsJxY,Toriano Pride,0.45,1.0292
-zgIolzsJxY,Toriano Pride,0.5,1.2519
-zgIolzsJxY,Toriano Pride,0.55,1.4927
-zgIolzsJxY,Toriano Pride,0.6,1.7507
-zgIolzsJxY,Toriano Pride,0.65,2.0251
-zgIolzsJxY,Toriano Pride,0.7,2.3151
-zgIolzsJxY,Toriano Pride,0.75,2.6201
-zgIolzsJxY,Toriano Pride,0.8,2.9393
-zgIolzsJxY,Toriano Pride,0.85,3.272
-zgIolzsJxY,Toriano Pride,0.9,3.6176
-zgIolzsJxY,Toriano Pride,0.95,3.9756
-zgIolzsJxY,Toriano Pride,1.0,4.3453
-zgIolzsJxY,Toriano Pride,1.05,4.7261
-zgIolzsJxY,Toriano Pride,1.1,5.1176
-zgIolzsJxY,Toriano Pride,1.15,5.5192
-zgIolzsJxY,Toriano Pride,1.2,5.9306
-zgIolzsJxY,Toriano Pride,1.25,6.3511
-zgIolzsJxY,Toriano Pride,1.3,6.7805
-zgIolzsJxY,Toriano Pride,1.35,7.2182
-zgIolzsJxY,Toriano Pride,1.4,7.6639
-zgIolzsJxY,Toriano Pride,1.45,8.1172
-zgIolzsJxY,Toriano Pride,1.5,8.5778
-zgIolzsJxY,Toriano Pride,1.55,9.0453
-zgIolzsJxY,Toriano Pride,1.6,9.5194
-zgIolzsJxY,Toriano Pride,1.65,9.9997
-zgIolzsJxY,Toriano Pride,1.7,10.4861
-zgIolzsJxY,Toriano Pride,1.75,10.9781
-zgIolzsJxY,Toriano Pride,1.8,11.4756
-zgIolzsJxY,Toriano Pride,1.85,11.9783
-zgIolzsJxY,Toriano Pride,1.9,12.4859
-zgIolzsJxY,Toriano Pride,1.95,12.9983
-zgIolzsJxY,Toriano Pride,2.0,13.5151
-zgIolzsJxY,Toriano Pride,2.05,14.0362
-zgIolzsJxY,Toriano Pride,2.1,14.5613
-zgIolzsJxY,Toriano Pride,2.15,15.0904
-zgIolzsJxY,Toriano Pride,2.2,15.6232
-zgIolzsJxY,Toriano Pride,2.25,16.1594
-zgIolzsJxY,Toriano Pride,2.3,16.6991
-zgIolzsJxY,Toriano Pride,2.35,17.242
-zgIolzsJxY,Toriano Pride,2.4,17.7879
-zgIolzsJxY,Toriano Pride,2.45,18.3367
-zgIolzsJxY,Toriano Pride,2.5,18.8883
-zgIolzsJxY,Toriano Pride,2.55,19.4426
-zgIolzsJxY,Toriano Pride,2.6,19.9994
-zgIolzsJxY,Toriano Pride,2.65,20.5585
-zgIolzsJxY,Toriano Pride,2.7,21.12
-zgIolzsJxY,Toriano Pride,2.75,21.6837
-zgIolzsJxY,Toriano Pride,2.8,22.2494
-zgIolzsJxY,Toriano Pride,2.85,22.8171
-zgIolzsJxY,Toriano Pride,2.9,23.3867
-zgIolzsJxY,Toriano Pride,2.95,23.9582
-zgIolzsJxY,Toriano Pride,3.0,24.5313
-zgIolzsJxY,Toriano Pride,3.05,25.1061
-zgIolzsJxY,Toriano Pride,3.1,25.6824
-zgIolzsJxY,Toriano Pride,3.15,26.2602
-zgIolzsJxY,Toriano Pride,3.2,26.8394
-zgIolzsJxY,Toriano Pride,3.25,27.42
-zgIolzsJxY,Toriano Pride,3.3,28.0019
-zgIolzsJxY,Toriano Pride,3.35,28.585
-zgIolzsJxY,Toriano Pride,3.4,29.1693
-zgIolzsJxY,Toriano Pride,3.45,29.7546
-zgIolzsJxY,Toriano Pride,3.5,30.3411
-zgIolzsJxY,Toriano Pride,3.55,30.9286
-zgIolzsJxY,Toriano Pride,3.6,31.517
-zgIolzsJxY,Toriano Pride,3.65,32.1063
-zgIolzsJxY,Toriano Pride,3.7,32.6965
-zgIolzsJxY,Toriano Pride,3.75,33.2876
-zgIolzsJxY,Toriano Pride,3.8,33.8795
-zgIolzsJxY,Toriano Pride,3.85,34.4721
-zgIolzsJxY,Toriano Pride,3.9,35.0654
-zgIolzsJxY,Toriano Pride,3.95,35.6594
-zgIolzsJxY,Toriano Pride,4.0,36.2541
-zgIolzsJxY,Toriano Pride,4.05,36.8494
-zgIolzsJxY,Toriano Pride,4.1,37.4453
-zgIolzsJxY,Toriano Pride,4.15,38.0418
-zgIolzsJxY,Toriano Pride,4.2,38.6388
-zgIolzsJxY,Toriano Pride,4.25,39.2364
-zgIolzsJxY,Toriano Pride,4.3,39.8344
-zgIolzsJxY,Ephesians Prysock,0.0,0.0
-zgIolzsJxY,Ephesians Prysock,0.05,0.0131
-zgIolzsJxY,Ephesians Prysock,0.1,0.0516
-zgIolzsJxY,Ephesians Prysock,0.15,0.1145
-zgIolzsJxY,Ephesians Prysock,0.2,0.2006
-zgIolzsJxY,Ephesians Prysock,0.25,0.3089
-zgIolzsJxY,Ephesians Prysock,0.3,0.4386
-zgIolzsJxY,Ephesians Prysock,0.35,0.5886
-zgIolzsJxY,Ephesians Prysock,0.4,0.7581
-zgIolzsJxY,Ephesians Prysock,0.45,0.9462
-zgIolzsJxY,Ephesians Prysock,0.5,1.1521
-zgIolzsJxY,Ephesians Prysock,0.55,1.3751
-zgIolzsJxY,Ephesians Prysock,0.6,1.6144
-zgIolzsJxY,Ephesians Prysock,0.65,1.8693
-zgIolzsJxY,Ephesians Prysock,0.7,2.1391
-zgIolzsJxY,Ephesians Prysock,0.75,2.4232
-zgIolzsJxY,Ephesians Prysock,0.8,2.7209
-zgIolzsJxY,Ephesians Prysock,0.85,3.0317
-zgIolzsJxY,Ephesians Prysock,0.9,3.3549
-zgIolzsJxY,Ephesians Prysock,0.95,3.6901
-zgIolzsJxY,Ephesians Prysock,1.0,4.0368
-zgIolzsJxY,Ephesians Prysock,1.05,4.3944
-zgIolzsJxY,Ephesians Prysock,1.1,4.7624
-zgIolzsJxY,Ephesians Prysock,1.15,5.1404
-zgIolzsJxY,Ephesians Prysock,1.2,5.528
-zgIolzsJxY,Ephesians Prysock,1.25,5.9248
-zgIolzsJxY,Ephesians Prysock,1.3,6.3303
-zgIolzsJxY,Ephesians Prysock,1.35,6.7442
-zgIolzsJxY,Ephesians Prysock,1.4,7.166
-zgIolzsJxY,Ephesians Prysock,1.45,7.5956
-zgIolzsJxY,Ephesians Prysock,1.5,8.0325
-zgIolzsJxY,Ephesians Prysock,1.55,8.4763
-zgIolzsJxY,Ephesians Prysock,1.6,8.9269
-zgIolzsJxY,Ephesians Prysock,1.65,9.3839
-zgIolzsJxY,Ephesians Prysock,1.7,9.8471
-zgIolzsJxY,Ephesians Prysock,1.75,10.3161
-zgIolzsJxY,Ephesians Prysock,1.8,10.7907
-zgIolzsJxY,Ephesians Prysock,1.85,11.2707
-zgIolzsJxY,Ephesians Prysock,1.9,11.7558
-zgIolzsJxY,Ephesians Prysock,1.95,12.2458
-zgIolzsJxY,Ephesians Prysock,2.0,12.7406
-zgIolzsJxY,Ephesians Prysock,2.05,13.2398
-zgIolzsJxY,Ephesians Prysock,2.1,13.7433
-zgIolzsJxY,Ephesians Prysock,2.15,14.251
-zgIolzsJxY,Ephesians Prysock,2.2,14.7625
-zgIolzsJxY,Ephesians Prysock,2.25,15.2779
-zgIolzsJxY,Ephesians Prysock,2.3,15.7968
-zgIolzsJxY,Ephesians Prysock,2.35,16.3192
-zgIolzsJxY,Ephesians Prysock,2.4,16.8449
-zgIolzsJxY,Ephesians Prysock,2.45,17.3737
-zgIolzsJxY,Ephesians Prysock,2.5,17.9055
-zgIolzsJxY,Ephesians Prysock,2.55,18.4403
-zgIolzsJxY,Ephesians Prysock,2.6,18.9777
-zgIolzsJxY,Ephesians Prysock,2.65,19.5179
-zgIolzsJxY,Ephesians Prysock,2.7,20.0605
-zgIolzsJxY,Ephesians Prysock,2.75,20.6055
-zgIolzsJxY,Ephesians Prysock,2.8,21.1529
-zgIolzsJxY,Ephesians Prysock,2.85,21.7025
-zgIolzsJxY,Ephesians Prysock,2.9,22.2541
-zgIolzsJxY,Ephesians Prysock,2.95,22.8078
-zgIolzsJxY,Ephesians Prysock,3.0,23.3635
-zgIolzsJxY,Ephesians Prysock,3.05,23.921
-zgIolzsJxY,Ephesians Prysock,3.1,24.4802
-zgIolzsJxY,Ephesians Prysock,3.15,25.0411
-zgIolzsJxY,Ephesians Prysock,3.2,25.6037
-zgIolzsJxY,Ephesians Prysock,3.25,26.1678
-zgIolzsJxY,Ephesians Prysock,3.3,26.7334
-zgIolzsJxY,Ephesians Prysock,3.35,27.3004
-zgIolzsJxY,Ephesians Prysock,3.4,27.8687
-zgIolzsJxY,Ephesians Prysock,3.45,28.4384
-zgIolzsJxY,Ephesians Prysock,3.5,29.0093
-zgIolzsJxY,Ephesians Prysock,3.55,29.5813
-zgIolzsJxY,Ephesians Prysock,3.6,30.1546
-zgIolzsJxY,Ephesians Prysock,3.65,30.7288
-zgIolzsJxY,Ephesians Prysock,3.7,31.3042
-zgIolzsJxY,Ephesians Prysock,3.75,31.8805
-zgIolzsJxY,Ephesians Prysock,3.8,32.4578
-zgIolzsJxY,Ephesians Prysock,3.85,33.0359
-zgIolzsJxY,Ephesians Prysock,3.9,33.615
-zgIolzsJxY,Ephesians Prysock,3.95,34.1949
-zgIolzsJxY,Ephesians Prysock,4.0,34.7755
-zgIolzsJxY,Ephesians Prysock,4.05,35.357
-zgIolzsJxY,Ephesians Prysock,4.1,35.9391
-zgIolzsJxY,Ephesians Prysock,4.15,36.522
-zgIolzsJxY,Ephesians Prysock,4.2,37.1055
-zgIolzsJxY,Ephesians Prysock,4.25,37.6897
-zgIolzsJxY,Ephesians Prysock,4.3,38.2744
-zgIolzsJxY,Ephesians Prysock,4.35,38.8598
-zgIolzsJxY,Ephesians Prysock,4.4,39.4457
-zgIolzsJxY,Ephesians Prysock,4.45,40.0321
-zgIolzsJxY,Avery Smith,0.0,0.0
-zgIolzsJxY,Avery Smith,0.05,0.0154
-zgIolzsJxY,Avery Smith,0.1,0.0604
-zgIolzsJxY,Avery Smith,0.15,0.1333
-zgIolzsJxY,Avery Smith,0.2,0.2325
-zgIolzsJxY,Avery Smith,0.25,0.3565
-zgIolzsJxY,Avery Smith,0.3,0.5039
-zgIolzsJxY,Avery Smith,0.35,0.6734
-zgIolzsJxY,Avery Smith,0.4,0.8637
-zgIolzsJxY,Avery Smith,0.45,1.0735
-zgIolzsJxY,Avery Smith,0.5,1.3019
-zgIolzsJxY,Avery Smith,0.55,1.5477
-zgIolzsJxY,Avery Smith,0.6,1.8099
-zgIolzsJxY,Avery Smith,0.65,2.0876
-zgIolzsJxY,Avery Smith,0.7,2.38
-zgIolzsJxY,Avery Smith,0.75,2.6861
-zgIolzsJxY,Avery Smith,0.8,3.0052
-zgIolzsJxY,Avery Smith,0.85,3.3365
-zgIolzsJxY,Avery Smith,0.9,3.6794
-zgIolzsJxY,Avery Smith,0.95,4.0331
-zgIolzsJxY,Avery Smith,1.0,4.3972
-zgIolzsJxY,Avery Smith,1.05,4.7709
-zgIolzsJxY,Avery Smith,1.1,5.1537
-zgIolzsJxY,Avery Smith,1.15,5.5451
-zgIolzsJxY,Avery Smith,1.2,5.9446
-zgIolzsJxY,Avery Smith,1.25,6.3518
-zgIolzsJxY,Avery Smith,1.3,6.7662
-zgIolzsJxY,Avery Smith,1.35,7.1874
-zgIolzsJxY,Avery Smith,1.4,7.615
-zgIolzsJxY,Avery Smith,1.45,8.0487
-zgIolzsJxY,Avery Smith,1.5,8.488
-zgIolzsJxY,Avery Smith,1.55,8.9327
-zgIolzsJxY,Avery Smith,1.6,9.3825
-zgIolzsJxY,Avery Smith,1.65,9.8371
-zgIolzsJxY,Avery Smith,1.7,10.2961
-zgIolzsJxY,Avery Smith,1.75,10.7594
-zgIolzsJxY,Avery Smith,1.8,11.2268
-zgIolzsJxY,Avery Smith,1.85,11.6978
-zgIolzsJxY,Avery Smith,1.9,12.1725
-zgIolzsJxY,Avery Smith,1.95,12.6505
-zgIolzsJxY,Avery Smith,2.0,13.1316
-zgIolzsJxY,Avery Smith,2.05,13.6158
-zgIolzsJxY,Avery Smith,2.1,14.1027
-zgIolzsJxY,Avery Smith,2.15,14.5923
-zgIolzsJxY,Avery Smith,2.2,15.0844
-zgIolzsJxY,Avery Smith,2.25,15.5789
-zgIolzsJxY,Avery Smith,2.3,16.0756
-zgIolzsJxY,Avery Smith,2.35,16.5744
-zgIolzsJxY,Avery Smith,2.4,17.0751
-zgIolzsJxY,Avery Smith,2.45,17.5777
-zgIolzsJxY,Avery Smith,2.5,18.0821
-zgIolzsJxY,Avery Smith,2.55,18.5882
-zgIolzsJxY,Avery Smith,2.6,19.0957
-zgIolzsJxY,Avery Smith,2.65,19.6048
-zgIolzsJxY,Avery Smith,2.7,20.1153
-zgIolzsJxY,Avery Smith,2.75,20.627
-zgIolzsJxY,Avery Smith,2.8,21.14
-zgIolzsJxY,Avery Smith,2.85,21.6542
-zgIolzsJxY,Avery Smith,2.9,22.1694
-zgIolzsJxY,Avery Smith,2.95,22.6857
-zgIolzsJxY,Avery Smith,3.0,23.203
-zgIolzsJxY,Avery Smith,3.05,23.7212
-zgIolzsJxY,Avery Smith,3.1,24.2402
-zgIolzsJxY,Avery Smith,3.15,24.7601
-zgIolzsJxY,Avery Smith,3.2,25.2807
-zgIolzsJxY,Avery Smith,3.25,25.8021
-zgIolzsJxY,Avery Smith,3.3,26.3241
-zgIolzsJxY,Avery Smith,3.35,26.8468
-zgIolzsJxY,Avery Smith,3.4,27.3701
-zgIolzsJxY,Avery Smith,3.45,27.894
-zgIolzsJxY,Avery Smith,3.5,28.4184
-zgIolzsJxY,Avery Smith,3.55,28.9433
-zgIolzsJxY,Avery Smith,3.6,29.4688
-zgIolzsJxY,Avery Smith,3.65,29.9946
-zgIolzsJxY,Avery Smith,3.7,30.5209
-zgIolzsJxY,Avery Smith,3.75,31.0476
-zgIolzsJxY,Avery Smith,3.8,31.5747
-zgIolzsJxY,Avery Smith,3.85,32.1021
-zgIolzsJxY,Avery Smith,3.9,32.6299
-zgIolzsJxY,Avery Smith,3.95,33.158
-zgIolzsJxY,Avery Smith,4.0,33.6864
-zgIolzsJxY,Avery Smith,4.05,34.215
-zgIolzsJxY,Avery Smith,4.1,34.744
-zgIolzsJxY,Avery Smith,4.15,35.2732
-zgIolzsJxY,Avery Smith,4.2,35.8026
-zgIolzsJxY,Avery Smith,4.25,36.3323
-zgIolzsJxY,Avery Smith,4.3,36.8621
-zgIolzsJxY,Avery Smith,4.35,37.3922
-zgIolzsJxY,Avery Smith,4.4,37.9224
-zgIolzsJxY,Avery Smith,4.45,38.4529
-zgIolzsJxY,Avery Smith,4.5,38.9835
-zgIolzsJxY,Avery Smith,4.55,39.5142
-zgIolzsJxY,Avery Smith,4.6,40.0451
0r_usy_GIAI,Dillon Bell,0.0,0.0
0r_usy_GIAI,Dillon Bell,0.05,0.0142
0r_usy_GIAI,Dillon Bell,0.1,0.0559
0r_usy_GIAI,Dillon Bell,0.15,0.1237
0r_usy_GIAI,Dillon Bell,0.2,0.2163
0r_usy_GIAI,Dillon Bell,0.25,0.3325
0r_usy_GIAI,Dillon Bell,0.3,0.4712
0r_usy_GIAI,Dillon Bell,0.35,0.6312
0r_usy_GIAI,Dillon Bell,0.4,0.8114
0r_usy_GIAI,Dillon Bell,0.45,1.0109
0r_usy_GIAI,Dillon Bell,0.5,1.2287
0r_usy_GIAI,Dillon Bell,0.55,1.4638
0r_usy_GIAI,Dillon Bell,0.6,1.7156
0r_usy_GIAI,Dillon Bell,0.65,1.983
0r_usy_GIAI,Dillon Bell,0.7,2.2654
0r_usy_GIAI,Dillon Bell,0.75,2.562
0r_usy_GIAI,Dillon Bell,0.8,2.8721
0r_usy_GIAI,Dillon Bell,0.85,3.195
0r_usy_GIAI,Dillon Bell,0.9,3.5301
0r_usy_GIAI,Dillon Bell,0.95,3.8768
0r_usy_GIAI,Dillon Bell,1.0,4.2345
0r_usy_GIAI,Dillon Bell,1.05,4.6027
0r_usy_GIAI,Dillon Bell,1.1,4.9809
0r_usy_GIAI,Dillon Bell,1.15,5.3685
0r_usy_GIAI,Dillon Bell,1.2,5.7651
0r_usy_GIAI,Dillon Bell,1.25,6.1702
0r_usy_GIAI,Dillon Bell,1.3,6.5835
0r_usy_GIAI,Dillon Bell,1.35,7.0045
0r_usy_GIAI,Dillon Bell,1.4,7.4328
0r_usy_GIAI,Dillon Bell,1.45,7.8681
0r_usy_GIAI,Dillon Bell,1.5,8.3101
0r_usy_GIAI,Dillon Bell,1.55,8.7583
0r_usy_GIAI,Dillon Bell,1.6,9.2126
0r_usy_GIAI,Dillon Bell,1.65,9.6725
0r_usy_GIAI,Dillon Bell,1.7,10.1379
0r_usy_GIAI,Dillon Bell,1.75,10.6083
0r_usy_GIAI,Dillon Bell,1.8,11.0837
0r_usy_GIAI,Dillon Bell,1.85,11.5637
0r_usy_GIAI,Dillon Bell,1.9,12.0482
0r_usy_GIAI,Dillon Bell,1.95,12.5368
0r_usy_GIAI,Dillon Bell,2.0,13.0295
0r_usy_GIAI,Dillon Bell,2.05,13.5259
0r_usy_GIAI,Dillon Bell,2.1,14.0259
0r_usy_GIAI,Dillon Bell,2.15,14.5294
0r_usy_GIAI,Dillon Bell,2.2,15.0361
0r_usy_GIAI,Dillon Bell,2.25,15.5459
0r_usy_GIAI,Dillon Bell,2.3,16.0587
0r_usy_GIAI,Dillon Bell,2.35,16.5743
0r_usy_GIAI,Dillon Bell,2.4,17.0925
0r_usy_GIAI,Dillon Bell,2.45,17.6132
0r_usy_GIAI,Dillon Bell,2.5,18.1364
0r_usy_GIAI,Dillon Bell,2.55,18.6618
0r_usy_GIAI,Dillon Bell,2.6,19.1894
0r_usy_GIAI,Dillon Bell,2.65,19.7191
0r_usy_GIAI,Dillon Bell,2.7,20.2507
0r_usy_GIAI,Dillon Bell,2.75,20.7842
0r_usy_GIAI,Dillon Bell,2.8,21.3194
0r_usy_GIAI,Dillon Bell,2.85,21.8564
0r_usy_GIAI,Dillon Bell,2.9,22.3949
0r_usy_GIAI,Dillon Bell,2.95,22.935
0r_usy_GIAI,Dillon Bell,3.0,23.4765
0r_usy_GIAI,Dillon Bell,3.05,24.0194
0r_usy_GIAI,Dillon Bell,3.1,24.5636
0r_usy_GIAI,Dillon Bell,3.15,25.109
0r_usy_GIAI,Dillon Bell,3.2,25.6556
0r_usy_GIAI,Dillon Bell,3.25,26.2034
0r_usy_GIAI,Dillon Bell,3.3,26.7522
0r_usy_GIAI,Dillon Bell,3.35,27.302
0r_usy_GIAI,Dillon Bell,3.4,27.8528
0r_usy_GIAI,Dillon Bell,3.45,28.4045
0r_usy_GIAI,Dillon Bell,3.5,28.957
0r_usy_GIAI,Dillon Bell,3.55,29.5104
0r_usy_GIAI,Dillon Bell,3.6,30.0646
0r_usy_GIAI,Dillon Bell,3.65,30.6195
0r_usy_GIAI,Dillon Bell,3.7,31.1752
0r_usy_GIAI,Dillon Bell,3.75,31.7315
0r_usy_GIAI,Dillon Bell,3.8,32.2884
0r_usy_GIAI,Dillon Bell,3.85,32.846
0r_usy_GIAI,Dillon Bell,3.9,33.4041
0r_usy_GIAI,Dillon Bell,3.95,33.9628
0r_usy_GIAI,Dillon Bell,4.0,34.522
0r_usy_GIAI,Dillon Bell,4.05,35.0817
0r_usy_GIAI,Dillon Bell,4.1,35.6419
0r_usy_GIAI,Dillon Bell,4.15,36.2026
0r_usy_GIAI,Dillon Bell,4.2,36.7636
0r_usy_GIAI,Dillon Bell,4.25,37.3251
0r_usy_GIAI,Dillon Bell,4.3,37.887
0r_usy_GIAI,Dillon Bell,4.35,38.4492
0r_usy_GIAI,Dillon Bell,4.4,39.0118
0r_usy_GIAI,Dillon Bell,4.45,39.5747
0r_usy_GIAI,Dillon Bell,4.5,40.1379
0r_usy_GIAI,Malik Benson,0.0,0.0
0r_usy_GIAI,Malik Benson,0.05,0.0139
0r_usy_GIAI,Malik Benson,0.1,0.0548
0r_usy_GIAI,Malik Benson,0.15,0.1213
0r_usy_GIAI,Malik Benson,0.2,0.2125
0r_usy_GIAI,Malik Benson,0.25,0.327
0r_usy_GIAI,Malik Benson,0.3,0.4638
0r_usy_GIAI,Malik Benson,0.35,0.622
0r_usy_GIAI,Malik Benson,0.4,0.8005
0r_usy_GIAI,Malik Benson,0.45,0.9984
0r_usy_GIAI,Malik Benson,0.5,1.2149
0r_usy_GIAI,Malik Benson,0.55,1.4489
0r_usy_GIAI,Malik Benson,0.6,1.6999
0r_usy_GIAI,Malik Benson,0.65,1.9669
0r_usy_GIAI,Malik Benson,0.7,2.2492
0r_usy_GIAI,Malik Benson,0.75,2.5462
0r_usy_GIAI,Malik Benson,0.8,2.8572
0r_usy_GIAI,Malik Benson,0.85,3.1814
0r_usy_GIAI,Malik Benson,0.9,3.5184
0r_usy_GIAI,Malik Benson,0.95,3.8675
0r_usy_GIAI,Malik Benson,1.0,4.2282
0r_usy_GIAI,Malik Benson,1.05,4.5999
0r_usy_GIAI,Malik Benson,1.1,4.9822
0r_usy_GIAI,Malik Benson,1.15,5.3745
0r_usy_GIAI,Malik Benson,1.2,5.7764
0r_usy_GIAI,Malik Benson,1.25,6.1874
0r_usy_GIAI,Malik Benson,1.3,6.6072
0r_usy_GIAI,Malik Benson,1.35,7.0353
0r_usy_GIAI,Malik Benson,1.4,7.4714
0r_usy_GIAI,Malik Benson,1.45,7.915
0r_usy_GIAI,Malik Benson,1.5,8.3659
0r_usy_GIAI,Malik Benson,1.55,8.8236
0r_usy_GIAI,Malik Benson,1.6,9.288
0r_usy_GIAI,Malik Benson,1.65,9.7586
0r_usy_GIAI,Malik Benson,1.7,10.2352
0r_usy_GIAI,Malik Benson,1.75,10.7176
0r_usy_GIAI,Malik Benson,1.8,11.2054
0r_usy_GIAI,Malik Benson,1.85,11.6984
0r_usy_GIAI,Malik Benson,1.9,12.1964
0r_usy_GIAI,Malik Benson,1.95,12.6991
0r_usy_GIAI,Malik Benson,2.0,13.2064
0r_usy_GIAI,Malik Benson,2.05,13.7179
0r_usy_GIAI,Malik Benson,2.1,14.2336
0r_usy_GIAI,Malik Benson,2.15,14.7532
0r_usy_GIAI,Malik Benson,2.2,15.2765
0r_usy_GIAI,Malik Benson,2.25,15.8035
0r_usy_GIAI,Malik Benson,2.3,16.3338
0r_usy_GIAI,Malik Benson,2.35,16.8674
0r_usy_GIAI,Malik Benson,2.4,17.4041
0r_usy_GIAI,Malik Benson,2.45,17.9438
0r_usy_GIAI,Malik Benson,2.5,18.4862
0r_usy_GIAI,Malik Benson,2.55,19.0314
0r_usy_GIAI,Malik Benson,2.6,19.5792
0r_usy_GIAI,Malik Benson,2.65,20.1294
0r_usy_GIAI,Malik Benson,2.7,20.682
0r_usy_GIAI,Malik Benson,2.75,21.2367
0r_usy_GIAI,Malik Benson,2.8,21.7937
0r_usy_GIAI,Malik Benson,2.85,22.3526
0r_usy_GIAI,Malik Benson,2.9,22.9135
0r_usy_GIAI,Malik Benson,2.95,23.4763
0r_usy_GIAI,Malik Benson,3.0,24.0408
0r_usy_GIAI,Malik Benson,3.05,24.607
0r_usy_GIAI,Malik Benson,3.1,25.1748
0r_usy_GIAI,Malik Benson,3.15,25.7442
0r_usy_GIAI,Malik Benson,3.2,26.315
0r_usy_GIAI,Malik Benson,3.25,26.8872
0r_usy_GIAI,Malik Benson,3.3,27.4607
0r_usy_GIAI,Malik Benson,3.35,28.0356
0r_usy_GIAI,Malik Benson,3.4,28.6116
0r_usy_GIAI,Malik Benson,3.45,29.1888
0r_usy_GIAI,Malik Benson,3.5,29.7671
0r_usy_GIAI,Malik Benson,3.55,30.3464
0r_usy_GIAI,Malik Benson,3.6,30.9268
0r_usy_GIAI,Malik Benson,3.65,31.5081
0r_usy_GIAI,Malik Benson,3.7,32.0903
0r_usy_GIAI,Malik Benson,3.75,32.6734
0r_usy_GIAI,Malik Benson,3.8,33.2573
0r_usy_GIAI,Malik Benson,3.85,33.8421
0r_usy_GIAI,Malik Benson,3.9,34.4276
0r_usy_GIAI,Malik Benson,3.95,35.0138
0r_usy_GIAI,Malik Benson,4.0,35.6007
0r_usy_GIAI,Malik Benson,4.05,36.1882
0r_usy_GIAI,Malik Benson,4.1,36.7764
0r_usy_GIAI,Malik Benson,4.15,37.3652
0r_usy_GIAI,Malik Benson,4.2,37.9546
0r_usy_GIAI,Malik Benson,4.25,38.5445
0r_usy_GIAI,Malik Benson,4.3,39.1349
0r_usy_GIAI,Malik Benson,4.35,39.7259
0r_usy_GIAI,Germie Bernard,0.0,0.0
0r_usy_GIAI,Germie Bernard,0.05,0.016
0r_usy_GIAI,Germie Bernard,0.1,0.0629
0r_usy_GIAI,Germie Bernard,0.15,0.1388
0r_usy_GIAI,Germie Bernard,0.2,0.2421
0r_usy_GIAI,Germie Bernard,0.25,0.371
0r_usy_GIAI,Germie Bernard,0.3,0.5242
0r_usy_GIAI,Germie Bernard,0.35,0.7002
0r_usy_GIAI,Germie Bernard,0.4,0.8976
0r_usy_GIAI,Germie Bernard,0.45,1.1153
0r_usy_GIAI,Germie Bernard,0.5,1.3519
0r_usy_GIAI,Germie Bernard,0.55,1.6065
0r_usy_GIAI,Germie Bernard,0.6,1.878
0r_usy_GIAI,Germie Bernard,0.65,2.1653
0r_usy_GIAI,Germie Bernard,0.7,2.4676
0r_usy_GIAI,Germie Bernard,0.75,2.7839
0r_usy_GIAI,Germie Bernard,0.8,3.1135
0r_usy_GIAI,Germie Bernard,0.85,3.4556
0r_usy_GIAI,Germie Bernard,0.9,3.8094
0r_usy_GIAI,Germie Bernard,0.95,4.1742
0r_usy_GIAI,Germie Bernard,1.0,4.5495
0r_usy_GIAI,Germie Bernard,1.05,4.9345
0r_usy_GIAI,Germie Bernard,1.1,5.3288
0r_usy_GIAI,Germie Bernard,1.15,5.7317
0r_usy_GIAI,Germie Bernard,1.2,6.1429
0r_usy_GIAI,Germie Bernard,1.25,6.5617
0r_usy_GIAI,Germie Bernard,1.3,6.9878
0r_usy_GIAI,Germie Bernard,1.35,7.4207
0r_usy_GIAI,Germie Bernard,1.4,7.86
0r_usy_GIAI,Germie Bernard,1.45,8.3053
0r_usy_GIAI,Germie Bernard,1.5,8.7564
0r_usy_GIAI,Germie Bernard,1.55,9.2128
0r_usy_GIAI,Germie Bernard,1.6,9.6742
0r_usy_GIAI,Germie Bernard,1.65,10.1404
0r_usy_GIAI,Germie Bernard,1.7,10.6111
0r_usy_GIAI,Germie Bernard,1.75,11.0859
0r_usy_GIAI,Germie Bernard,1.8,11.5648
0r_usy_GIAI,Germie Bernard,1.85,12.0473
0r_usy_GIAI,Germie Bernard,1.9,12.5334
0r_usy_GIAI,Germie Bernard,1.95,13.0228
0r_usy_GIAI,Germie Bernard,2.0,13.5153
0r_usy_GIAI,Germie Bernard,2.05,14.0107
0r_usy_GIAI,Germie Bernard,2.1,14.5089
0r_usy_GIAI,Germie Bernard,2.15,15.0097
0r_usy_GIAI,Germie Bernard,2.2,15.5129
0r_usy_GIAI,Germie Bernard,2.25,16.0184
0r_usy_GIAI,Germie Bernard,2.3,16.5261
0r_usy_GIAI,Germie Bernard,2.35,17.0359
0r_usy_GIAI,Germie Bernard,2.4,17.5475
0r_usy_GIAI,Germie Bernard,2.45,18.061
0r_usy_GIAI,Germie Bernard,2.5,18.5762
0r_usy_GIAI,Germie Bernard,2.55,19.0929
0r_usy_GIAI,Germie Bernard,2.6,19.6112
0r_usy_GIAI,Germie Bernard,2.65,20.1309
0r_usy_GIAI,Germie Bernard,2.7,20.6519
0r_usy_GIAI,Germie Bernard,2.75,21.1742
0r_usy_GIAI,Germie Bernard,2.8,21.6977
0r_usy_GIAI,Germie Bernard,2.85,22.2223
0r_usy_GIAI,Germie Bernard,2.9,22.748
0r_usy_GIAI,Germie Bernard,2.95,23.2746
0r_usy_GIAI,Germie Bernard,3.0,23.8022
0r_usy_GIAI,Germie Bernard,3.05,24.3306
0r_usy_GIAI,Germie Bernard,3.1,24.8599
0r_usy_GIAI,Germie Bernard,3.15,25.3899
0r_usy_GIAI,Germie Bernard,3.2,25.9207
0r_usy_GIAI,Germie Bernard,3.25,26.4521
0r_usy_GIAI,Germie Bernard,3.3,26.9843
0r_usy_GIAI,Germie Bernard,3.35,27.517
0r_usy_GIAI,Germie Bernard,3.4,28.0503
0r_usy_GIAI,Germie Bernard,3.45,28.5841
0r_usy_GIAI,Germie Bernard,3.5,29.1184
0r_usy_GIAI,Germie Bernard,3.55,29.6533
0r_usy_GIAI,Germie Bernard,3.6,30.1885
0r_usy_GIAI,Germie Bernard,3.65,30.7243
0r_usy_GIAI,Germie Bernard,3.7,31.2604
0r_usy_GIAI,Germie Bernard,3.75,31.7968
0r_usy_GIAI,Germie Bernard,3.8,32.3337
0r_usy_GIAI,Germie Bernard,3.85,32.8708
0r_usy_GIAI,Germie Bernard,3.9,33.4083
0r_usy_GIAI,Germie Bernard,3.95,33.9461
0r_usy_GIAI,Germie Bernard,4.0,34.4841
0r_usy_GIAI,Germie Bernard,4.05,35.0225
0r_usy_GIAI,Germie Bernard,4.1,35.561
0r_usy_GIAI,Germie Bernard,4.15,36.0998
0r_usy_GIAI,Germie Bernard,4.2,36.6388
0r_usy_GIAI,Germie Bernard,4.25,37.178
0r_usy_GIAI,Germie Bernard,4.3,37.7175
0r_usy_GIAI,Germie Bernard,4.35,38.2571
0r_usy_GIAI,Germie Bernard,4.4,38.7968
0r_usy_GIAI,Germie Bernard,4.45,39.3368
0r_usy_GIAI,Germie Bernard,4.5,39.8768
0r_usy_GIAI,Zachariah Branch,0.0,0.0
0r_usy_GIAI,Zachariah Branch,0.05,0.014
0r_usy_GIAI,Zachariah Branch,0.1,0.0552
0r_usy_GIAI,Zachariah Branch,0.15,0.1223
0r_usy_GIAI,Zachariah Branch,0.2,0.214
0r_usy_GIAI,Zachariah Branch,0.25,0.3292
0r_usy_GIAI,Zachariah Branch,0.3,0.4668
0r_usy_GIAI,Zachariah Branch,0.35,0.6257
0r_usy_GIAI,Zachariah Branch,0.4,0.8048
0r_usy_GIAI,Zachariah Branch,0.45,1.0033
0r_usy_GIAI,Zachariah Branch,0.5,1.2202
0r_usy_GIAI,Zachariah Branch,0.55,1.4547
0r_usy_GIAI,Zachariah Branch,0.6,1.7059
0r_usy_GIAI,Zachariah Branch,0.65,1.9729
0r_usy_GIAI,Zachariah Branch,0.7,2.2552
0r_usy_GIAI,Zachariah Branch,0.75,2.5518
0r_usy_GIAI,Zachariah Branch,0.8,2.8623
0r_usy_GIAI,Zachariah Branch,0.85,3.1858
0r_usy_GIAI,Zachariah Branch,0.9,3.5218
0r_usy_GIAI,Zachariah Branch,0.95,3.8697
0r_usy_GIAI,Zachariah Branch,1.0,4.229
0r_usy_GIAI,Zachariah Branch,1.05,4.599
0r_usy_GIAI,Zachariah Branch,1.1,4.9793
0r_usy_GIAI,Zachariah Branch,1.15,5.3693
0r_usy_GIAI,Zachariah Branch,1.2,5.7687
0r_usy_GIAI,Zachariah Branch,1.25,6.177
0r_usy_GIAI,Zachariah Branch,1.3,6.5938
0r_usy_GIAI,Zachariah Branch,1.35,7.0186
0r_usy_GIAI,Zachariah Branch,1.4,7.4511
0r_usy_GIAI,Zachariah Branch,1.45,7.8908
0r_usy_GIAI,Zachariah Branch,1.5,8.3376
0r_usy_GIAI,Zachariah Branch,1.55,8.791
0r_usy_GIAI,Zachariah Branch,1.6,9.2507
0r_usy_GIAI,Zachariah Branch,1.65,9.7164
0r_usy_GIAI,Zachariah Branch,1.7,10.1879
0r_usy_GIAI,Zachariah Branch,1.75,10.6648
0r_usy_GIAI,Zachariah Branch,1.8,11.1469
0r_usy_GIAI,Zachariah Branch,1.85,11.634
0r_usy_GIAI,Zachariah Branch,1.9,12.1258
0r_usy_GIAI,Zachariah Branch,1.95,12.6221
0r_usy_GIAI,Zachariah Branch,2.0,13.1227
0r_usy_GIAI,Zachariah Branch,2.05,13.6274
0r_usy_GIAI,Zachariah Branch,2.1,14.1359
0r_usy_GIAI,Zachariah Branch,2.15,14.6482
0r_usy_GIAI,Zachariah Branch,2.2,15.1639
0r_usy_GIAI,Zachariah Branch,2.25,15.6831
0r_usy_GIAI,Zachariah Branch,2.3,16.2054
0r_usy_GIAI,Zachariah Branch,2.35,16.7308
0r_usy_GIAI,Zachariah Branch,2.4,17.2591
0r_usy_GIAI,Zachariah Branch,2.45,17.7901
0r_usy_GIAI,Zachariah Branch,2.5,18.3238
0r_usy_GIAI,Zachariah Branch,2.55,18.86
0r_usy_GIAI,Zachariah Branch,2.6,19.3986
0r_usy_GIAI,Zachariah Branch,2.65,19.9395
0r_usy_GIAI,Zachariah Branch,2.7,20.4825
0r_usy_GIAI,Zachariah Branch,2.75,21.0276
0r_usy_GIAI,Zachariah Branch,2.8,21.5747
0r_usy_GIAI,Zachariah Branch,2.85,22.1236
0r_usy_GIAI,Zachariah Branch,2.9,22.6744
0r_usy_GIAI,Zachariah Branch,2.95,23.2268
0r_usy_GIAI,Zachariah Branch,3.0,23.7808
0r_usy_GIAI,Zachariah Branch,3.05,24.3364
0r_usy_GIAI,Zachariah Branch,3.1,24.8935
0r_usy_GIAI,Zachariah Branch,3.15,25.452
0r_usy_GIAI,Zachariah Branch,3.2,26.0118
0r_usy_GIAI,Zachariah Branch,3.25,26.5728
0r_usy_GIAI,Zachariah Branch,3.3,27.1351
0r_usy_GIAI,Zachariah Branch,3.35,27.6985
0r_usy_GIAI,Zachariah Branch,3.4,28.2631
0r_usy_GIAI,Zachariah Branch,3.45,28.8286
0r_usy_GIAI,Zachariah Branch,3.5,29.3952
0r_usy_GIAI,Zachariah Branch,3.55,29.9627
0r_usy_GIAI,Zachariah Branch,3.6,30.5311
0r_usy_GIAI,Zachariah Branch,3.65,31.1004
0r_usy_GIAI,Zachariah Branch,3.7,31.6705
0r_usy_GIAI,Zachariah Branch,3.75,32.2414
0r_usy_GIAI,Zachariah Branch,3.8,32.8131
0r_usy_GIAI,Zachariah Branch,3.85,33.3854
0r_usy_GIAI,Zachariah Branch,3.9,33.9584
0r_usy_GIAI,Zachariah Branch,3.95,34.5321
0r_usy_GIAI,Zachariah Branch,4.0,35.1063
0r_usy_GIAI,Zachariah Branch,4.05,35.6812
0r_usy_GIAI,Zachariah Branch,4.1,36.2566
0r_usy_GIAI,Zachariah Branch,4.15,36.8325
0r_usy_GIAI,Zachariah Branch,4.2,37.409
0r_usy_GIAI,Zachariah Branch,4.25,37.9859
0r_usy_GIAI,Zachariah Branch,4.3,38.5633
0r_usy_GIAI,Zachariah Branch,4.35,39.1411
0r_usy_GIAI,Zachariah Branch,4.4,39.7194
0r_usy_GIAI,Barion Brown,0.0,0.0
0r_usy_GIAI,Barion Brown,0.05,0.0128
0r_usy_GIAI,Barion Brown,0.1,0.0506
0r_usy_GIAI,Barion Brown,0.15,0.1122
0r_usy_GIAI,Barion Brown,0.2,0.1967
0r_usy_GIAI,Barion Brown,0.25,0.3031
0r_usy_GIAI,Barion Brown,0.3,0.4306
0r_usy_GIAI,Barion Brown,0.35,0.5782
0r_usy_GIAI,Barion Brown,0.4,0.7451
0r_usy_GIAI,Barion Brown,0.45,0.9305
0r_usy_GIAI,Barion Brown,0.5,1.1335
0r_usy_GIAI,Barion Brown,0.55,1.3536
0r_usy_GIAI,Barion Brown,0.6,1.5899
0r_usy_GIAI,Barion Brown,0.65,1.8418
0r_usy_GIAI,Barion Brown,0.7,2.1087
0r_usy_GIAI,Barion Brown,0.75,2.3899
0r_usy_GIAI,Barion Brown,0.8,2.6847
0r_usy_GIAI,Barion Brown,0.85,2.9928
0r_usy_GIAI,Barion Brown,0.9,3.3134
0r_usy_GIAI,Barion Brown,0.95,3.646
0r_usy_GIAI,Barion Brown,1.0,3.9903
0r_usy_GIAI,Barion Brown,1.05,4.3456
0r_usy_GIAI,Barion Brown,1.1,4.7115
0r_usy_GIAI,Barion Brown,1.15,5.0876
0r_usy_GIAI,Barion Brown,1.2,5.4735
0r_usy_GIAI,Barion Brown,1.25,5.8686
0r_usy_GIAI,Barion Brown,1.3,6.2728
0r_usy_GIAI,Barion Brown,1.35,6.6855
0r_usy_GIAI,Barion Brown,1.4,7.1064
0r_usy_GIAI,Barion Brown,1.45,7.5352
0r_usy_GIAI,Barion Brown,1.5,7.9716
0r_usy_GIAI,Barion Brown,1.55,8.4151
0r_usy_GIAI,Barion Brown,1.6,8.8656
0r_usy_GIAI,Barion Brown,1.65,9.3228
0r_usy_GIAI,Barion Brown,1.7,9.7863
0r_usy_GIAI,Barion Brown,1.75,10.2559
0r_usy_GIAI,Barion Brown,1.8,10.7313
0r_usy_GIAI,Barion Brown,1.85,11.2124
0r_usy_GIAI,Barion Brown,1.9,11.6988
0r_usy_GIAI,Barion Brown,1.95,12.1903
0r_usy_GIAI,Barion Brown,2.0,12.6868
0r_usy_GIAI,Barion Brown,2.05,13.188
0r_usy_GIAI,Barion Brown,2.1,13.6937
0r_usy_GIAI,Barion Brown,2.15,14.2037
0r_usy_GIAI,Barion Brown,2.2,14.7179
0r_usy_GIAI,Barion Brown,2.25,15.2361
0r_usy_GIAI,Barion Brown,2.3,15.758
0r_usy_GIAI,Barion Brown,2.35,16.2837
0r_usy_GIAI,Barion Brown,2.4,16.8128
0r_usy_GIAI,Barion Brown,2.45,17.3453
0r_usy_GIAI,Barion Brown,2.5,17.881
0r_usy_GIAI,Barion Brown,2.55,18.4197
0r_usy_GIAI,Barion Brown,2.6,18.9615
0r_usy_GIAI,Barion Brown,2.65,19.506
0r_usy_GIAI,Barion Brown,2.7,20.0533
0r_usy_GIAI,Barion Brown,2.75,20.6031
0r_usy_GIAI,Barion Brown,2.8,21.1555
0r_usy_GIAI,Barion Brown,2.85,21.7102
0r_usy_GIAI,Barion Brown,2.9,22.2672
0r_usy_GIAI,Barion Brown,2.95,22.8264
0r_usy_GIAI,Barion Brown,3.0,23.3877
0r_usy_GIAI,Barion Brown,3.05,23.951
0r_usy_GIAI,Barion Brown,3.1,24.5163
0r_usy_GIAI,Barion Brown,3.15,25.0833
0r_usy_GIAI,Barion Brown,3.2,25.6522
0r_usy_GIAI,Barion Brown,3.25,26.2227
0r_usy_GIAI,Barion Brown,3.3,26.7949
0r_usy_GIAI,Barion Brown,3.35,27.3686
0r_usy_GIAI,Barion Brown,3.4,27.9438
0r_usy_GIAI,Barion Brown,3.45,28.5205
0r_usy_GIAI,Barion Brown,3.5,29.0985
0r_usy_GIAI,Barion Brown,3.55,29.6778
0r_usy_GIAI,Barion Brown,3.6,30.2584
0r_usy_GIAI,Barion Brown,3.65,30.8402
0r_usy_GIAI,Barion Brown,3.7,31.4231
0r_usy_GIAI,Barion Brown,3.75,32.0071
0r_usy_GIAI,Barion Brown,3.8,32.5922
0r_usy_GIAI,Barion Brown,3.85,33.1783
0r_usy_GIAI,Barion Brown,3.9,33.7654
0r_usy_GIAI,Barion Brown,3.95,34.3535
0r_usy_GIAI,Barion Brown,4.0,34.9424
0r_usy_GIAI,Barion Brown,4.05,35.5321
0r_usy_GIAI,Barion Brown,4.1,36.1227
0r_usy_GIAI,Barion Brown,4.15,36.7141
0r_usy_GIAI,Barion Brown,4.2,37.3062
0r_usy_GIAI,Barion Brown,4.25,37.8991
0r_usy_GIAI,Barion Brown,4.3,38.4926
0r_usy_GIAI,Barion Brown,4.35,39.0868
0r_usy_GIAI,Barion Brown,4.4,39.6817
0r_usy_GIAI,Deion Burks,0.0,0.0
0r_usy_GIAI,Deion Burks,0.05,0.0139
0r_usy_GIAI,Deion Burks,0.1,0.0549
0r_usy_GIAI,Deion Burks,0.15,0.1216
0r_usy_GIAI,Deion Burks,0.2,0.213
0r_usy_GIAI,Deion Burks,0.25,0.3278
0r_usy_GIAI,Deion Burks,0.3,0.4652
0r_usy_GIAI,Deion Burks,0.35,0.6239
0r_usy_GIAI,Deion Burks,0.4,0.8032
0r_usy_GIAI,Deion Burks,0.45,1.002
0r_usy_GIAI,Deion Burks,0.5,1.2194
0r_usy_GIAI,Deion Burks,0.55,1.4547
0r_usy_GIAI,Deion Burks,0.6,1.707
0r_usy_GIAI,Deion Burks,0.65,1.9755
0r_usy_GIAI,Deion Burks,0.7,2.2596
0r_usy_GIAI,Deion Burks,0.75,2.5584
0r_usy_GIAI,Deion Burks,0.8,2.8714
0r_usy_GIAI,Deion Burks,0.85,3.1979
0r_usy_GIAI,Deion Burks,0.9,3.5373
0r_usy_GIAI,Deion Burks,0.95,3.8891
0r_usy_GIAI,Deion Burks,1.0,4.2525
0r_usy_GIAI,Deion Burks,1.05,4.6272
0r_usy_GIAI,Deion Burks,1.1,5.0126
0r_usy_GIAI,Deion Burks,1.15,5.4083
0r_usy_GIAI,Deion Burks,1.2,5.8137
0r_usy_GIAI,Deion Burks,1.25,6.2284
0r_usy_GIAI,Deion Burks,1.3,6.6521
0r_usy_GIAI,Deion Burks,1.35,7.0843
0r_usy_GIAI,Deion Burks,1.4,7.5245
0r_usy_GIAI,Deion Burks,1.45,7.9726
0r_usy_GIAI,Deion Burks,1.5,8.428
0r_usy_GIAI,Deion Burks,1.55,8.8905
0r_usy_GIAI,Deion Burks,1.6,9.3598
0r_usy_GIAI,Deion Burks,1.65,9.8355
0r_usy_GIAI,Deion Burks,1.7,10.3174
0r_usy_GIAI,Deion Burks,1.75,10.8051
0r_usy_GIAI,Deion Burks,1.8,11.2985
0r_usy_GIAI,Deion Burks,1.85,11.7972
0r_usy_GIAI,Deion Burks,1.9,12.301
0r_usy_GIAI,Deion Burks,1.95,12.8097
0r_usy_GIAI,Deion Burks,2.0,13.3231
0r_usy_GIAI,Deion Burks,2.05,13.8409
0r_usy_GIAI,Deion Burks,2.1,14.363
0r_usy_GIAI,Deion Burks,2.15,14.8891
0r_usy_GIAI,Deion Burks,2.2,15.4192
0r_usy_GIAI,Deion Burks,2.25,15.9529
0r_usy_GIAI,Deion Burks,2.3,16.4901
0r_usy_GIAI,Deion Burks,2.35,17.0308
0r_usy_GIAI,Deion Burks,2.4,17.5746
0r_usy_GIAI,Deion Burks,2.45,18.1215
0r_usy_GIAI,Deion Burks,2.5,18.6714
0r_usy_GIAI,Deion Burks,2.55,19.2241
0r_usy_GIAI,Deion Burks,2.6,19.7794
0r_usy_GIAI,Deion Burks,2.65,20.3373
0r_usy_GIAI,Deion Burks,2.7,20.8977
0r_usy_GIAI,Deion Burks,2.75,21.4604
0r_usy_GIAI,Deion Burks,2.8,22.0253
0r_usy_GIAI,Deion Burks,2.85,22.5923
0r_usy_GIAI,Deion Burks,2.9,23.1614
0r_usy_GIAI,Deion Burks,2.95,23.7324
0r_usy_GIAI,Deion Burks,3.0,24.3052
0r_usy_GIAI,Deion Burks,3.05,24.8798
0r_usy_GIAI,Deion Burks,3.1,25.4562
0r_usy_GIAI,Deion Burks,3.15,26.0341
0r_usy_GIAI,Deion Burks,3.2,26.6135
0r_usy_GIAI,Deion Burks,3.25,27.1944
0r_usy_GIAI,Deion Burks,3.3,27.7768
0r_usy_GIAI,Deion Burks,3.35,28.3604
0r_usy_GIAI,Deion Burks,3.4,28.9454
0r_usy_GIAI,Deion Burks,3.45,29.5315
0r_usy_GIAI,Deion Burks,3.5,30.1189
0r_usy_GIAI,Deion Burks,3.55,30.7073
0r_usy_GIAI,Deion Burks,3.6,31.2968
0r_usy_GIAI,Deion Burks,3.65,31.8873
0r_usy_GIAI,Deion Burks,3.7,32.4788
0r_usy_GIAI,Deion Burks,3.75,33.0712
0r_usy_GIAI,Deion Burks,3.8,33.6645
0r_usy_GIAI,Deion Burks,3.85,34.2587
0r_usy_GIAI,Deion Burks,3.9,34.8536
0r_usy_GIAI,Deion Burks,3.95,35.4493
0r_usy_GIAI,Deion Burks,4.0,36.0458
0r_usy_GIAI,Deion Burks,4.05,36.6429
0r_usy_GIAI,Deion Burks,4.1,37.2408
0r_usy_GIAI,Deion Burks,4.15,37.8392
0r_usy_GIAI,Deion Burks,4.2,38.4383
0r_usy_GIAI,Deion Burks,4.25,39.0379
0r_usy_GIAI,Deion Burks,4.3,39.6381
0r_usy_GIAI,Omar Cooper,0.0,0.0
0r_usy_GIAI,Omar Cooper,0.05,0.0144
0r_usy_GIAI,Omar Cooper,0.1,0.0568
0r_usy_GIAI,Omar Cooper,0.15,0.1256
0r_usy_GIAI,Omar Cooper,0.2,0.2195
0r_usy_GIAI,Omar Cooper,0.25,0.3374
0r_usy_GIAI,Omar Cooper,0.3,0.478
0r_usy_GIAI,Omar Cooper,0.35,0.6402
0r_usy_GIAI,Omar Cooper,0.4,0.8229
0r_usy_GIAI,Omar Cooper,0.45,1.025
0r_usy_GIAI,Omar Cooper,0.5,1.2456
0r_usy_GIAI,Omar Cooper,0.55,1.4838
0r_usy_GIAI,Omar Cooper,0.6,1.7387
0r_usy_GIAI,Omar Cooper,0.65,2.0094
0r_usy_GIAI,Omar Cooper,0.7,2.2952
0r_usy_GIAI,Omar Cooper,0.75,2.5953
0r_usy_GIAI,Omar Cooper,0.8,2.9089
0r_usy_GIAI,Omar Cooper,0.85,3.2355
0r_usy_GIAI,Omar Cooper,0.9,3.5743
0r_usy_GIAI,Omar Cooper,0.95,3.9248
0r_usy_GIAI,Omar Cooper,1.0,4.2863
0r_usy_GIAI,Omar Cooper,1.05,4.6584
0r_usy_GIAI,Omar Cooper,1.1,5.0404
0r_usy_GIAI,Omar Cooper,1.15,5.4319
0r_usy_GIAI,Omar Cooper,1.2,5.8324
0r_usy_GIAI,Omar Cooper,1.25,6.2415
0r_usy_GIAI,Omar Cooper,1.3,6.6587
0r_usy_GIAI,Omar Cooper,1.35,7.0836
0r_usy_GIAI,Omar Cooper,1.4,7.5158
0r_usy_GIAI,Omar Cooper,1.45,7.9551
0r_usy_GIAI,Omar Cooper,1.5,8.4009
0r_usy_GIAI,Omar Cooper,1.55,8.853
0r_usy_GIAI,Omar Cooper,1.6,9.3111
0r_usy_GIAI,Omar Cooper,1.65,9.7749
0r_usy_GIAI,Omar Cooper,1.7,10.244
0r_usy_GIAI,Omar Cooper,1.75,10.7183
0r_usy_GIAI,Omar Cooper,1.8,11.1974
0r_usy_GIAI,Omar Cooper,1.85,11.6812
0r_usy_GIAI,Omar Cooper,1.9,12.1693
0r_usy_GIAI,Omar Cooper,1.95,12.6616
0r_usy_GIAI,Omar Cooper,2.0,13.1579
0r_usy_GIAI,Omar Cooper,2.05,13.6579
0r_usy_GIAI,Omar Cooper,2.1,14.1615
0r_usy_GIAI,Omar Cooper,2.15,14.6685
0r_usy_GIAI,Omar Cooper,2.2,15.1787
0r_usy_GIAI,Omar Cooper,2.25,15.6919
0r_usy_GIAI,Omar Cooper,2.3,16.2081
0r_usy_GIAI,Omar Cooper,2.35,16.7271
0r_usy_GIAI,Omar Cooper,2.4,17.2486
0r_usy_GIAI,Omar Cooper,2.45,17.7727
0r_usy_GIAI,Omar Cooper,2.5,18.2991
0r_usy_GIAI,Omar Cooper,2.55,18.8278
0r_usy_GIAI,Omar Cooper,2.6,19.3586
0r_usy_GIAI,Omar Cooper,2.65,19.8915
0r_usy_GIAI,Omar Cooper,2.7,20.4262
0r_usy_GIAI,Omar Cooper,2.75,20.9628
0r_usy_GIAI,Omar Cooper,2.8,21.5012
0r_usy_GIAI,Omar Cooper,2.85,22.0412
0r_usy_GIAI,Omar Cooper,2.9,22.5828
0r_usy_GIAI,Omar Cooper,2.95,23.1258
0r_usy_GIAI,Omar Cooper,3.0,23.6703
0r_usy_GIAI,Omar Cooper,3.05,24.2161
0r_usy_GIAI,Omar Cooper,3.1,24.7632
0r_usy_GIAI,Omar Cooper,3.15,25.3115
0r_usy_GIAI,Omar Cooper,3.2,25.861
0r_usy_GIAI,Omar Cooper,3.25,26.4116
0r_usy_GIAI,Omar Cooper,3.3,26.9632
0r_usy_GIAI,Omar Cooper,3.35,27.5158
0r_usy_GIAI,Omar Cooper,3.4,28.0693
0r_usy_GIAI,Omar Cooper,3.45,28.6237
0r_usy_GIAI,Omar Cooper,3.5,29.179
0r_usy_GIAI,Omar Cooper,3.55,29.7351
0r_usy_GIAI,Omar Cooper,3.6,30.2919
0r_usy_GIAI,Omar Cooper,3.65,30.8495
0r_usy_GIAI,Omar Cooper,3.7,31.4077
0r_usy_GIAI,Omar Cooper,3.75,31.9666
0r_usy_GIAI,Omar Cooper,3.8,32.5262
0r_usy_GIAI,Omar Cooper,3.85,33.0863
0r_usy_GIAI,Omar Cooper,3.9,33.647
0r_usy_GIAI,Omar Cooper,3.95,34.2082
0r_usy_GIAI,Omar Cooper,4.0,34.7699
0r_usy_GIAI,Omar Cooper,4.05,35.3322
0r_usy_GIAI,Omar Cooper,4.1,35.8948
0r_usy_GIAI,Omar Cooper,4.15,36.4579
0r_usy_GIAI,Omar Cooper,4.2,37.0215
0r_usy_GIAI,Omar Cooper,4.25,37.5854
0r_usy_GIAI,Omar Cooper,4.3,38.1496
0r_usy_GIAI,Omar Cooper,4.35,38.7143
0r_usy_GIAI,Omar Cooper,4.4,39.2792
0r_usy_GIAI,Omar Cooper,4.45,39.8445
0r_usy_GIAI,Dillon Bell,0.0,0.0
0r_usy_GIAI,Dillon Bell,0.05,0.0144
0r_usy_GIAI,Dillon Bell,0.1,0.0566
0r_usy_GIAI,Dillon Bell,0.15,0.1252
0r_usy_GIAI,Dillon Bell,0.2,0.2189
0r_usy_GIAI,Dillon Bell,0.25,0.3364
0r_usy_GIAI,Dillon Bell,0.3,0.4765
0r_usy_GIAI,Dillon Bell,0.35,0.638
0r_usy_GIAI,Dillon Bell,0.4,0.8199
0r_usy_GIAI,Dillon Bell,0.45,1.0211
0r_usy_GIAI,Dillon Bell,0.5,1.2407
0r_usy_GIAI,Dillon Bell,0.55,1.4777
0r_usy_GIAI,Dillon Bell,0.6,1.7312
0r_usy_GIAI,Dillon Bell,0.65,2.0004
0r_usy_GIAI,Dillon Bell,0.7,2.2845
0r_usy_GIAI,Dillon Bell,0.75,2.5828
0r_usy_GIAI,Dillon Bell,0.8,2.8945
0r_usy_GIAI,Dillon Bell,0.85,3.2189
0r_usy_GIAI,Dillon Bell,0.9,3.5554
0r_usy_GIAI,Dillon Bell,0.95,3.9035
0r_usy_GIAI,Dillon Bell,1.0,4.2624
0r_usy_GIAI,Dillon Bell,1.05,4.6317
0r_usy_GIAI,Dillon Bell,1.1,5.0108
0r_usy_GIAI,Dillon Bell,1.15,5.3992
0r_usy_GIAI,Dillon Bell,1.2,5.7965
0r_usy_GIAI,Dillon Bell,1.25,6.2022
0r_usy_GIAI,Dillon Bell,1.3,6.6159
0r_usy_GIAI,Dillon Bell,1.35,7.0372
0r_usy_GIAI,Dillon Bell,1.4,7.4657
0r_usy_GIAI,Dillon Bell,1.45,7.9009
0r_usy_GIAI,Dillon Bell,1.5,8.3427
0r_usy_GIAI,Dillon Bell,1.55,8.7906
0r_usy_GIAI,Dillon Bell,1.6,9.2444
0r_usy_GIAI,Dillon Bell,1.65,9.7037
0r_usy_GIAI,Dillon Bell,1.7,10.1683
0r_usy_GIAI,Dillon Bell,1.75,10.6379
0r_usy_GIAI,Dillon Bell,1.8,11.1122
0r_usy_GIAI,Dillon Bell,1.85,11.591
0r_usy_GIAI,Dillon Bell,1.9,12.0741
0r_usy_GIAI,Dillon Bell,1.95,12.5613
0r_usy_GIAI,Dillon Bell,2.0,13.0523
0r_usy_GIAI,Dillon Bell,2.05,13.5469
0r_usy_GIAI,Dillon Bell,2.1,14.0451
0r_usy_GIAI,Dillon Bell,2.15,14.5465
0r_usy_GIAI,Dillon Bell,2.2,15.0511
0r_usy_GIAI,Dillon Bell,2.25,15.5586
0r_usy_GIAI,Dillon Bell,2.3,16.069
0r_usy_GIAI,Dillon Bell,2.35,16.582
0r_usy_GIAI,Dillon Bell,2.4,17.0976
0r_usy_GIAI,Dillon Bell,2.45,17.6156
0r_usy_GIAI,Dillon Bell,2.5,18.1358
0r_usy_GIAI,Dillon Bell,2.55,18.6583
0r_usy_GIAI,Dillon Bell,2.6,19.1828
0r_usy_GIAI,Dillon Bell,2.65,19.7093
0r_usy_GIAI,Dillon Bell,2.7,20.2376
0r_usy_GIAI,Dillon Bell,2.75,20.7677
0r_usy_GIAI,Dillon Bell,2.8,21.2995
0r_usy_GIAI,Dillon Bell,2.85,21.8329
0r_usy_GIAI,Dillon Bell,2.9,22.3677
0r_usy_GIAI,Dillon Bell,2.95,22.904
0r_usy_GIAI,Dillon Bell,3.0,23.4417
0r_usy_GIAI,Dillon Bell,3.05,23.9807
0r_usy_GIAI,Dillon Bell,3.1,24.5209
0r_usy_GIAI,Dillon Bell,3.15,25.0622
0r_usy_GIAI,Dillon Bell,3.2,25.6047
0r_usy_GIAI,Dillon Bell,3.25,26.1482
0r_usy_GIAI,Dillon Bell,3.3,26.6927
0r_usy_GIAI,Dillon Bell,3.35,27.2382
0r_usy_GIAI,Dillon Bell,3.4,27.7845
0r_usy_GIAI,Dillon Bell,3.45,28.3317
0r_usy_GIAI,Dillon Bell,3.5,28.8797
0r_usy_GIAI,Dillon Bell,3.55,29.4285
0r_usy_GIAI,Dillon Bell,3.6,29.978
0r_usy_GIAI,Dillon Bell,3.65,30.5282
0r_usy_GIAI,Dillon Bell,3.7,31.0791
0r_usy_GIAI,Dillon Bell,3.75,31.6306
0r_usy_GIAI,Dillon Bell,3.8,32.1826
0r_usy_GIAI,Dillon Bell,3.85,32.7353
0r_usy_GIAI,Dillon Bell,3.9,33.2885
0r_usy_GIAI,Dillon Bell,3.95,33.8421
0r_usy_GIAI,Dillon Bell,4.0,34.3963
0r_usy_GIAI,Dillon Bell,4.05,34.9509
0r_usy_GIAI,Dillon Bell,4.1,35.506
0r_usy_GIAI,Dillon Bell,4.15,36.0614
0r_usy_GIAI,Dillon Bell,4.2,36.6173
0r_usy_GIAI,Dillon Bell,4.25,37.1735
0r_usy_GIAI,Dillon Bell,4.3,37.7301
0r_usy_GIAI,Dillon Bell,4.35,38.287
0r_usy_GIAI,Dillon Bell,4.4,38.8442
0r_usy_GIAI,Dillon Bell,4.45,39.4017
0r_usy_GIAI,Dillon Bell,4.5,39.9595
0r_usy_GIAI,Malik Benson,0.0,0.0
0r_usy_GIAI,Malik Benson,0.05,0.0142
0r_usy_GIAI,Malik Benson,0.1,0.0561
0r_usy_GIAI,Malik Benson,0.15,0.1242
0r_usy_GIAI,Malik Benson,0.2,0.2172
0r_usy_GIAI,Malik Benson,0.25,0.3341
0r_usy_GIAI,Malik Benson,0.3,0.4736
0r_usy_GIAI,Malik Benson,0.35,0.6347
0r_usy_GIAI,Malik Benson,0.4,0.8163
0r_usy_GIAI,Malik Benson,0.45,1.0174
0r_usy_GIAI,Malik Benson,0.5,1.2372
0r_usy_GIAI,Malik Benson,0.55,1.4746
0r_usy_GIAI,Malik Benson,0.6,1.729
0r_usy_GIAI,Malik Benson,0.65,1.9993
0r_usy_GIAI,Malik Benson,0.7,2.285
0r_usy_GIAI,Malik Benson,0.75,2.5852
0r_usy_GIAI,Malik Benson,0.8,2.8992
0r_usy_GIAI,Malik Benson,0.85,3.2264
0r_usy_GIAI,Malik Benson,0.9,3.5662
0r_usy_GIAI,Malik Benson,0.95,3.9179
0r_usy_GIAI,Malik Benson,1.0,4.281
0r_usy_GIAI,Malik Benson,1.05,4.6549
0r_usy_GIAI,Malik Benson,1.1,5.0392
0r_usy_GIAI,Malik Benson,1.15,5.4332
0r_usy_GIAI,Malik Benson,1.2,5.8366
0r_usy_GIAI,Malik Benson,1.25,6.2488
0r_usy_GIAI,Malik Benson,1.3,6.6696
0r_usy_GIAI,Malik Benson,1.35,7.0984
0r_usy_GIAI,Malik Benson,1.4,7.5348
0r_usy_GIAI,Malik Benson,1.45,7.9786
0r_usy_GIAI,Malik Benson,1.5,8.4293
0r_usy_GIAI,Malik Benson,1.55,8.8866
0r_usy_GIAI,Malik Benson,1.6,9.3503
0r_usy_GIAI,Malik Benson,1.65,9.8199
0r_usy_GIAI,Malik Benson,1.7,10.2953
0r_usy_GIAI,Malik Benson,1.75,10.776
0r_usy_GIAI,Malik Benson,1.8,11.262
0r_usy_GIAI,Malik Benson,1.85,11.7529
0r_usy_GIAI,Malik Benson,1.9,12.2485
0r_usy_GIAI,Malik Benson,1.95,12.7485
0r_usy_GIAI,Malik Benson,2.0,13.2528
0r_usy_GIAI,Malik Benson,2.05,13.7611
0r_usy_GIAI,Malik Benson,2.1,14.2733
0r_usy_GIAI,Malik Benson,2.15,14.7891
0r_usy_GIAI,Malik Benson,2.2,15.3085
0r_usy_GIAI,Malik Benson,2.25,15.8312
0r_usy_GIAI,Malik Benson,2.3,16.357
0r_usy_GIAI,Malik Benson,2.35,16.8858
0r_usy_GIAI,Malik Benson,2.4,17.4175
0r_usy_GIAI,Malik Benson,2.45,17.952
0r_usy_GIAI,Malik Benson,2.5,18.489
0r_usy_GIAI,Malik Benson,2.55,19.0285
0r_usy_GIAI,Malik Benson,2.6,19.5704
0r_usy_GIAI,Malik Benson,2.65,20.1145
0r_usy_GIAI,Malik Benson,2.7,20.6607
0r_usy_GIAI,Malik Benson,2.75,21.209
0r_usy_GIAI,Malik Benson,2.8,21.7592
0r_usy_GIAI,Malik Benson,2.85,22.3112
0r_usy_GIAI,Malik Benson,2.9,22.865
0r_usy_GIAI,Malik Benson,2.95,23.4205
0r_usy_GIAI,Malik Benson,3.0,23.9776
0r_usy_GIAI,Malik Benson,3.05,24.5361
0r_usy_GIAI,Malik Benson,3.1,25.0961
0r_usy_GIAI,Malik Benson,3.15,25.6575
0r_usy_GIAI,Malik Benson,3.2,26.2202
0r_usy_GIAI,Malik Benson,3.25,26.7841
0r_usy_GIAI,Malik Benson,3.3,27.3492
0r_usy_GIAI,Malik Benson,3.35,27.9155
0r_usy_GIAI,Malik Benson,3.4,28.4828
0r_usy_GIAI,Malik Benson,3.45,29.0511
0r_usy_GIAI,Malik Benson,3.5,29.6204
0r_usy_GIAI,Malik Benson,3.55,30.1906
0r_usy_GIAI,Malik Benson,3.6,30.7617
0r_usy_GIAI,Malik Benson,3.65,31.3336
0r_usy_GIAI,Malik Benson,3.7,31.9064
0r_usy_GIAI,Malik Benson,3.75,32.4799
0r_usy_GIAI,Malik Benson,3.8,33.0541
0r_usy_GIAI,Malik Benson,3.85,33.629
0r_usy_GIAI,Malik Benson,3.9,34.2046
0r_usy_GIAI,Malik Benson,3.95,34.7807
0r_usy_GIAI,Malik Benson,4.0,35.3575
0r_usy_GIAI,Malik Benson,4.05,35.9349
0r_usy_GIAI,Malik Benson,4.1,36.5127
0r_usy_GIAI,Malik Benson,4.15,37.0911
0r_usy_GIAI,Malik Benson,4.2,37.67
0r_usy_GIAI,Malik Benson,4.25,38.2493
0r_usy_GIAI,Malik Benson,4.3,38.8291
0r_usy_GIAI,Malik Benson,4.35,39.4093
0r_usy_GIAI,Malik Benson,4.4,39.9899
0r_usy_GIAI,Zachariah Branch,0.0,0.0
0r_usy_GIAI,Zachariah Branch,0.05,0.0131
0r_usy_GIAI,Zachariah Branch,0.1,0.0518
0r_usy_GIAI,Zachariah Branch,0.15,0.115
0r_usy_GIAI,Zachariah Branch,0.2,0.2015
0r_usy_GIAI,Zachariah Branch,0.25,0.3105
0r_usy_GIAI,Zachariah Branch,0.3,0.441
0r_usy_GIAI,Zachariah Branch,0.35,0.5921
0r_usy_GIAI,Zachariah Branch,0.4,0.7628
0r_usy_GIAI,Zachariah Branch,0.45,0.9525
0r_usy_GIAI,Zachariah Branch,0.5,1.1602
0r_usy_GIAI,Zachariah Branch,0.55,1.3853
0r_usy_GIAI,Zachariah Branch,0.6,1.6269
0r_usy_GIAI,Zachariah Branch,0.65,1.8844
0r_usy_GIAI,Zachariah Branch,0.7,2.1572
0r_usy_GIAI,Zachariah Branch,0.75,2.4445
0r_usy_GIAI,Zachariah Branch,0.8,2.7458
0r_usy_GIAI,Zachariah Branch,0.85,3.0604
0r_usy_GIAI,Zachariah Branch,0.9,3.3878
0r_usy_GIAI,Zachariah Branch,0.95,3.7275
0r_usy_GIAI,Zachariah Branch,1.0,4.079
0r_usy_GIAI,Zachariah Branch,1.05,4.4417
0r_usy_GIAI,Zachariah Branch,1.1,4.8152
0r_usy_GIAI,Zachariah Branch,1.15,5.1989
0r_usy_GIAI,Zachariah Branch,1.2,5.5926
0r_usy_GIAI,Zachariah Branch,1.25,5.9957
0r_usy_GIAI,Zachariah Branch,1.3,6.4079
0r_usy_GIAI,Zachariah Branch,1.35,6.8288
0r_usy_GIAI,Zachariah Branch,1.4,7.258
0r_usy_GIAI,Zachariah Branch,1.45,7.6952
0r_usy_GIAI,Zachariah Branch,1.5,8.14
0r_usy_GIAI,Zachariah Branch,1.55,8.5921
0r_usy_GIAI,Zachariah Branch,1.6,9.0512
0r_usy_GIAI,Zachariah Branch,1.65,9.5169
0r_usy_GIAI,Zachariah Branch,1.7,9.9892
0r_usy_GIAI,Zachariah Branch,1.75,10.4675
0r_usy_GIAI,Zachariah Branch,1.8,10.9518
0r_usy_GIAI,Zachariah Branch,1.85,11.4417
0r_usy_GIAI,Zachariah Branch,1.9,11.9369
0r_usy_GIAI,Zachariah Branch,1.95,12.4374
0r_usy_GIAI,Zachariah Branch,2.0,12.9428
0r_usy_GIAI,Zachariah Branch,2.05,13.453
0r_usy_GIAI,Zachariah Branch,2.1,13.9677
0r_usy_GIAI,Zachariah Branch,2.15,14.4868
0r_usy_GIAI,Zachariah Branch,2.2,15.01
0r_usy_GIAI,Zachariah Branch,2.25,15.5372
0r_usy_GIAI,Zachariah Branch,2.3,16.0682
0r_usy_GIAI,Zachariah Branch,2.35,16.603
0r_usy_GIAI,Zachariah Branch,2.4,17.1412
0r_usy_GIAI,Zachariah Branch,2.45,17.6828
0r_usy_GIAI,Zachariah Branch,2.5,18.2275
0r_usy_GIAI,Zachariah Branch,2.55,18.7754
0r_usy_GIAI,Zachariah Branch,2.6,19.3263
0r_usy_GIAI,Zachariah Branch,2.65,19.8799
0r_usy_GIAI,Zachariah Branch,2.7,20.4363
0r_usy_GIAI,Zachariah Branch,2.75,20.9952
0r_usy_GIAI,Zachariah Branch,2.8,21.5567
0r_usy_GIAI,Zachariah Branch,2.85,22.1205
0r_usy_GIAI,Zachariah Branch,2.9,22.6866
0r_usy_GIAI,Zachariah Branch,2.95,23.2549
0r_usy_GIAI,Zachariah Branch,3.0,23.8252
0r_usy_GIAI,Zachariah Branch,3.05,24.3976
0r_usy_GIAI,Zachariah Branch,3.1,24.9719
0r_usy_GIAI,Zachariah Branch,3.15,25.548
0r_usy_GIAI,Zachariah Branch,3.2,26.1259
0r_usy_GIAI,Zachariah Branch,3.25,26.7055
0r_usy_GIAI,Zachariah Branch,3.3,27.2867
0r_usy_GIAI,Zachariah Branch,3.35,27.8694
0r_usy_GIAI,Zachariah Branch,3.4,28.4536
0r_usy_GIAI,Zachariah Branch,3.45,29.0392
0r_usy_GIAI,Zachariah Branch,3.5,29.6262
0r_usy_GIAI,Zachariah Branch,3.55,30.2145
0r_usy_GIAI,Zachariah Branch,3.6,30.804
0r_usy_GIAI,Zachariah Branch,3.65,31.3948
0r_usy_GIAI,Zachariah Branch,3.7,31.9866
0r_usy_GIAI,Zachariah Branch,3.75,32.5796
0r_usy_GIAI,Zachariah Branch,3.8,33.1736
0r_usy_GIAI,Zachariah Branch,3.85,33.7686
0r_usy_GIAI,Zachariah Branch,3.9,34.3646
0r_usy_GIAI,Zachariah Branch,3.95,34.9615
0r_usy_GIAI,Zachariah Branch,4.0,35.5592
0r_usy_GIAI,Zachariah Branch,4.05,36.1579
0r_usy_GIAI,Zachariah Branch,4.1,36.7573
0r_usy_GIAI,Zachariah Branch,4.15,37.3575
0r_usy_GIAI,Zachariah Branch,4.2,37.9584
0r_usy_GIAI,Zachariah Branch,4.25,38.5601
0r_usy_GIAI,Zachariah Branch,4.3,39.1624
0r_usy_GIAI,Zachariah Branch,4.35,39.7654
0r_usy_GIAI,Barion Brown,0.0,0.0
0r_usy_GIAI,Barion Brown,0.05,0.0121
0r_usy_GIAI,Barion Brown,0.1,0.048
0r_usy_GIAI,Barion Brown,0.15,0.1066
0r_usy_GIAI,Barion Brown,0.2,0.1871
0r_usy_GIAI,Barion Brown,0.25,0.2888
0r_usy_GIAI,Barion Brown,0.3,0.4109
0r_usy_GIAI,Barion Brown,0.35,0.5525
0r_usy_GIAI,Barion Brown,0.4,0.713
0r_usy_GIAI,Barion Brown,0.45,0.8917
0r_usy_GIAI,Barion Brown,0.5,1.0879
0r_usy_GIAI,Barion Brown,0.55,1.3009
0r_usy_GIAI,Barion Brown,0.6,1.5301
0r_usy_GIAI,Barion Brown,0.65,1.775
0r_usy_GIAI,Barion Brown,0.7,2.0348
0r_usy_GIAI,Barion Brown,0.75,2.3092
0r_usy_GIAI,Barion Brown,0.8,2.5975
0r_usy_GIAI,Barion Brown,0.85,2.8993
0r_usy_GIAI,Barion Brown,0.9,3.2139
0r_usy_GIAI,Barion Brown,0.95,3.541
0r_usy_GIAI,Barion Brown,1.0,3.8801
0r_usy_GIAI,Barion Brown,1.05,4.2307
0r_usy_GIAI,Barion Brown,1.1,4.5925
0r_usy_GIAI,Barion Brown,1.15,4.9649
0r_usy_GIAI,Barion Brown,1.2,5.3477
0r_usy_GIAI,Barion Brown,1.25,5.7403
0r_usy_GIAI,Barion Brown,1.3,6.1425
0r_usy_GIAI,Barion Brown,1.35,6.554
0r_usy_GIAI,Barion Brown,1.4,6.9742
0r_usy_GIAI,Barion Brown,1.45,7.403
0r_usy_GIAI,Barion Brown,1.5,7.84
0r_usy_GIAI,Barion Brown,1.55,8.2849
0r_usy_GIAI,Barion Brown,1.6,8.7374
0r_usy_GIAI,Barion Brown,1.65,9.1973
0r_usy_GIAI,Barion Brown,1.7,9.6642
0r_usy_GIAI,Barion Brown,1.75,10.1379
0r_usy_GIAI,Barion Brown,1.8,10.6181
0r_usy_GIAI,Barion Brown,1.85,11.1047
0r_usy_GIAI,Barion Brown,1.9,11.5973
0r_usy_GIAI,Barion Brown,1.95,12.0958
0r_usy_GIAI,Barion Brown,2.0,12.5998
0r_usy_GIAI,Barion Brown,2.05,13.1093
0r_usy_GIAI,Barion Brown,2.1,13.6241
0r_usy_GIAI,Barion Brown,2.15,14.1438
0r_usy_GIAI,Barion Brown,2.2,14.6684
0r_usy_GIAI,Barion Brown,2.25,15.1976
0r_usy_GIAI,Barion Brown,2.3,15.7313
0r_usy_GIAI,Barion Brown,2.35,16.2693
0r_usy_GIAI,Barion Brown,2.4,16.8115
0r_usy_GIAI,Barion Brown,2.45,17.3577
0r_usy_GIAI,Barion Brown,2.5,17.9077
0r_usy_GIAI,Barion Brown,2.55,18.4614
0r_usy_GIAI,Barion Brown,2.6,19.0188
0r_usy_GIAI,Barion Brown,2.65,19.5795
0r_usy_GIAI,Barion Brown,2.7,20.1436
0r_usy_GIAI,Barion Brown,2.75,20.7108
0r_usy_GIAI,Barion Brown,2.8,21.2812
0r_usy_GIAI,Barion Brown,2.85,21.8545
0r_usy_GIAI,Barion Brown,2.9,22.4306
0r_usy_GIAI,Barion Brown,2.95,23.0095
0r_usy_GIAI,Barion Brown,3.0,23.591
0r_usy_GIAI,Barion Brown,3.05,24.175
0r_usy_GIAI,Barion Brown,3.1,24.7615
0r_usy_GIAI,Barion Brown,3.15,25.3504
0r_usy_GIAI,Barion Brown,3.2,25.9415
0r_usy_GIAI,Barion Brown,3.25,26.5348
0r_usy_GIAI,Barion Brown,3.3,27.1303
0r_usy_GIAI,Barion Brown,3.35,27.7277
0r_usy_GIAI,Barion Brown,3.4,28.3271
0r_usy_GIAI,Barion Brown,3.45,28.9284
0r_usy_GIAI,Barion Brown,3.5,29.5315
0r_usy_GIAI,Barion Brown,3.55,30.1363
0r_usy_GIAI,Barion Brown,3.6,30.7428
0r_usy_GIAI,Barion Brown,3.65,31.3509
0r_usy_GIAI,Barion Brown,3.7,31.9606
0r_usy_GIAI,Barion Brown,3.75,32.5717
0r_usy_GIAI,Barion Brown,3.8,33.1843
0r_usy_GIAI,Barion Brown,3.85,33.7983
0r_usy_GIAI,Barion Brown,3.9,34.4137
0r_usy_GIAI,Barion Brown,3.95,35.0303
0r_usy_GIAI,Barion Brown,4.0,35.6481
0r_usy_GIAI,Barion Brown,4.05,36.2672
0r_usy_GIAI,Barion Brown,4.1,36.8874
0r_usy_GIAI,Barion Brown,4.15,37.5087
0r_usy_GIAI,Barion Brown,4.2,38.1311
0r_usy_GIAI,Barion Brown,4.25,38.7545
0r_usy_GIAI,Barion Brown,4.3,39.3788
0r_usy_GIAI,Omar Cooper,0.0,0.0
0r_usy_GIAI,Omar Cooper,0.05,0.0145
0r_usy_GIAI,Omar Cooper,0.1,0.0572
0r_usy_GIAI,Omar Cooper,0.15,0.1264
0r_usy_GIAI,Omar Cooper,0.2,0.221
0r_usy_GIAI,Omar Cooper,0.25,0.3397
0r_usy_GIAI,Omar Cooper,0.3,0.4811
0r_usy_GIAI,Omar Cooper,0.35,0.6442
0r_usy_GIAI,Omar Cooper,0.4,0.8279
0r_usy_GIAI,Omar Cooper,0.45,1.0311
0r_usy_GIAI,Omar Cooper,0.5,1.2529
0r_usy_GIAI,Omar Cooper,0.55,1.4922
0r_usy_GIAI,Omar Cooper,0.6,1.7483
0r_usy_GIAI,Omar Cooper,0.65,2.0202
0r_usy_GIAI,Omar Cooper,0.7,2.3072
0r_usy_GIAI,Omar Cooper,0.75,2.6085
0r_usy_GIAI,Omar Cooper,0.8,2.9233
0r_usy_GIAI,Omar Cooper,0.85,3.2511
0r_usy_GIAI,Omar Cooper,0.9,3.5911
0r_usy_GIAI,Omar Cooper,0.95,3.9427
0r_usy_GIAI,Omar Cooper,1.0,4.3053
0r_usy_GIAI,Omar Cooper,1.05,4.6784
0r_usy_GIAI,Omar Cooper,1.1,5.0615
0r_usy_GIAI,Omar Cooper,1.15,5.454
0r_usy_GIAI,Omar Cooper,1.2,5.8554
0r_usy_GIAI,Omar Cooper,1.25,6.2654
0r_usy_GIAI,Omar Cooper,1.3,6.6834
0r_usy_GIAI,Omar Cooper,1.35,7.1092
0r_usy_GIAI,Omar Cooper,1.4,7.5422
0r_usy_GIAI,Omar Cooper,1.45,7.9821
0r_usy_GIAI,Omar Cooper,1.5,8.4285
0r_usy_GIAI,Omar Cooper,1.55,8.8812
0r_usy_GIAI,Omar Cooper,1.6,9.3399
0r_usy_GIAI,Omar Cooper,1.65,9.8041
0r_usy_GIAI,Omar Cooper,1.7,10.2737
0r_usy_GIAI,Omar Cooper,1.75,10.7483
0r_usy_GIAI,Omar Cooper,1.8,11.2277
0r_usy_GIAI,Omar Cooper,1.85,11.7117
0r_usy_GIAI,Omar Cooper,1.9,12.2001
0r_usy_GIAI,Omar Cooper,1.95,12.6925
0r_usy_GIAI,Omar Cooper,2.0,13.1889
0r_usy_GIAI,Omar Cooper,2.05,13.6889
0r_usy_GIAI,Omar Cooper,2.1,14.1925
0r_usy_GIAI,Omar Cooper,2.15,14.6994
0r_usy_GIAI,Omar Cooper,2.2,15.2095
0r_usy_GIAI,Omar Cooper,2.25,15.7226
0r_usy_GIAI,Omar Cooper,2.3,16.2386
0r_usy_GIAI,Omar Cooper,2.35,16.7573
0r_usy_GIAI,Omar Cooper,2.4,17.2785
0r_usy_GIAI,Omar Cooper,2.45,17.8023
0r_usy_GIAI,Omar Cooper,2.5,18.3283
0r_usy_GIAI,Omar Cooper,2.55,18.8565
0r_usy_GIAI,Omar Cooper,2.6,19.3869
0r_usy_GIAI,Omar Cooper,2.65,19.9192
0r_usy_GIAI,Omar Cooper,2.7,20.4534
0r_usy_GIAI,Omar Cooper,2.75,20.9894
0r_usy_GIAI,Omar Cooper,2.8,21.5271
0r_usy_GIAI,Omar Cooper,2.85,22.0664
0r_usy_GIAI,Omar Cooper,2.9,22.6073
0r_usy_GIAI,Omar Cooper,2.95,23.1496
0r_usy_GIAI,Omar Cooper,3.0,23.6933
0r_usy_GIAI,Omar Cooper,3.05,24.2383
0r_usy_GIAI,Omar Cooper,3.1,24.7845
0r_usy_GIAI,Omar Cooper,3.15,25.332
0r_usy_GIAI,Omar Cooper,3.2,25.8805
0r_usy_GIAI,Omar Cooper,3.25,26.4301
0r_usy_GIAI,Omar Cooper,3.3,26.9808
0r_usy_GIAI,Omar Cooper,3.35,27.5324
0r_usy_GIAI,Omar Cooper,3.4,28.0849
0r_usy_GIAI,Omar Cooper,3.45,28.6383
0r_usy_GIAI,Omar Cooper,3.5,29.1925
0r_usy_GIAI,Omar Cooper,3.55,29.7474
0r_usy_GIAI,Omar Cooper,3.6,30.3032
0r_usy_GIAI,Omar Cooper,3.65,30.8596
0r_usy_GIAI,Omar Cooper,3.7,31.4167
0r_usy_GIAI,Omar Cooper,3.75,31.9744
0r_usy_GIAI,Omar Cooper,3.8,32.5328
0r_usy_GIAI,Omar Cooper,3.85,33.0917
0r_usy_GIAI,Omar Cooper,3.9,33.6511
0r_usy_GIAI,Omar Cooper,3.95,34.2111
0r_usy_GIAI,Omar Cooper,4.0,34.7715
0r_usy_GIAI,Omar Cooper,4.05,35.3324
0r_usy_GIAI,Omar Cooper,4.1,35.8938
0r_usy_GIAI,Omar Cooper,4.15,36.4556
0r_usy_GIAI,Omar Cooper,4.2,37.0177
0r_usy_GIAI,Omar Cooper,4.25,37.5803
0r_usy_GIAI,Omar Cooper,4.3,38.1432
0r_usy_GIAI,Omar Cooper,4.35,38.7065
0r_usy_GIAI,Omar Cooper,4.4,39.27
0r_usy_GIAI,Omar Cooper,4.45,39.8339
0r_usy_GIAI,Emmanuel Henderson,0.0,0.0
0r_usy_GIAI,Emmanuel Henderson,0.05,0.0138
0r_usy_GIAI,Emmanuel Henderson,0.1,0.0545
0r_usy_GIAI,Emmanuel Henderson,0.15,0.1208
0r_usy_GIAI,Emmanuel Henderson,0.2,0.2113
0r_usy_GIAI,Emmanuel Henderson,0.25,0.3252
0r_usy_GIAI,Emmanuel Henderson,0.3,0.4611
0r_usy_GIAI,Emmanuel Henderson,0.35,0.6181
0r_usy_GIAI,Emmanuel Henderson,0.4,0.7952
0r_usy_GIAI,Emmanuel Henderson,0.45,0.9915
0r_usy_GIAI,Emmanuel Henderson,0.5,1.206
0r_usy_GIAI,Emmanuel Henderson,0.55,1.4379
0r_usy_GIAI,Emmanuel Henderson,0.6,1.6863
0r_usy_GIAI,Emmanuel Henderson,0.65,1.9506
0r_usy_GIAI,Emmanuel Henderson,0.7,2.2299
0r_usy_GIAI,Emmanuel Henderson,0.75,2.5235
0r_usy_GIAI,Emmanuel Henderson,0.8,2.8308
0r_usy_GIAI,Emmanuel Henderson,0.85,3.1512
0r_usy_GIAI,Emmanuel Henderson,0.9,3.4839
0r_usy_GIAI,Emmanuel Henderson,0.95,3.8285
0r_usy_GIAI,Emmanuel Henderson,1.0,4.1843
0r_usy_GIAI,Emmanuel Henderson,1.05,4.5509
0r_usy_GIAI,Emmanuel Henderson,1.1,4.9278
0r_usy_GIAI,Emmanuel Henderson,1.15,5.3144
0r_usy_GIAI,Emmanuel Henderson,1.2,5.7102
0r_usy_GIAI,Emmanuel Henderson,1.25,6.115
0r_usy_GIAI,Emmanuel Henderson,1.3,6.5282
0r_usy_GIAI,Emmanuel Henderson,1.35,6.9494
0r_usy_GIAI,Emmanuel Henderson,1.4,7.3783
0r_usy_GIAI,Emmanuel Henderson,1.45,7.8145
0r_usy_GIAI,Emmanuel Henderson,1.5,8.2577
0r_usy_GIAI,Emmanuel Henderson,1.55,8.7075
0r_usy_GIAI,Emmanuel Henderson,1.6,9.1637
0r_usy_GIAI,Emmanuel Henderson,1.65,9.6258
0r_usy_GIAI,Emmanuel Henderson,1.7,10.0937
0r_usy_GIAI,Emmanuel Henderson,1.75,10.5671
0r_usy_GIAI,Emmanuel Henderson,1.8,11.0457
0r_usy_GIAI,Emmanuel Henderson,1.85,11.5293
0r_usy_GIAI,Emmanuel Henderson,1.9,12.0176
0r_usy_GIAI,Emmanuel Henderson,1.95,12.5104
0r_usy_GIAI,Emmanuel Henderson,2.0,13.0075
0r_usy_GIAI,Emmanuel Henderson,2.05,13.5087
0r_usy_GIAI,Emmanuel Henderson,2.1,14.0139
0r_usy_GIAI,Emmanuel Henderson,2.15,14.5227
0r_usy_GIAI,Emmanuel Henderson,2.2,15.0351
0r_usy_GIAI,Emmanuel Henderson,2.25,15.5509
0r_usy_GIAI,Emmanuel Henderson,2.3,16.0699
0r_usy_GIAI,Emmanuel Henderson,2.35,16.592
0r_usy_GIAI,Emmanuel Henderson,2.4,17.117
0r_usy_GIAI,Emmanuel Henderson,2.45,17.6448
0r_usy_GIAI,Emmanuel Henderson,2.5,18.1752
0r_usy_GIAI,Emmanuel Henderson,2.55,18.7082
0r_usy_GIAI,Emmanuel Henderson,2.6,19.2436
0r_usy_GIAI,Emmanuel Henderson,2.65,19.7813
0r_usy_GIAI,Emmanuel Henderson,2.7,20.3212
0r_usy_GIAI,Emmanuel Henderson,2.75,20.8632
0r_usy_GIAI,Emmanuel Henderson,2.8,21.4072
0r_usy_GIAI,Emmanuel Henderson,2.85,21.953
0r_usy_GIAI,Emmanuel Henderson,2.9,22.5007
0r_usy_GIAI,Emmanuel Henderson,2.95,23.0501
0r_usy_GIAI,Emmanuel Henderson,3.0,23.6012
0r_usy_GIAI,Emmanuel Henderson,3.05,24.1538
0r_usy_GIAI,Emmanuel Henderson,3.1,24.7079
0r_usy_GIAI,Emmanuel Henderson,3.15,25.2634
0r_usy_GIAI,Emmanuel Henderson,3.2,25.8202
0r_usy_GIAI,Emmanuel Henderson,3.25,26.3784
0r_usy_GIAI,Emmanuel Henderson,3.3,26.9378
0r_usy_GIAI,Emmanuel Henderson,3.35,27.4984
0r_usy_GIAI,Emmanuel Henderson,3.4,28.06
0r_usy_GIAI,Emmanuel Henderson,3.45,28.6228
0r_usy_GIAI,Emmanuel Henderson,3.5,29.1866
0r_usy_GIAI,Emmanuel Henderson,3.55,29.7513
0r_usy_GIAI,Emmanuel Henderson,3.6,30.3169
0r_usy_GIAI,Emmanuel Henderson,3.65,30.8835
0r_usy_GIAI,Emmanuel Henderson,3.7,31.4508
0r_usy_GIAI,Emmanuel Henderson,3.75,32.019
0r_usy_GIAI,Emmanuel Henderson,3.8,32.5879
0r_usy_GIAI,Emmanuel Henderson,3.85,33.1575
0r_usy_GIAI,Emmanuel Henderson,3.9,33.7279
0r_usy_GIAI,Emmanuel Henderson,3.95,34.2989
0r_usy_GIAI,Emmanuel Henderson,4.0,34.8705
0r_usy_GIAI,Emmanuel Henderson,4.05,35.4427
0r_usy_GIAI,Emmanuel Henderson,4.1,36.0155
0r_usy_GIAI,Emmanuel Henderson,4.15,36.5888
0r_usy_GIAI,Emmanuel Henderson,4.2,37.1627
0r_usy_GIAI,Emmanuel Henderson,4.25,37.737
0r_usy_GIAI,Emmanuel Henderson,4.3,38.3118
0r_usy_GIAI,Emmanuel Henderson,4.35,38.8871
0r_usy_GIAI,Emmanuel Henderson,4.4,39.4627
0r_usy_GIAI,Emmanuel Henderson,4.45,40.0388
0r_usy_GIAI,Chris Hilton,0.0,0.0
0r_usy_GIAI,Chris Hilton,0.05,0.0131
0r_usy_GIAI,Chris Hilton,0.1,0.0517
0r_usy_GIAI,Chris Hilton,0.15,0.1146
0r_usy_GIAI,Chris Hilton,0.2,0.2008
0r_usy_GIAI,Chris Hilton,0.25,0.3092
0r_usy_GIAI,Chris Hilton,0.3,0.439
0r_usy_GIAI,Chris Hilton,0.35,0.5892
0r_usy_GIAI,Chris Hilton,0.4,0.7589
0r_usy_GIAI,Chris Hilton,0.45,0.9472
0r_usy_GIAI,Chris Hilton,0.5,1.1534
0r_usy_GIAI,Chris Hilton,0.55,1.3767
0r_usy_GIAI,Chris Hilton,0.6,1.6163
0r_usy_GIAI,Chris Hilton,0.65,1.8716
0r_usy_GIAI,Chris Hilton,0.7,2.1418
0r_usy_GIAI,Chris Hilton,0.75,2.4263
0r_usy_GIAI,Chris Hilton,0.8,2.7245
0r_usy_GIAI,Chris Hilton,0.85,3.0357
0r_usy_GIAI,Chris Hilton,0.9,3.3595
0r_usy_GIAI,Chris Hilton,0.95,3.6953
0r_usy_GIAI,Chris Hilton,1.0,4.0426
0r_usy_GIAI,Chris Hilton,1.05,4.4008
0r_usy_GIAI,Chris Hilton,1.1,4.7694
0r_usy_GIAI,Chris Hilton,1.15,5.1482
0r_usy_GIAI,Chris Hilton,1.2,5.5365
0r_usy_GIAI,Chris Hilton,1.25,5.934
0r_usy_GIAI,Chris Hilton,1.3,6.3403
0r_usy_GIAI,Chris Hilton,1.35,6.7549
0r_usy_GIAI,Chris Hilton,1.4,7.1777
0r_usy_GIAI,Chris Hilton,1.45,7.6081
0r_usy_GIAI,Chris Hilton,1.5,8.0459
0r_usy_GIAI,Chris Hilton,1.55,8.4907
0r_usy_GIAI,Chris Hilton,1.6,8.9422
0r_usy_GIAI,Chris Hilton,1.65,9.4002
0r_usy_GIAI,Chris Hilton,1.7,9.8643
0r_usy_GIAI,Chris Hilton,1.75,10.3344
0r_usy_GIAI,Chris Hilton,1.8,10.81
0r_usy_GIAI,Chris Hilton,1.85,11.2911
0r_usy_GIAI,Chris Hilton,1.9,11.7773
0r_usy_GIAI,Chris Hilton,1.95,12.2685
0r_usy_GIAI,Chris Hilton,2.0,12.7644
0r_usy_GIAI,Chris Hilton,2.05,13.2648
0r_usy_GIAI,Chris Hilton,2.1,13.7695
0r_usy_GIAI,Chris Hilton,2.15,14.2784
0r_usy_GIAI,Chris Hilton,2.2,14.7912
0r_usy_GIAI,Chris Hilton,2.25,15.3078
0r_usy_GIAI,Chris Hilton,2.3,15.828
0r_usy_GIAI,Chris Hilton,2.35,16.3517
0r_usy_GIAI,Chris Hilton,2.4,16.8787
0r_usy_GIAI,Chris Hilton,2.45,17.4088
0r_usy_GIAI,Chris Hilton,2.5,17.942
0r_usy_GIAI,Chris Hilton,2.55,18.4781
0r_usy_GIAI,Chris Hilton,2.6,19.017
0r_usy_GIAI,Chris Hilton,2.65,19.5585
0r_usy_GIAI,Chris Hilton,2.7,20.1026
0r_usy_GIAI,Chris Hilton,2.75,20.6491
0r_usy_GIAI,Chris Hilton,2.8,21.1979
0r_usy_GIAI,Chris Hilton,2.85,21.7489
0r_usy_GIAI,Chris Hilton,2.9,22.3021
0r_usy_GIAI,Chris Hilton,2.95,22.8573
0r_usy_GIAI,Chris Hilton,3.0,23.4144
0r_usy_GIAI,Chris Hilton,3.05,23.9734
0r_usy_GIAI,Chris Hilton,3.1,24.5342
0r_usy_GIAI,Chris Hilton,3.15,25.0967
0r_usy_GIAI,Chris Hilton,3.2,25.6608
0r_usy_GIAI,Chris Hilton,3.25,26.2265
0r_usy_GIAI,Chris Hilton,3.3,26.7937
0r_usy_GIAI,Chris Hilton,3.35,27.3623
0r_usy_GIAI,Chris Hilton,3.4,27.9323
0r_usy_GIAI,Chris Hilton,3.45,28.5035
0r_usy_GIAI,Chris Hilton,3.5,29.076
0r_usy_GIAI,Chris Hilton,3.55,29.6498
0r_usy_GIAI,Chris Hilton,3.6,30.2246
0r_usy_GIAI,Chris Hilton,3.65,30.8006
0r_usy_GIAI,Chris Hilton,3.7,31.3776
0r_usy_GIAI,Chris Hilton,3.75,31.9556
0r_usy_GIAI,Chris Hilton,3.8,32.5345
0r_usy_GIAI,Chris Hilton,3.85,33.1144
0r_usy_GIAI,Chris Hilton,3.9,33.6951
0r_usy_GIAI,Chris Hilton,3.95,34.2767
0r_usy_GIAI,Chris Hilton,4.0,34.8591
0r_usy_GIAI,Chris Hilton,4.05,35.4422
0r_usy_GIAI,Chris Hilton,4.1,36.0261
0r_usy_GIAI,Chris Hilton,4.15,36.6107
0r_usy_GIAI,Chris Hilton,4.2,37.196
0r_usy_GIAI,Chris Hilton,4.25,37.7819
0r_usy_GIAI,Chris Hilton,4.3,38.3684
0r_usy_GIAI,Chris Hilton,4.35,38.9555
0r_usy_GIAI,Chris Hilton,4.4,39.5432
9xc35LbeeUE,Dallen Bentley,0.0,0.0
9xc35LbeeUE,Dallen Bentley,0.05,0.0117
9xc35LbeeUE,Dallen Bentley,0.1,0.0461
9xc35LbeeUE,Dallen Bentley,0.15,0.1024
9xc35LbeeUE,Dallen Bentley,0.2,0.1797
9xc35LbeeUE,Dallen Bentley,0.25,0.277
9xc35LbeeUE,Dallen Bentley,0.3,0.3937
9xc35LbeeUE,Dallen Bentley,0.35,0.5289
9xc35LbeeUE,Dallen Bentley,0.4,0.6818
9xc35LbeeUE,Dallen Bentley,0.45,0.8518
9xc35LbeeUE,Dallen Bentley,0.5,1.0382
9xc35LbeeUE,Dallen Bentley,0.55,1.2404
9xc35LbeeUE,Dallen Bentley,0.6,1.4576
9xc35LbeeUE,Dallen Bentley,0.65,1.6893
9xc35LbeeUE,Dallen Bentley,0.7,1.9348
9xc35LbeeUE,Dallen Bentley,0.75,2.1937
9xc35LbeeUE,Dallen Bentley,0.8,2.4655
9xc35LbeeUE,Dallen Bentley,0.85,2.7494
9xc35LbeeUE,Dallen Bentley,0.9,3.0452
9xc35LbeeUE,Dallen Bentley,0.95,3.3523
9xc35LbeeUE,Dallen Bentley,1.0,3.6703
9xc35LbeeUE,Dallen Bentley,1.05,3.9986
9xc35LbeeUE,Dallen Bentley,1.1,4.337
9xc35LbeeUE,Dallen Bentley,1.15,4.685
9xc35LbeeUE,Dallen Bentley,1.2,5.0421
9xc35LbeeUE,Dallen Bentley,1.25,5.4081
9xc35LbeeUE,Dallen Bentley,1.3,5.7826
9xc35LbeeUE,Dallen Bentley,1.35,6.1653
9xc35LbeeUE,Dallen Bentley,1.4,6.5557
9xc35LbeeUE,Dallen Bentley,1.45,6.9537
9xc35LbeeUE,Dallen Bentley,1.5,7.3589
9xc35LbeeUE,Dallen Bentley,1.55,7.7709
9xc35LbeeUE,Dallen Bentley,1.6,8.1896
9xc35LbeeUE,Dallen Bentley,1.65,8.6147
9xc35LbeeUE,Dallen Bentley,1.7,9.0458
9xc35LbeeUE,Dallen Bentley,1.75,9.4828
9xc35LbeeUE,Dallen Bentley,1.8,9.9255
9xc35LbeeUE,Dallen Bentley,1.85,10.3735
9xc35LbeeUE,Dallen Bentley,1.9,10.8268
9xc35LbeeUE,Dallen Bentley,1.95,11.285
9xc35LbeeUE,Dallen Bentley,2.0,11.7479
9xc35LbeeUE,Dallen Bentley,2.05,12.2155
9xc35LbeeUE,Dallen Bentley,2.1,12.6874
9xc35LbeeUE,Dallen Bentley,2.15,13.1636
9xc35LbeeUE,Dallen Bentley,2.2,13.6438
9xc35LbeeUE,Dallen Bentley,2.25,14.1279
9xc35LbeeUE,Dallen Bentley,2.3,14.6157
9xc35LbeeUE,Dallen Bentley,2.35,15.1071
9xc35LbeeUE,Dallen Bentley,2.4,15.6019
9xc35LbeeUE,Dallen Bentley,2.45,16.1001
9xc35LbeeUE,Dallen Bentley,2.5,16.6014
9xc35LbeeUE,Dallen Bentley,2.55,17.1057
9xc35LbeeUE,Dallen Bentley,2.6,17.6129
9xc35LbeeUE,Dallen Bentley,2.65,18.123
9xc35LbeeUE,Dallen Bentley,2.7,18.6357
9xc35LbeeUE,Dallen Bentley,2.75,19.151
9xc35LbeeUE,Dallen Bentley,2.8,19.6688
9xc35LbeeUE,Dallen Bentley,2.85,20.1889
9xc35LbeeUE,Dallen Bentley,2.9,20.7113
9xc35LbeeUE,Dallen Bentley,2.95,21.236
9xc35LbeeUE,Dallen Bentley,3.0,21.7627
9xc35LbeeUE,Dallen Bentley,3.05,22.2914
9xc35LbeeUE,Dallen Bentley,3.1,22.822
9xc35LbeeUE,Dallen Bentley,3.15,23.3545
9xc35LbeeUE,Dallen Bentley,3.2,23.8888
9xc35LbeeUE,Dallen Bentley,3.25,24.4248
9xc35LbeeUE,Dallen Bentley,3.3,24.9624
9xc35LbeeUE,Dallen Bentley,3.35,25.5016
9xc35LbeeUE,Dallen Bentley,3.4,26.0423
9xc35LbeeUE,Dallen Bentley,3.45,26.5845
9xc35LbeeUE,Dallen Bentley,3.5,27.128
9xc35LbeeUE,Dallen Bentley,3.55,27.6729
9xc35LbeeUE,Dallen Bentley,3.6,28.2191
9xc35LbeeUE,Dallen Bentley,3.65,28.7665
9xc35LbeeUE,Dallen Bentley,3.7,29.3151
9xc35LbeeUE,Dallen Bentley,3.75,29.8648
9xc35LbeeUE,Dallen Bentley,3.8,30.4156
9xc35LbeeUE,Dallen Bentley,3.85,30.9674
9xc35LbeeUE,Dallen Bentley,3.9,31.5202
9xc35LbeeUE,Dallen Bentley,3.95,32.074
9xc35LbeeUE,Dallen Bentley,4.0,32.6287
9xc35LbeeUE,Dallen Bentley,4.05,33.1843
9xc35LbeeUE,Dallen Bentley,4.1,33.7408
9xc35LbeeUE,Dallen Bentley,4.15,34.2981
9xc35LbeeUE,Dallen Bentley,4.2,34.8561
9xc35LbeeUE,Dallen Bentley,4.25,35.4149
9xc35LbeeUE,Dallen Bentley,4.3,35.9744
9xc35LbeeUE,Dallen Bentley,4.35,36.5346
9xc35LbeeUE,Dallen Bentley,4.4,37.0955
9xc35LbeeUE,Dallen Bentley,4.45,37.657
9xc35LbeeUE,Dallen Bentley,4.5,38.2191
9xc35LbeeUE,Dallen Bentley,4.55,38.7818
9xc35LbeeUE,Dallen Bentley,4.6,39.3451
9xc35LbeeUE,Dallen Bentley,4.65,39.9089
9xc35LbeeUE,Jack Endries,0.0,0.0
9xc35LbeeUE,Jack Endries,0.05,0.0119
9xc35LbeeUE,Jack Endries,0.1,0.0471
9xc35LbeeUE,Jack Endries,0.15,0.1045
9xc35LbeeUE,Jack Endries,0.2,0.1832
9xc35LbeeUE,Jack Endries,0.25,0.2824
9xc35LbeeUE,Jack Endries,0.3,0.401
9xc35LbeeUE,Jack Endries,0.35,0.5384
9xc35LbeeUE,Jack Endries,0.4,0.6938
9xc35LbeeUE,Jack Endries,0.45,0.8663
9xc35LbeeUE,Jack Endries,0.5,1.0553
9xc35LbeeUE,Jack Endries,0.55,1.2601
9xc35LbeeUE,Jack Endries,0.6,1.48
9xc35LbeeUE,Jack Endries,0.65,1.7144
9xc35LbeeUE,Jack Endries,0.7,1.9626
9xc35LbeeUE,Jack Endries,0.75,2.2241
9xc35LbeeUE,Jack Endries,0.8,2.4984
9xc35LbeeUE,Jack Endries,0.85,2.7848
9xc35LbeeUE,Jack Endries,0.9,3.0829
9xc35LbeeUE,Jack Endries,0.95,3.3922
9xc35LbeeUE,Jack Endries,1.0,3.7122
9xc35LbeeUE,Jack Endries,1.05,4.0425
9xc35LbeeUE,Jack Endries,1.1,4.3826
9xc35LbeeUE,Jack Endries,1.15,4.7321
9xc35LbeeUE,Jack Endries,1.2,5.0907
9xc35LbeeUE,Jack Endries,1.25,5.4579
9xc35LbeeUE,Jack Endries,1.3,5.8334
9xc35LbeeUE,Jack Endries,1.35,6.2168
9xc35LbeeUE,Jack Endries,1.4,6.6078
9xc35LbeeUE,Jack Endries,1.45,7.0061
9xc35LbeeUE,Jack Endries,1.5,7.4114
9xc35LbeeUE,Jack Endries,1.55,7.8233
9xc35LbeeUE,Jack Endries,1.6,8.2417
9xc35LbeeUE,Jack Endries,1.65,8.6661
9xc35LbeeUE,Jack Endries,1.7,9.0965
9xc35LbeeUE,Jack Endries,1.75,9.5325
9xc35LbeeUE,Jack Endries,1.8,9.9738
9xc35LbeeUE,Jack Endries,1.85,10.4204
9xc35LbeeUE,Jack Endries,1.9,10.8719
9xc35LbeeUE,Jack Endries,1.95,11.3281
9xc35LbeeUE,Jack Endries,2.0,11.7888
9xc35LbeeUE,Jack Endries,2.05,12.2539
9xc35LbeeUE,Jack Endries,2.1,12.7232
9xc35LbeeUE,Jack Endries,2.15,13.1964
9xc35LbeeUE,Jack Endries,2.2,13.6735
9xc35LbeeUE,Jack Endries,2.25,14.1543
9xc35LbeeUE,Jack Endries,2.3,14.6385
9xc35LbeeUE,Jack Endries,2.35,15.1261
9xc35LbeeUE,Jack Endries,2.4,15.6169
9xc35LbeeUE,Jack Endries,2.45,16.1109
9xc35LbeeUE,Jack Endries,2.5,16.6077
9xc35LbeeUE,Jack Endries,2.55,17.1074
9xc35LbeeUE,Jack Endries,2.6,17.6098
9xc35LbeeUE,Jack Endries,2.65,18.1148
9xc35LbeeUE,Jack Endries,2.7,18.6223
9xc35LbeeUE,Jack Endries,2.75,19.1322
9xc35LbeeUE,Jack Endries,2.8,19.6443
9xc35LbeeUE,Jack Endries,2.85,20.1587
9xc35LbeeUE,Jack Endries,2.9,20.6751
9xc35LbeeUE,Jack Endries,2.95,21.1935
9xc35LbeeUE,Jack Endries,3.0,21.7139
9xc35LbeeUE,Jack Endries,3.05,22.2361
9xc35LbeeUE,Jack Endries,3.1,22.7601
9xc35LbeeUE,Jack Endries,3.15,23.2857
9xc35LbeeUE,Jack Endries,3.2,23.813
9xc35LbeeUE,Jack Endries,3.25,24.3418
9xc35LbeeUE,Jack Endries,3.3,24.8721
9xc35LbeeUE,Jack Endries,3.35,25.4039
9xc35LbeeUE,Jack Endries,3.4,25.937
9xc35LbeeUE,Jack Endries,3.45,26.4714
9xc35LbeeUE,Jack Endries,3.5,27.007
9xc35LbeeUE,Jack Endries,3.55,27.5439
9xc35LbeeUE,Jack Endries,3.6,28.0819
9xc35LbeeUE,Jack Endries,3.65,28.621
9xc35LbeeUE,Jack Endries,3.7,29.1612
9xc35LbeeUE,Jack Endries,3.75,29.7023
9xc35LbeeUE,Jack Endries,3.8,30.2445
9xc35LbeeUE,Jack Endries,3.85,30.7875
9xc35LbeeUE,Jack Endries,3.9,31.3315
9xc35LbeeUE,Jack Endries,3.95,31.8763
9xc35LbeeUE,Jack Endries,4.0,32.4219
9xc35LbeeUE,Jack Endries,4.05,32.9683
9xc35LbeeUE,Jack Endries,4.1,33.5154
9xc35LbeeUE,Jack Endries,4.15,34.0632
9xc35LbeeUE,Jack Endries,4.2,34.6118
9xc35LbeeUE,Jack Endries,4.25,35.161
9xc35LbeeUE,Jack Endries,4.3,35.7108
9xc35LbeeUE,Jack Endries,4.35,36.2612
9xc35LbeeUE,Jack Endries,4.4,36.8122
9xc35LbeeUE,Jack Endries,4.45,37.3638
9xc35LbeeUE,Jack Endries,4.5,37.9159
9xc35LbeeUE,Jack Endries,4.55,38.4685
9xc35LbeeUE,Jack Endries,4.6,39.0215
9xc35LbeeUE,Jack Endries,4.65,39.5751
9xc35LbeeUE,Will Kacmarek,0.0,0.0
9xc35LbeeUE,Will Kacmarek,0.05,0.0119
9xc35LbeeUE,Will Kacmarek,0.1,0.0469
9xc35LbeeUE,Will Kacmarek,0.15,0.1039
9xc35LbeeUE,Will Kacmarek,0.2,0.1821
9xc35LbeeUE,Will Kacmarek,0.25,0.2806
9xc35LbeeUE,Will Kacmarek,0.3,0.3985
9xc35LbeeUE,Will Kacmarek,0.35,0.5349
9xc35LbeeUE,Will Kacmarek,0.4,0.6891
9xc35LbeeUE,Will Kacmarek,0.45,0.8602
9xc35LbeeUE,Will Kacmarek,0.5,1.0477
9xc35LbeeUE,Will Kacmarek,0.55,1.2507
9xc35LbeeUE,Will Kacmarek,0.6,1.4686
9xc35LbeeUE,Will Kacmarek,0.65,1.7009
9xc35LbeeUE,Will Kacmarek,0.7,1.9467
9xc35LbeeUE,Will Kacmarek,0.75,2.2057
9xc35LbeeUE,Will Kacmarek,0.8,2.4772
9xc35LbeeUE,Will Kacmarek,0.85,2.7607
9xc35LbeeUE,Will Kacmarek,0.9,3.0556
9xc35LbeeUE,Will Kacmarek,0.95,3.3615
9xc35LbeeUE,Will Kacmarek,1.0,3.678
9xc35LbeeUE,Will Kacmarek,1.05,4.0045
9xc35LbeeUE,Will Kacmarek,1.1,4.3406
9xc35LbeeUE,Will Kacmarek,1.15,4.686
9xc35LbeeUE,Will Kacmarek,1.2,5.0401
9xc35LbeeUE,Will Kacmarek,1.25,5.4028
9xc35LbeeUE,Will Kacmarek,1.3,5.7735
9xc35LbeeUE,Will Kacmarek,1.35,6.152
9xc35LbeeUE,Will Kacmarek,1.4,6.5378
9xc35LbeeUE,Will Kacmarek,1.45,6.9308
9xc35LbeeUE,Will Kacmarek,1.5,7.3306
9xc35LbeeUE,Will Kacmarek,1.55,7.7368
9xc35LbeeUE,Will Kacmarek,1.6,8.1493
9xc35LbeeUE,Will Kacmarek,1.65,8.5678
9xc35LbeeUE,Will Kacmarek,1.7,8.9919
9xc35LbeeUE,Will Kacmarek,1.75,9.4215
9xc35LbeeUE,Will Kacmarek,1.8,9.8564
9xc35LbeeUE,Will Kacmarek,1.85,10.2962
9xc35LbeeUE,Will Kacmarek,1.9,10.7408
9xc35LbeeUE,Will Kacmarek,1.95,11.19
9xc35LbeeUE,Will Kacmarek,2.0,11.6436
9xc35LbeeUE,Will Kacmarek,2.05,12.1014
9xc35LbeeUE,Will Kacmarek,2.1,12.5632
9xc35LbeeUE,Will Kacmarek,2.15,13.0288
9xc35LbeeUE,Will Kacmarek,2.2,13.4982
9xc35LbeeUE,Will Kacmarek,2.25,13.971
9xc35LbeeUE,Will Kacmarek,2.3,14.4473
9xc35LbeeUE,Will Kacmarek,2.35,14.9268
9xc35LbeeUE,Will Kacmarek,2.4,15.4093
9xc35LbeeUE,Will Kacmarek,2.45,15.8948
9xc35LbeeUE,Will Kacmarek,2.5,16.3832
9xc35LbeeUE,Will Kacmarek,2.55,16.8743
9xc35LbeeUE,Will Kacmarek,2.6,17.3679
9xc35LbeeUE,Will Kacmarek,2.65,17.8641
9xc35LbeeUE,Will Kacmarek,2.7,18.3626
9xc35LbeeUE,Will Kacmarek,2.75,18.8634
9xc35LbeeUE,Will Kacmarek,2.8,19.3664
9xc35LbeeUE,Will Kacmarek,2.85,19.8715
9xc35LbeeUE,Will Kacmarek,2.9,20.3786
9xc35LbeeUE,Will Kacmarek,2.95,20.8876
9xc35LbeeUE,Will Kacmarek,3.0,21.3984
9xc35LbeeUE,Will Kacmarek,3.05,21.9109
9xc35LbeeUE,Will Kacmarek,3.1,22.4252
9xc35LbeeUE,Will Kacmarek,3.15,22.941
9xc35LbeeUE,Will Kacmarek,3.2,23.4584
9xc35LbeeUE,Will Kacmarek,3.25,23.9773
9xc35LbeeUE,Will Kacmarek,3.3,24.4976
9xc35LbeeUE,Will Kacmarek,3.35,25.0192
9xc35LbeeUE,Will Kacmarek,3.4,25.5421
9xc35LbeeUE,Will Kacmarek,3.45,26.0662
9xc35LbeeUE,Will Kacmarek,3.5,26.5916
9xc35LbeeUE,Will Kacmarek,3.55,27.118
9xc35LbeeUE,Will Kacmarek,3.6,27.6456
9xc35LbeeUE,Will Kacmarek,3.65,28.1741
9xc35LbeeUE,Will Kacmarek,3.7,28.7037
9xc35LbeeUE,Will Kacmarek,3.75,29.2342
9xc35LbeeUE,Will Kacmarek,3.8,29.7657
9xc35LbeeUE,Will Kacmarek,3.85,30.298
9xc35LbeeUE,Will Kacmarek,3.9,30.8311
9xc35LbeeUE,Will Kacmarek,3.95,31.365
9xc35LbeeUE,Will Kacmarek,4.0,31.8997
9xc35LbeeUE,Will Kacmarek,4.05,32.4352
9xc35LbeeUE,Will Kacmarek,4.1,32.9713
9xc35LbeeUE,Will Kacmarek,4.15,33.5081
9xc35LbeeUE,Will Kacmarek,4.2,34.0455
9xc35LbeeUE,Will Kacmarek,4.25,34.5836
9xc35LbeeUE,Will Kacmarek,4.3,35.1222
9xc35LbeeUE,Will Kacmarek,4.35,35.6614
9xc35LbeeUE,Will Kacmarek,4.4,36.2012
9xc35LbeeUE,Will Kacmarek,4.45,36.7414
9xc35LbeeUE,Will Kacmarek,4.5,37.2822
9xc35LbeeUE,Will Kacmarek,4.55,37.8234
9xc35LbeeUE,Will Kacmarek,4.6,38.3651
9xc35LbeeUE,Will Kacmarek,4.65,38.9072
9xc35LbeeUE,Will Kacmarek,4.7,39.4497
9xc35LbeeUE,Will Kacmarek,4.75,39.9927
9xc35LbeeUE,Jaren Kanak,0.0,0.0
9xc35LbeeUE,Jaren Kanak,0.05,0.0129
9xc35LbeeUE,Jaren Kanak,0.1,0.0508
9xc35LbeeUE,Jaren Kanak,0.15,0.1126
9xc35LbeeUE,Jaren Kanak,0.2,0.1973
9xc35LbeeUE,Jaren Kanak,0.25,0.3038
9xc35LbeeUE,Jaren Kanak,0.3,0.4313
9xc35LbeeUE,Jaren Kanak,0.35,0.5787
9xc35LbeeUE,Jaren Kanak,0.4,0.7452
9xc35LbeeUE,Jaren Kanak,0.45,0.93
9xc35LbeeUE,Jaren Kanak,0.5,1.1322
9xc35LbeeUE,Jaren Kanak,0.55,1.3511
9xc35LbeeUE,Jaren Kanak,0.6,1.586
9xc35LbeeUE,Jaren Kanak,0.65,1.8361
9xc35LbeeUE,Jaren Kanak,0.7,2.1008
9xc35LbeeUE,Jaren Kanak,0.75,2.3795
9xc35LbeeUE,Jaren Kanak,0.8,2.6714
9xc35LbeeUE,Jaren Kanak,0.85,2.9761
9xc35LbeeUE,Jaren Kanak,0.9,3.293
9xc35LbeeUE,Jaren Kanak,0.95,3.6216
9xc35LbeeUE,Jaren Kanak,1.0,3.9613
9xc35LbeeUE,Jaren Kanak,1.05,4.3116
9xc35LbeeUE,Jaren Kanak,1.1,4.6721
9xc35LbeeUE,Jaren Kanak,1.15,5.0423
9xc35LbeeUE,Jaren Kanak,1.2,5.4218
9xc35LbeeUE,Jaren Kanak,1.25,5.8102
9xc35LbeeUE,Jaren Kanak,1.3,6.2071
9xc35LbeeUE,Jaren Kanak,1.35,6.6122
9xc35LbeeUE,Jaren Kanak,1.4,7.025
9xc35LbeeUE,Jaren Kanak,1.45,7.4452
9xc35LbeeUE,Jaren Kanak,1.5,7.8725
9xc35LbeeUE,Jaren Kanak,1.55,8.3067
9xc35LbeeUE,Jaren Kanak,1.6,8.7473
9xc35LbeeUE,Jaren Kanak,1.65,9.1941
9xc35LbeeUE,Jaren Kanak,1.7,9.6469
9xc35LbeeUE,Jaren Kanak,1.75,10.1053
9xc35LbeeUE,Jaren Kanak,1.8,10.5691
9xc35LbeeUE,Jaren Kanak,1.85,11.0381
9xc35LbeeUE,Jaren Kanak,1.9,11.5121
9xc35LbeeUE,Jaren Kanak,1.95,11.9908
9xc35LbeeUE,Jaren Kanak,2.0,12.4741
9xc35LbeeUE,Jaren Kanak,2.05,12.9616
9xc35LbeeUE,Jaren Kanak,2.1,13.4534
9xc35LbeeUE,Jaren Kanak,2.15,13.949
9xc35LbeeUE,Jaren Kanak,2.2,14.4485
9xc35LbeeUE,Jaren Kanak,2.25,14.9516
9xc35LbeeUE,Jaren Kanak,2.3,15.4581
9xc35LbeeUE,Jaren Kanak,2.35,15.9679
9xc35LbeeUE,Jaren Kanak,2.4,16.4809
9xc35LbeeUE,Jaren Kanak,2.45,16.9969
9xc35LbeeUE,Jaren Kanak,2.5,17.5158
9xc35LbeeUE,Jaren Kanak,2.55,18.0375
9xc35LbeeUE,Jaren Kanak,2.6,18.5618
9xc35LbeeUE,Jaren Kanak,2.65,19.0886
9xc35LbeeUE,Jaren Kanak,2.7,19.6178
9xc35LbeeUE,Jaren Kanak,2.75,20.1494
9xc35LbeeUE,Jaren Kanak,2.8,20.6831
9xc35LbeeUE,Jaren Kanak,2.85,21.219
9xc35LbeeUE,Jaren Kanak,2.9,21.7569
9xc35LbeeUE,Jaren Kanak,2.95,22.2967
9xc35LbeeUE,Jaren Kanak,3.0,22.8383
9xc35LbeeUE,Jaren Kanak,3.05,23.3817
9xc35LbeeUE,Jaren Kanak,3.1,23.9268
9xc35LbeeUE,Jaren Kanak,3.15,24.4735
9xc35LbeeUE,Jaren Kanak,3.2,25.0217
9xc35LbeeUE,Jaren Kanak,3.25,25.5715
9xc35LbeeUE,Jaren Kanak,3.3,26.1226
9xc35LbeeUE,Jaren Kanak,3.35,26.675
9xc35LbeeUE,Jaren Kanak,3.4,27.2288
9xc35LbeeUE,Jaren Kanak,3.45,27.7837
9xc35LbeeUE,Jaren Kanak,3.5,28.3399
9xc35LbeeUE,Jaren Kanak,3.55,28.8972
9xc35LbeeUE,Jaren Kanak,3.6,29.4555
9xc35LbeeUE,Jaren Kanak,3.65,30.0149
9xc35LbeeUE,Jaren Kanak,3.7,30.5752
9xc35LbeeUE,Jaren Kanak,3.75,31.1365
9xc35LbeeUE,Jaren Kanak,3.8,31.6987
9xc35LbeeUE,Jaren Kanak,3.85,32.2618
9xc35LbeeUE,Jaren Kanak,3.9,32.8256
9xc35LbeeUE,Jaren Kanak,3.95,33.3903
9xc35LbeeUE,Jaren Kanak,4.0,33.9557
9xc35LbeeUE,Jaren Kanak,4.05,34.5218
9xc35LbeeUE,Jaren Kanak,4.1,35.0886
9xc35LbeeUE,Jaren Kanak,4.15,35.656
9xc35LbeeUE,Jaren Kanak,4.2,36.2241
9xc35LbeeUE,Jaren Kanak,4.25,36.7928
9xc35LbeeUE,Jaren Kanak,4.3,37.362
9xc35LbeeUE,Jaren Kanak,4.35,37.9318
9xc35LbeeUE,Jaren Kanak,4.4,38.5022
9xc35LbeeUE,Jaren Kanak,4.45,39.073
9xc35LbeeUE,Jaren Kanak,4.5,39.6443
9xc35LbeeUE,Miles Kitselman,0.0,0.0
9xc35LbeeUE,Miles Kitselman,0.05,0.0091
9xc35LbeeUE,Miles Kitselman,0.1,0.0362
9xc35LbeeUE,Miles Kitselman,0.15,0.0806
9xc35LbeeUE,Miles Kitselman,0.2,0.1418
9xc35LbeeUE,Miles Kitselman,0.25,0.2193
9xc35LbeeUE,Miles Kitselman,0.3,0.3126
9xc35LbeeUE,Miles Kitselman,0.35,0.4212
9xc35LbeeUE,Miles Kitselman,0.4,0.5447
9xc35LbeeUE,Miles Kitselman,0.45,0.6825
9xc35LbeeUE,Miles Kitselman,0.5,0.8343
9xc35LbeeUE,Miles Kitselman,0.55,0.9996
9xc35LbeeUE,Miles Kitselman,0.6,1.178
9xc35LbeeUE,Miles Kitselman,0.65,1.3691
9xc35LbeeUE,Miles Kitselman,0.7,1.5725
9xc35LbeeUE,Miles Kitselman,0.75,1.7878
9xc35LbeeUE,Miles Kitselman,0.8,2.0147
9xc35LbeeUE,Miles Kitselman,0.85,2.2527
9xc35LbeeUE,Miles Kitselman,0.9,2.5017
9xc35LbeeUE,Miles Kitselman,0.95,2.7612
9xc35LbeeUE,Miles Kitselman,1.0,3.0308
9xc35LbeeUE,Miles Kitselman,1.05,3.3104
9xc35LbeeUE,Miles Kitselman,1.1,3.5996
9xc35LbeeUE,Miles Kitselman,1.15,3.898
9xc35LbeeUE,Miles Kitselman,1.2,4.2054
9xc35LbeeUE,Miles Kitselman,1.25,4.5216
9xc35LbeeUE,Miles Kitselman,1.3,4.8462
9xc35LbeeUE,Miles Kitselman,1.35,5.179
9xc35LbeeUE,Miles Kitselman,1.4,5.5198
9xc35LbeeUE,Miles Kitselman,1.45,5.8683
9xc35LbeeUE,Miles Kitselman,1.5,6.2242
9xc35LbeeUE,Miles Kitselman,1.55,6.5874
9xc35LbeeUE,Miles Kitselman,1.6,6.9576
9xc35LbeeUE,Miles Kitselman,1.65,7.3346
9xc35LbeeUE,Miles Kitselman,1.7,7.7181
9xc35LbeeUE,Miles Kitselman,1.75,8.1081
9xc35LbeeUE,Miles Kitselman,1.8,8.5042
9xc35LbeeUE,Miles Kitselman,1.85,8.9064
9xc35LbeeUE,Miles Kitselman,1.9,9.3143
9xc35LbeeUE,Miles Kitselman,1.95,9.7279
9xc35LbeeUE,Miles Kitselman,2.0,10.147
9xc35LbeeUE,Miles Kitselman,2.05,10.5713
9xc35LbeeUE,Miles Kitselman,2.1,11.0008
9xc35LbeeUE,Miles Kitselman,2.15,11.4353
9xc35LbeeUE,Miles Kitselman,2.2,11.8745
9xc35LbeeUE,Miles Kitselman,2.25,12.3185
9xc35LbeeUE,Miles Kitselman,2.3,12.767
9xc35LbeeUE,Miles Kitselman,2.35,13.2198
9xc35LbeeUE,Miles Kitselman,2.4,13.677
9xc35LbeeUE,Miles Kitselman,2.45,14.1382
9xc35LbeeUE,Miles Kitselman,2.5,14.6034
9xc35LbeeUE,Miles Kitselman,2.55,15.0726
9xc35LbeeUE,Miles Kitselman,2.6,15.5454
9xc35LbeeUE,Miles Kitselman,2.65,16.0219
9xc35LbeeUE,Miles Kitselman,2.7,16.502
9xc35LbeeUE,Miles Kitselman,2.75,16.9854
9xc35LbeeUE,Miles Kitselman,2.8,17.4722
9xc35LbeeUE,Miles Kitselman,2.85,17.9622
9xc35LbeeUE,Miles Kitselman,2.9,18.4553
9xc35LbeeUE,Miles Kitselman,2.95,18.9514
9xc35LbeeUE,Miles Kitselman,3.0,19.4504
9xc35LbeeUE,Miles Kitselman,3.05,19.9523
9xc35LbeeUE,Miles Kitselman,3.1,20.4569
9xc35LbeeUE,Miles Kitselman,3.15,20.9642
9xc35LbeeUE,Miles Kitselman,3.2,21.4741
9xc35LbeeUE,Miles Kitselman,3.25,21.9864
9xc35LbeeUE,Miles Kitselman,3.3,22.5012
9xc35LbeeUE,Miles Kitselman,3.35,23.0184
9xc35LbeeUE,Miles Kitselman,3.4,23.5378
9xc35LbeeUE,Miles Kitselman,3.45,24.0594
9xc35LbeeUE,Miles Kitselman,3.5,24.5832
9xc35LbeeUE,Miles Kitselman,3.55,25.109
9xc35LbeeUE,Miles Kitselman,3.6,25.6368
9xc35LbeeUE,Miles Kitselman,3.65,26.1666
9xc35LbeeUE,Miles Kitselman,3.7,26.6983
9xc35LbeeUE,Miles Kitselman,3.75,27.2318
9xc35LbeeUE,Miles Kitselman,3.8,27.7671
9xc35LbeeUE,Miles Kitselman,3.85,28.3042
9xc35LbeeUE,Miles Kitselman,3.9,28.8428
9xc35LbeeUE,Miles Kitselman,3.95,29.3831
9xc35LbeeUE,Miles Kitselman,4.0,29.925
9xc35LbeeUE,Miles Kitselman,4.05,30.4684
9xc35LbeeUE,Miles Kitselman,4.1,31.0132
9xc35LbeeUE,Miles Kitselman,4.15,31.5595
9xc35LbeeUE,Miles Kitselman,4.2,32.1071
9xc35LbeeUE,Miles Kitselman,4.25,32.6561
9xc35LbeeUE,Miles Kitselman,4.3,33.2064
9xc35LbeeUE,Miles Kitselman,4.35,33.758
9xc35LbeeUE,Miles Kitselman,4.4,34.3107
9xc35LbeeUE,Miles Kitselman,4.45,34.8647
9xc35LbeeUE,Miles Kitselman,4.5,35.4198
9xc35LbeeUE,Miles Kitselman,4.55,35.976
9xc35LbeeUE,Miles Kitselman,4.6,36.5333
9xc35LbeeUE,Miles Kitselman,4.65,37.0916
9xc35LbeeUE,Miles Kitselman,4.7,37.651
9xc35LbeeUE,Miles Kitselman,4.75,38.2113
9xc35LbeeUE,Miles Kitselman,4.8,38.7725
9xc35LbeeUE,Miles Kitselman,4.85,39.3347
9xc35LbeeUE,Miles Kitselman,4.9,39.8978
9xc35LbeeUE,Marlin Klein,0.0,0.0
9xc35LbeeUE,Marlin Klein,0.05,0.0115
9xc35LbeeUE,Marlin Klein,0.1,0.0452
9xc35LbeeUE,Marlin Klein,0.15,0.1005
9xc35LbeeUE,Marlin Klein,0.2,0.1764
9xc35LbeeUE,Marlin Klein,0.25,0.2722
9xc35LbeeUE,Marlin Klein,0.3,0.3871
9xc35LbeeUE,Marlin Klein,0.35,0.5203
9xc35LbeeUE,Marlin Klein,0.4,0.6712
9xc35LbeeUE,Marlin Klein,0.45,0.8391
9xc35LbeeUE,Marlin Klein,0.5,1.0233
9xc35LbeeUE,Marlin Klein,0.55,1.2232
9xc35LbeeUE,Marlin Klein,0.6,1.4382
9xc35LbeeUE,Marlin Klein,0.65,1.6678
9xc35LbeeUE,Marlin Klein,0.7,1.9113
9xc35LbeeUE,Marlin Klein,0.75,2.1683
9xc35LbeeUE,Marlin Klein,0.8,2.4381
9xc35LbeeUE,Marlin Klein,0.85,2.7204
9xc35LbeeUE,Marlin Klein,0.9,3.0147
9xc35LbeeUE,Marlin Klein,0.95,3.3204
9xc35LbeeUE,Marlin Klein,1.0,3.6372
9xc35LbeeUE,Marlin Klein,1.05,3.9646
9xc35LbeeUE,Marlin Klein,1.1,4.3022
9xc35LbeeUE,Marlin Klein,1.15,4.6497
9xc35LbeeUE,Marlin Klein,1.2,5.0066
9xc35LbeeUE,Marlin Klein,1.25,5.3726
9xc35LbeeUE,Marlin Klein,1.3,5.7473
9xc35LbeeUE,Marlin Klein,1.35,6.1304
9xc35LbeeUE,Marlin Klein,1.4,6.5216
9xc35LbeeUE,Marlin Klein,1.45,6.9206
9xc35LbeeUE,Marlin Klein,1.5,7.327
9xc35LbeeUE,Marlin Klein,1.55,7.7407
9xc35LbeeUE,Marlin Klein,1.6,8.1612
9xc35LbeeUE,Marlin Klein,1.65,8.5884
9xc35LbeeUE,Marlin Klein,1.7,9.022
9xc35LbeeUE,Marlin Klein,1.75,9.4618
9xc35LbeeUE,Marlin Klein,1.8,9.9074
9xc35LbeeUE,Marlin Klein,1.85,10.3588
9xc35LbeeUE,Marlin Klein,1.9,10.8156
9xc35LbeeUE,Marlin Klein,1.95,11.2776
9xc35LbeeUE,Marlin Klein,2.0,11.7447
9xc35LbeeUE,Marlin Klein,2.05,12.2167
9xc35LbeeUE,Marlin Klein,2.1,12.6933
9xc35LbeeUE,Marlin Klein,2.15,13.1745
9xc35LbeeUE,Marlin Klein,2.2,13.66
9xc35LbeeUE,Marlin Klein,2.25,14.1496
9xc35LbeeUE,Marlin Klein,2.3,14.6432
9xc35LbeeUE,Marlin Klein,2.35,15.1407
9xc35LbeeUE,Marlin Klein,2.4,15.6419
9xc35LbeeUE,Marlin Klein,2.45,16.1466
9xc35LbeeUE,Marlin Klein,2.5,16.6547
9xc35LbeeUE,Marlin Klein,2.55,17.1662
9xc35LbeeUE,Marlin Klein,2.6,17.6808
9xc35LbeeUE,Marlin Klein,2.65,18.1984
9xc35LbeeUE,Marlin Klein,2.7,18.7189
9xc35LbeeUE,Marlin Klein,2.75,19.2423
9xc35LbeeUE,Marlin Klein,2.8,19.7684
9xc35LbeeUE,Marlin Klein,2.85,20.2971
9xc35LbeeUE,Marlin Klein,2.9,20.8283
9xc35LbeeUE,Marlin Klein,2.95,21.3619
9xc35LbeeUE,Marlin Klein,3.0,21.8978
9xc35LbeeUE,Marlin Klein,3.05,22.4359
9xc35LbeeUE,Marlin Klein,3.1,22.9761
9xc35LbeeUE,Marlin Klein,3.15,23.5185
9xc35LbeeUE,Marlin Klein,3.2,24.0628
9xc35LbeeUE,Marlin Klein,3.25,24.609
9xc35LbeeUE,Marlin Klein,3.3,25.157
9xc35LbeeUE,Marlin Klein,3.35,25.7068
9xc35LbeeUE,Marlin Klein,3.4,26.2583
9xc35LbeeUE,Marlin Klein,3.45,26.8114
9xc35LbeeUE,Marlin Klein,3.5,27.3661
9xc35LbeeUE,Marlin Klein,3.55,27.9222
9xc35LbeeUE,Marlin Klein,3.6,28.4799
9xc35LbeeUE,Marlin Klein,3.65,29.0389
9xc35LbeeUE,Marlin Klein,3.7,29.5992
9xc35LbeeUE,Marlin Klein,3.75,30.1609
9xc35LbeeUE,Marlin Klein,3.8,30.7238
9xc35LbeeUE,Marlin Klein,3.85,31.2878
9xc35LbeeUE,Marlin Klein,3.9,31.8531
9xc35LbeeUE,Marlin Klein,3.95,32.4194
9xc35LbeeUE,Marlin Klein,4.0,32.9868
9xc35LbeeUE,Marlin Klein,4.05,33.5551
9xc35LbeeUE,Marlin Klein,4.1,34.1245
9xc35LbeeUE,Marlin Klein,4.15,34.6948
9xc35LbeeUE,Marlin Klein,4.2,35.2661
9xc35LbeeUE,Marlin Klein,4.25,35.8381
9xc35LbeeUE,Marlin Klein,4.3,36.4111
9xc35LbeeUE,Marlin Klein,4.35,36.9848
9xc35LbeeUE,Marlin Klein,4.4,37.5593
9xc35LbeeUE,Marlin Klein,4.45,38.1346
9xc35LbeeUE,Marlin Klein,4.5,38.7105
9xc35LbeeUE,Marlin Klein,4.55,39.2872
9xc35LbeeUE,Marlin Klein,4.6,39.8645
9xc35LbeeUE,Tanner Koziol,0.0,0.0
9xc35LbeeUE,Tanner Koziol,0.05,0.0103
9xc35LbeeUE,Tanner Koziol,0.1,0.0409
9xc35LbeeUE,Tanner Koziol,0.15,0.0909
9xc35LbeeUE,Tanner Koziol,0.2,0.1598
9xc35LbeeUE,Tanner Koziol,0.25,0.2469
9xc35LbeeUE,Tanner Koziol,0.3,0.3515
9xc35LbeeUE,Tanner Koziol,0.35,0.4732
9xc35LbeeUE,Tanner Koziol,0.4,0.6113
9xc35LbeeUE,Tanner Koziol,0.45,0.7652
9xc35LbeeUE,Tanner Koziol,0.5,0.9344
9xc35LbeeUE,Tanner Koziol,0.55,1.1184
9xc35LbeeUE,Tanner Koziol,0.6,1.3167
9xc35LbeeUE,Tanner Koziol,0.65,1.5288
9xc35LbeeUE,Tanner Koziol,0.7,1.7542
9xc35LbeeUE,Tanner Koziol,0.75,1.9925
9xc35LbeeUE,Tanner Koziol,0.8,2.2432
9xc35LbeeUE,Tanner Koziol,0.85,2.5059
9xc35LbeeUE,Tanner Koziol,0.9,2.7802
9xc35LbeeUE,Tanner Koziol,0.95,3.0658
9xc35LbeeUE,Tanner Koziol,1.0,3.3621
9xc35LbeeUE,Tanner Koziol,1.05,3.6689
9xc35LbeeUE,Tanner Koziol,1.1,3.9859
9xc35LbeeUE,Tanner Koziol,1.15,4.3125
9xc35LbeeUE,Tanner Koziol,1.2,4.6486
9xc35LbeeUE,Tanner Koziol,1.25,4.9939
9xc35LbeeUE,Tanner Koziol,1.3,5.3478
9xc35LbeeUE,Tanner Koziol,1.35,5.7103
9xc35LbeeUE,Tanner Koziol,1.4,6.081
9xc35LbeeUE,Tanner Koziol,1.45,6.4597
9xc35LbeeUE,Tanner Koziol,1.5,6.8459
9xc35LbeeUE,Tanner Koziol,1.55,7.2396
9xc35LbeeUE,Tanner Koziol,1.6,7.6404
9xc35LbeeUE,Tanner Koziol,1.65,8.0481
9xc35LbeeUE,Tanner Koziol,1.7,8.4625
9xc35LbeeUE,Tanner Koziol,1.75,8.8833
9xc35LbeeUE,Tanner Koziol,1.8,9.3104
9xc35LbeeUE,Tanner Koziol,1.85,9.7434
9xc35LbeeUE,Tanner Koziol,1.9,10.1823
9xc35LbeeUE,Tanner Koziol,1.95,10.6267
9xc35LbeeUE,Tanner Koziol,2.0,11.0766
9xc35LbeeUE,Tanner Koziol,2.05,11.5317
9xc35LbeeUE,Tanner Koziol,2.1,11.9918
9xc35LbeeUE,Tanner Koziol,2.15,12.4569
9xc35LbeeUE,Tanner Koziol,2.2,12.9266
9xc35LbeeUE,Tanner Koziol,2.25,13.4009
9xc35LbeeUE,Tanner Koziol,2.3,13.8796
9xc35LbeeUE,Tanner Koziol,2.35,14.3625
9xc35LbeeUE,Tanner Koziol,2.4,14.8496
9xc35LbeeUE,Tanner Koziol,2.45,15.3406
9xc35LbeeUE,Tanner Koziol,2.5,15.8354
9xc35LbeeUE,Tanner Koziol,2.55,16.3339
9xc35LbeeUE,Tanner Koziol,2.6,16.836
9xc35LbeeUE,Tanner Koziol,2.65,17.3416
9xc35LbeeUE,Tanner Koziol,2.7,17.8505
9xc35LbeeUE,Tanner Koziol,2.75,18.3626
9xc35LbeeUE,Tanner Koziol,2.8,18.8778
9xc35LbeeUE,Tanner Koziol,2.85,19.396
9xc35LbeeUE,Tanner Koziol,2.9,19.9171
9xc35LbeeUE,Tanner Koziol,2.95,20.4411
9xc35LbeeUE,Tanner Koziol,3.0,20.9677
9xc35LbeeUE,Tanner Koziol,3.05,21.497
9xc35LbeeUE,Tanner Koziol,3.1,22.0287
9xc35LbeeUE,Tanner Koziol,3.15,22.5629
9xc35LbeeUE,Tanner Koziol,3.2,23.0995
9xc35LbeeUE,Tanner Koziol,3.25,23.6384
9xc35LbeeUE,Tanner Koziol,3.3,24.1794
9xc35LbeeUE,Tanner Koziol,3.35,24.7226
9xc35LbeeUE,Tanner Koziol,3.4,25.2678
9xc35LbeeUE,Tanner Koziol,3.45,25.815
9xc35LbeeUE,Tanner Koziol,3.5,26.3641
9xc35LbeeUE,Tanner Koziol,3.55,26.9151
9xc35LbeeUE,Tanner Koziol,3.6,27.4679
9xc35LbeeUE,Tanner Koziol,3.65,28.0224
9xc35LbeeUE,Tanner Koziol,3.7,28.5785
9xc35LbeeUE,Tanner Koziol,3.75,29.1363
9xc35LbeeUE,Tanner Koziol,3.8,29.6956
9xc35LbeeUE,Tanner Koziol,3.85,30.2564
9xc35LbeeUE,Tanner Koziol,3.9,30.8187
9xc35LbeeUE,Tanner Koziol,3.95,31.3824
9xc35LbeeUE,Tanner Koziol,4.0,31.9474
9xc35LbeeUE,Tanner Koziol,4.05,32.5137
9xc35LbeeUE,Tanner Koziol,4.1,33.0813
9xc35LbeeUE,Tanner Koziol,4.15,33.6501
9xc35LbeeUE,Tanner Koziol,4.2,34.2201
9xc35LbeeUE,Tanner Koziol,4.25,34.7913
9xc35LbeeUE,Tanner Koziol,4.3,35.3635
9xc35LbeeUE,Tanner Koziol,4.35,35.9368
9xc35LbeeUE,Tanner Koziol,4.4,36.5111
9xc35LbeeUE,Tanner Koziol,4.45,37.0864
9xc35LbeeUE,Tanner Koziol,4.5,37.6627
9xc35LbeeUE,Tanner Koziol,4.55,38.2399
9xc35LbeeUE,Tanner Koziol,4.6,38.818
9xc35LbeeUE,Tanner Koziol,4.65,39.397
9xc35LbeeUE,Tanner Koziol,4.7,39.9767
9xc35LbeeUE,Riley Nowakowski,0.0,0.0
9xc35LbeeUE,Riley Nowakowski,0.05,0.0149
9xc35LbeeUE,Riley Nowakowski,0.1,0.0586
9xc35LbeeUE,Riley Nowakowski,0.15,0.1294
9xc35LbeeUE,Riley Nowakowski,0.2,0.2257
9xc35LbeeUE,Riley Nowakowski,0.25,0.3462
9xc35LbeeUE,Riley Nowakowski,0.3,0.4895
9xc35LbeeUE,Riley Nowakowski,0.35,0.6542
9xc35LbeeUE,Riley Nowakowski,0.4,0.8393
9xc35LbeeUE,Riley Nowakowski,0.45,1.0435
9xc35LbeeUE,Riley Nowakowski,0.5,1.2658
9xc35LbeeUE,Riley Nowakowski,0.55,1.5051
9xc35LbeeUE,Riley Nowakowski,0.6,1.7604
9xc35LbeeUE,Riley Nowakowski,0.65,2.031
9xc35LbeeUE,Riley Nowakowski,0.7,2.3159
9xc35LbeeUE,Riley Nowakowski,0.75,2.6143
9xc35LbeeUE,Riley Nowakowski,0.8,2.9255
9xc35LbeeUE,Riley Nowakowski,0.85,3.2487
9xc35LbeeUE,Riley Nowakowski,0.9,3.5832
9xc35LbeeUE,Riley Nowakowski,0.95,3.9285
9xc35LbeeUE,Riley Nowakowski,1.0,4.2839
9xc35LbeeUE,Riley Nowakowski,1.05,4.6488
9xc35LbeeUE,Riley Nowakowski,1.1,5.0227
9xc35LbeeUE,Riley Nowakowski,1.15,5.4052
9xc35LbeeUE,Riley Nowakowski,1.2,5.7956
9xc35LbeeUE,Riley Nowakowski,1.25,6.1936
9xc35LbeeUE,Riley Nowakowski,1.3,6.5988
9xc35LbeeUE,Riley Nowakowski,1.35,7.0107
9xc35LbeeUE,Riley Nowakowski,1.4,7.4289
9xc35LbeeUE,Riley Nowakowski,1.45,7.8532
9xc35LbeeUE,Riley Nowakowski,1.5,8.2831
9xc35LbeeUE,Riley Nowakowski,1.55,8.7183
9xc35LbeeUE,Riley Nowakowski,1.6,9.1586
9xc35LbeeUE,Riley Nowakowski,1.65,9.6037
9xc35LbeeUE,Riley Nowakowski,1.7,10.0532
9xc35LbeeUE,Riley Nowakowski,1.75,10.507
9xc35LbeeUE,Riley Nowakowski,1.8,10.9648
9xc35LbeeUE,Riley Nowakowski,1.85,11.4263
9xc35LbeeUE,Riley Nowakowski,1.9,11.8914
9xc35LbeeUE,Riley Nowakowski,1.95,12.3599
9xc35LbeeUE,Riley Nowakowski,2.0,12.8316
9xc35LbeeUE,Riley Nowakowski,2.05,13.3062
9xc35LbeeUE,Riley Nowakowski,2.1,13.7836
9xc35LbeeUE,Riley Nowakowski,2.15,14.2638
9xc35LbeeUE,Riley Nowakowski,2.2,14.7464
9xc35LbeeUE,Riley Nowakowski,2.25,15.2314
9xc35LbeeUE,Riley Nowakowski,2.3,15.7186
9xc35LbeeUE,Riley Nowakowski,2.35,16.208
9xc35LbeeUE,Riley Nowakowski,2.4,16.6993
9xc35LbeeUE,Riley Nowakowski,2.45,17.1925
9xc35LbeeUE,Riley Nowakowski,2.5,17.6875
9xc35LbeeUE,Riley Nowakowski,2.55,18.1842
9xc35LbeeUE,Riley Nowakowski,2.6,18.6825
9xc35LbeeUE,Riley Nowakowski,2.65,19.1822
9xc35LbeeUE,Riley Nowakowski,2.7,19.6834
9xc35LbeeUE,Riley Nowakowski,2.75,20.1859
9xc35LbeeUE,Riley Nowakowski,2.8,20.6896
9xc35LbeeUE,Riley Nowakowski,2.85,21.1945
9xc35LbeeUE,Riley Nowakowski,2.9,21.7005
9xc35LbeeUE,Riley Nowakowski,2.95,22.2076
9xc35LbeeUE,Riley Nowakowski,3.0,22.7157
9xc35LbeeUE,Riley Nowakowski,3.05,23.2247
9xc35LbeeUE,Riley Nowakowski,3.1,23.7346
9xc35LbeeUE,Riley Nowakowski,3.15,24.2454
9xc35LbeeUE,Riley Nowakowski,3.2,24.7569
9xc35LbeeUE,Riley Nowakowski,3.25,25.2692
9xc35LbeeUE,Riley Nowakowski,3.3,25.7821
9xc35LbeeUE,Riley Nowakowski,3.35,26.2958
9xc35LbeeUE,Riley Nowakowski,3.4,26.81
9xc35LbeeUE,Riley Nowakowski,3.45,27.3249
9xc35LbeeUE,Riley Nowakowski,3.5,27.8403
9xc35LbeeUE,Riley Nowakowski,3.55,28.3562
9xc35LbeeUE,Riley Nowakowski,3.6,28.8726
9xc35LbeeUE,Riley Nowakowski,3.65,29.3895
9xc35LbeeUE,Riley Nowakowski,3.7,29.9068
9xc35LbeeUE,Riley Nowakowski,3.75,30.4246
9xc35LbeeUE,Riley Nowakowski,3.8,30.9427
9xc35LbeeUE,Riley Nowakowski,3.85,31.4612
9xc35LbeeUE,Riley Nowakowski,3.9,31.9801
9xc35LbeeUE,Riley Nowakowski,3.95,32.4993
9xc35LbeeUE,Riley Nowakowski,4.0,33.0188
9xc35LbeeUE,Riley Nowakowski,4.05,33.5386
9xc35LbeeUE,Riley Nowakowski,4.1,34.0587
9xc35LbeeUE,Riley Nowakowski,4.15,34.579
9xc35LbeeUE,Riley Nowakowski,4.2,35.0996
9xc35LbeeUE,Riley Nowakowski,4.25,35.6204
9xc35LbeeUE,Riley Nowakowski,4.3,36.1414
9xc35LbeeUE,Riley Nowakowski,4.35,36.6627
9xc35LbeeUE,Riley Nowakowski,4.4,37.1841
9xc35LbeeUE,Riley Nowakowski,4.45,37.7057
9xc35LbeeUE,Riley Nowakowski,4.5,38.2275
9xc35LbeeUE,Riley Nowakowski,4.55,38.7495
9xc35LbeeUE,Riley Nowakowski,4.6,39.2716
9xc35LbeeUE,Riley Nowakowski,4.65,39.7939
9xc35LbeeUE,Elijah Raridon,0.0,0.0
9xc35LbeeUE,Elijah Raridon,0.05,0.0118
9xc35LbeeUE,Elijah Raridon,0.1,0.0467
9xc35LbeeUE,Elijah Raridon,0.15,0.1036
9xc35LbeeUE,Elijah Raridon,0.2,0.1817
9xc35LbeeUE,Elijah Raridon,0.25,0.2801
9xc35LbeeUE,Elijah Raridon,0.3,0.3981
9xc35LbeeUE,Elijah Raridon,0.35,0.5347
9xc35LbeeUE,Elijah Raridon,0.4,0.6893
9xc35LbeeUE,Elijah Raridon,0.45,0.8611
9xc35LbeeUE,Elijah Raridon,0.5,1.0495
9xc35LbeeUE,Elijah Raridon,0.55,1.2536
9xc35LbeeUE,Elijah Raridon,0.6,1.473
9xc35LbeeUE,Elijah Raridon,0.65,1.707
9xc35LbeeUE,Elijah Raridon,0.7,1.955
9xc35LbeeUE,Elijah Raridon,0.75,2.2164
9xc35LbeeUE,Elijah Raridon,0.8,2.4907
9xc35LbeeUE,Elijah Raridon,0.85,2.7774
9xc35LbeeUE,Elijah Raridon,0.9,3.0759
9xc35LbeeUE,Elijah Raridon,0.95,3.3858
9xc35LbeeUE,Elijah Raridon,1.0,3.7066
9xc35LbeeUE,Elijah Raridon,1.05,4.0379
9xc35LbeeUE,Elijah Raridon,1.1,4.3792
9xc35LbeeUE,Elijah Raridon,1.15,4.7302
9xc35LbeeUE,Elijah Raridon,1.2,5.0905
9xc35LbeeUE,Elijah Raridon,1.25,5.4596
9xc35LbeeUE,Elijah Raridon,1.3,5.8372
9xc35LbeeUE,Elijah Raridon,1.35,6.223
9xc35LbeeUE,Elijah Raridon,1.4,6.6166
9xc35LbeeUE,Elijah Raridon,1.45,7.0177
9xc35LbeeUE,Elijah Raridon,1.5,7.4261
9xc35LbeeUE,Elijah Raridon,1.55,7.8414
9xc35LbeeUE,Elijah Raridon,1.6,8.2633
9xc35LbeeUE,Elijah Raridon,1.65,8.6916
9xc35LbeeUE,Elijah Raridon,1.7,9.126
9xc35LbeeUE,Elijah Raridon,1.75,9.5662
9xc35LbeeUE,Elijah Raridon,1.8,10.0121
9xc35LbeeUE,Elijah Raridon,1.85,10.4634
9xc35LbeeUE,Elijah Raridon,1.9,10.9199
9xc35LbeeUE,Elijah Raridon,1.95,11.3813
9xc35LbeeUE,Elijah Raridon,2.0,11.8475
9xc35LbeeUE,Elijah Raridon,2.05,12.3183
9xc35LbeeUE,Elijah Raridon,2.1,12.7935
9xc35LbeeUE,Elijah Raridon,2.15,13.2728
9xc35LbeeUE,Elijah Raridon,2.2,13.7563
9xc35LbeeUE,Elijah Raridon,2.25,14.2435
9xc35LbeeUE,Elijah Raridon,2.3,14.7345
9xc35LbeeUE,Elijah Raridon,2.35,15.2291
9xc35LbeeUE,Elijah Raridon,2.4,15.7271
9xc35LbeeUE,Elijah Raridon,2.45,16.2284
9xc35LbeeUE,Elijah Raridon,2.5,16.7328
9xc35LbeeUE,Elijah Raridon,2.55,17.2403
9xc35LbeeUE,Elijah Raridon,2.6,17.7506
9xc35LbeeUE,Elijah Raridon,2.65,18.2637
9xc35LbeeUE,Elijah Raridon,2.7,18.7795
9xc35LbeeUE,Elijah Raridon,2.75,19.2979
9xc35LbeeUE,Elijah Raridon,2.8,19.8187
9xc35LbeeUE,Elijah Raridon,2.85,20.3419
9xc35LbeeUE,Elijah Raridon,2.9,20.8673
9xc35LbeeUE,Elijah Raridon,2.95,21.3949
9xc35LbeeUE,Elijah Raridon,3.0,21.9246
9xc35LbeeUE,Elijah Raridon,3.05,22.4563
9xc35LbeeUE,Elijah Raridon,3.1,22.9899
9xc35LbeeUE,Elijah Raridon,3.15,23.5253
9xc35LbeeUE,Elijah Raridon,3.2,24.0625
9xc35LbeeUE,Elijah Raridon,3.25,24.6014
9xc35LbeeUE,Elijah Raridon,3.3,25.1419
9xc35LbeeUE,Elijah Raridon,3.35,25.684
9xc35LbeeUE,Elijah Raridon,3.4,26.2275
9xc35LbeeUE,Elijah Raridon,3.45,26.7725
9xc35LbeeUE,Elijah Raridon,3.5,27.3189
9xc35LbeeUE,Elijah Raridon,3.55,27.8666
9xc35LbeeUE,Elijah Raridon,3.6,28.4155
9xc35LbeeUE,Elijah Raridon,3.65,28.9657
9xc35LbeeUE,Elijah Raridon,3.7,29.517
9xc35LbeeUE,Elijah Raridon,3.75,30.0695
9xc35LbeeUE,Elijah Raridon,3.8,30.623
9xc35LbeeUE,Elijah Raridon,3.85,31.1776
9xc35LbeeUE,Elijah Raridon,3.9,31.7331
9xc35LbeeUE,Elijah Raridon,3.95,32.2896
9xc35LbeeUE,Elijah Raridon,4.0,32.847
9xc35LbeeUE,Elijah Raridon,4.05,33.4053
9xc35LbeeUE,Elijah Raridon,4.1,33.9644
9xc35LbeeUE,Elijah Raridon,4.15,34.5243
9xc35LbeeUE,Elijah Raridon,4.2,35.085
9xc35LbeeUE,Elijah Raridon,4.25,35.6464
9xc35LbeeUE,Elijah Raridon,4.3,36.2085
9xc35LbeeUE,Elijah Raridon,4.35,36.7713
9xc35LbeeUE,Elijah Raridon,4.4,37.3348
9xc35LbeeUE,Elijah Raridon,4.45,37.8989
9xc35LbeeUE,Elijah Raridon,4.5,38.4635
9xc35LbeeUE,Elijah Raridon,4.55,39.0288
9xc35LbeeUE,Elijah Raridon,4.6,39.5946
9xc35LbeeUE,Sam Roush,0.0,0.0
9xc35LbeeUE,Sam Roush,0.05,0.013
9xc35LbeeUE,Sam Roush,0.1,0.0512
9xc35LbeeUE,Sam Roush,0.15,0.1133
9xc35LbeeUE,Sam Roush,0.2,0.1983
9xc35LbeeUE,Sam Roush,0.25,0.305
9xc35LbeeUE,Sam Roush,0.3,0.4324
9xc35LbeeUE,Sam Roush,0.35,0.5796
9xc35LbeeUE,Sam Roush,0.4,0.7455
9xc35LbeeUE,Sam Roush,0.45,0.9293
9xc35LbeeUE,Sam Roush,0.5,1.1301
9xc35LbeeUE,Sam Roush,0.55,1.3472
9xc35LbeeUE,Sam Roush,0.6,1.5796
9xc35LbeeUE,Sam Roush,0.65,1.8268
9xc35LbeeUE,Sam Roush,0.7,2.0881
9xc35LbeeUE,Sam Roush,0.75,2.3626
9xc35LbeeUE,Sam Roush,0.8,2.6498
9xc35LbeeUE,Sam Roush,0.85,2.9492
9xc35LbeeUE,Sam Roush,0.9,3.2601
9xc35LbeeUE,Sam Roush,0.95,3.5819
9xc35LbeeUE,Sam Roush,1.0,3.9142
9xc35LbeeUE,Sam Roush,1.05,4.2564
9xc35LbeeUE,Sam Roush,1.1,4.6081
9xc35LbeeUE,Sam Roush,1.15,4.9689
9xc35LbeeUE,Sam Roush,1.2,5.3382
9xc35LbeeUE,Sam Roush,1.25,5.7157
9xc35LbeeUE,Sam Roush,1.3,6.1011
9xc35LbeeUE,Sam Roush,1.35,6.4938
9xc35LbeeUE,Sam Roush,1.4,6.8936
9xc35LbeeUE,Sam Roush,1.45,7.3001
9xc35LbeeUE,Sam Roush,1.5,7.7131
9xc35LbeeUE,Sam Roush,1.55,8.1322
9xc35LbeeUE,Sam Roush,1.6,8.557
9xc35LbeeUE,Sam Roush,1.65,8.9874
9xc35LbeeUE,Sam Roush,1.7,9.4231
9xc35LbeeUE,Sam Roush,1.75,9.8638
9xc35LbeeUE,Sam Roush,1.8,10.3093
9xc35LbeeUE,Sam Roush,1.85,10.7593
9xc35LbeeUE,Sam Roush,1.9,11.2137
9xc35LbeeUE,Sam Roush,1.95,11.6722
9xc35LbeeUE,Sam Roush,2.0,12.1347
9xc35LbeeUE,Sam Roush,2.05,12.6009
9xc35LbeeUE,Sam Roush,2.1,13.0706
9xc35LbeeUE,Sam Roush,2.15,13.5438
9xc35LbeeUE,Sam Roush,2.2,14.0201
9xc35LbeeUE,Sam Roush,2.25,14.4996
9xc35LbeeUE,Sam Roush,2.3,14.982
9xc35LbeeUE,Sam Roush,2.35,15.4672
9xc35LbeeUE,Sam Roush,2.4,15.9551
9xc35LbeeUE,Sam Roush,2.45,16.4455
9xc35LbeeUE,Sam Roush,2.5,16.9383
9xc35LbeeUE,Sam Roush,2.55,17.4334
9xc35LbeeUE,Sam Roush,2.6,17.9307
9xc35LbeeUE,Sam Roush,2.65,18.4301
9xc35LbeeUE,Sam Roush,2.7,18.9314
9xc35LbeeUE,Sam Roush,2.75,19.4347
9xc35LbeeUE,Sam Roush,2.8,19.9397
9xc35LbeeUE,Sam Roush,2.85,20.4465
9xc35LbeeUE,Sam Roush,2.9,20.9549
9xc35LbeeUE,Sam Roush,2.95,21.4649
9xc35LbeeUE,Sam Roush,3.0,21.9763
9xc35LbeeUE,Sam Roush,3.05,22.4892
9xc35LbeeUE,Sam Roush,3.1,23.0033
9xc35LbeeUE,Sam Roush,3.15,23.5188
9xc35LbeeUE,Sam Roush,3.2,24.0355
9xc35LbeeUE,Sam Roush,3.25,24.5534
9xc35LbeeUE,Sam Roush,3.3,25.0723
9xc35LbeeUE,Sam Roush,3.35,25.5923
9xc35LbeeUE,Sam Roush,3.4,26.1133
9xc35LbeeUE,Sam Roush,3.45,26.6353
9xc35LbeeUE,Sam Roush,3.5,27.1582
9xc35LbeeUE,Sam Roush,3.55,27.6819
9xc35LbeeUE,Sam Roush,3.6,28.2064
9xc35LbeeUE,Sam Roush,3.65,28.7318
9xc35LbeeUE,Sam Roush,3.7,29.2579
9xc35LbeeUE,Sam Roush,3.75,29.7847
9xc35LbeeUE,Sam Roush,3.8,30.3122
9xc35LbeeUE,Sam Roush,3.85,30.8403
9xc35LbeeUE,Sam Roush,3.9,31.369
9xc35LbeeUE,Sam Roush,3.95,31.8984
9xc35LbeeUE,Sam Roush,4.0,32.4282
9xc35LbeeUE,Sam Roush,4.05,32.9587
9xc35LbeeUE,Sam Roush,4.1,33.4896
9xc35LbeeUE,Sam Roush,4.15,34.021
9xc35LbeeUE,Sam Roush,4.2,34.5528
9xc35LbeeUE,Sam Roush,4.25,35.0851
9xc35LbeeUE,Sam Roush,4.3,35.6179
9xc35LbeeUE,Sam Roush,4.35,36.151
9xc35LbeeUE,Sam Roush,4.4,36.6845
9xc35LbeeUE,Sam Roush,4.45,37.2183
9xc35LbeeUE,Sam Roush,4.5,37.7525
9xc35LbeeUE,Sam Roush,4.55,38.287
9xc35LbeeUE,Sam Roush,4.6,38.8218
9xc35LbeeUE,Sam Roush,4.65,39.3569
9xc35LbeeUE,Sam Roush,4.7,39.8923
9xc35LbeeUE,Kenyon Sadiq,0.0,0.0
9xc35LbeeUE,Kenyon Sadiq,0.05,0.0137
9xc35LbeeUE,Kenyon Sadiq,0.1,0.0538
9xc35LbeeUE,Kenyon Sadiq,0.15,0.1192
9xc35LbeeUE,Kenyon Sadiq,0.2,0.2087
9xc35LbeeUE,Kenyon Sadiq,0.25,0.3213
9xc35LbeeUE,Kenyon Sadiq,0.3,0.456
9xc35LbeeUE,Kenyon Sadiq,0.35,0.6116
9xc35LbeeUE,Kenyon Sadiq,0.4,0.7873
9xc35LbeeUE,Kenyon Sadiq,0.45,0.9822
9xc35LbeeUE,Kenyon Sadiq,0.5,1.1953
9xc35LbeeUE,Kenyon Sadiq,0.55,1.426
9xc35LbeeUE,Kenyon Sadiq,0.6,1.6733
9xc35LbeeUE,Kenyon Sadiq,0.65,1.9365
9xc35LbeeUE,Kenyon Sadiq,0.7,2.215
9xc35LbeeUE,Kenyon Sadiq,0.75,2.508
9xc35LbeeUE,Kenyon Sadiq,0.8,2.8148
9xc35LbeeUE,Kenyon Sadiq,0.85,3.1349
9xc35LbeeUE,Kenyon Sadiq,0.9,3.4677
9xc35LbeeUE,Kenyon Sadiq,0.95,3.8125
9xc35LbeeUE,Kenyon Sadiq,1.0,4.1688
9xc35LbeeUE,Kenyon Sadiq,1.05,4.5362
9xc35LbeeUE,Kenyon Sadiq,1.1,4.914
9xc35LbeeUE,Kenyon Sadiq,1.15,5.3019
9xc35LbeeUE,Kenyon Sadiq,1.2,5.6994
9xc35LbeeUE,Kenyon Sadiq,1.25,6.1061
9xc35LbeeUE,Kenyon Sadiq,1.3,6.5214
9xc35LbeeUE,Kenyon Sadiq,1.35,6.9452
9xc35LbeeUE,Kenyon Sadiq,1.4,7.3769
9xc35LbeeUE,Kenyon Sadiq,1.45,7.8162
9xc35LbeeUE,Kenyon Sadiq,1.5,8.2627
9xc35LbeeUE,Kenyon Sadiq,1.55,8.7162
9xc35LbeeUE,Kenyon Sadiq,1.6,9.1763
9xc35LbeeUE,Kenyon Sadiq,1.65,9.6428
9xc35LbeeUE,Kenyon Sadiq,1.7,10.1153
9xc35LbeeUE,Kenyon Sadiq,1.75,10.5935
9xc35LbeeUE,Kenyon Sadiq,1.8,11.0773
9xc35LbeeUE,Kenyon Sadiq,1.85,11.5663
9xc35LbeeUE,Kenyon Sadiq,1.9,12.0604
9xc35LbeeUE,Kenyon Sadiq,1.95,12.5592
9xc35LbeeUE,Kenyon Sadiq,2.0,13.0626
9xc35LbeeUE,Kenyon Sadiq,2.05,13.5704
9xc35LbeeUE,Kenyon Sadiq,2.1,14.0823
9xc35LbeeUE,Kenyon Sadiq,2.15,14.5983
9xc35LbeeUE,Kenyon Sadiq,2.2,15.118
9xc35LbeeUE,Kenyon Sadiq,2.25,15.6414
9xc35LbeeUE,Kenyon Sadiq,2.3,16.1683
9xc35LbeeUE,Kenyon Sadiq,2.35,16.6984
9xc35LbeeUE,Kenyon Sadiq,2.4,17.2317
9xc35LbeeUE,Kenyon Sadiq,2.45,17.7681
9xc35LbeeUE,Kenyon Sadiq,2.5,18.3073
9xc35LbeeUE,Kenyon Sadiq,2.55,18.8493
9xc35LbeeUE,Kenyon Sadiq,2.6,19.3939
9xc35LbeeUE,Kenyon Sadiq,2.65,19.941
9xc35LbeeUE,Kenyon Sadiq,2.7,20.4906
9xc35LbeeUE,Kenyon Sadiq,2.75,21.0424
9xc35LbeeUE,Kenyon Sadiq,2.8,21.5964
9xc35LbeeUE,Kenyon Sadiq,2.85,22.1525
9xc35LbeeUE,Kenyon Sadiq,2.9,22.7105
9xc35LbeeUE,Kenyon Sadiq,2.95,23.2705
9xc35LbeeUE,Kenyon Sadiq,3.0,23.8323
9xc35LbeeUE,Kenyon Sadiq,3.05,24.3958
9xc35LbeeUE,Kenyon Sadiq,3.1,24.961
9xc35LbeeUE,Kenyon Sadiq,3.15,25.5278
9xc35LbeeUE,Kenyon Sadiq,3.2,26.0961
9xc35LbeeUE,Kenyon Sadiq,3.25,26.6658
9xc35LbeeUE,Kenyon Sadiq,3.3,27.2369
9xc35LbeeUE,Kenyon Sadiq,3.35,27.8093
9xc35LbeeUE,Kenyon Sadiq,3.4,28.383
9xc35LbeeUE,Kenyon Sadiq,3.45,28.9579
9xc35LbeeUE,Kenyon Sadiq,3.5,29.5339
9xc35LbeeUE,Kenyon Sadiq,3.55,30.111
9xc35LbeeUE,Kenyon Sadiq,3.6,30.6892
9xc35LbeeUE,Kenyon Sadiq,3.65,31.2683
9xc35LbeeUE,Kenyon Sadiq,3.7,31.8484
9xc35LbeeUE,Kenyon Sadiq,3.75,32.4295
9xc35LbeeUE,Kenyon Sadiq,3.8,33.0113
9xc35LbeeUE,Kenyon Sadiq,3.85,33.5941
9xc35LbeeUE,Kenyon Sadiq,3.9,34.1776
9xc35LbeeUE,Kenyon Sadiq,3.95,34.7618
9xc35LbeeUE,Kenyon Sadiq,4.0,35.3468
9xc35LbeeUE,Kenyon Sadiq,4.05,35.9325
9xc35LbeeUE,Kenyon Sadiq,4.1,36.5188
9xc35LbeeUE,Kenyon Sadiq,4.15,37.1058
9xc35LbeeUE,Kenyon Sadiq,4.2,37.6933
9xc35LbeeUE,Kenyon Sadiq,4.25,38.2814
9xc35LbeeUE,Kenyon Sadiq,4.3,38.8701
9xc35LbeeUE,Kenyon Sadiq,4.35,39.4593
9xc35LbeeUE,Kenyon Sadiq,4.4,40.049
9xc35LbeeUE,Dallen Bentley,0.0,0.0
9xc35LbeeUE,Dallen Bentley,0.05,0.0115
9xc35LbeeUE,Dallen Bentley,0.1,0.0456
9xc35LbeeUE,Dallen Bentley,0.15,0.1012
9xc35LbeeUE,Dallen Bentley,0.2,0.1776
9xc35LbeeUE,Dallen Bentley,0.25,0.274
9xc35LbeeUE,Dallen Bentley,0.3,0.3894
9xc35LbeeUE,Dallen Bentley,0.35,0.5233
9xc35LbeeUE,Dallen Bentley,0.4,0.6749
9xc35LbeeUE,Dallen Bentley,0.45,0.8434
9xc35LbeeUE,Dallen Bentley,0.5,1.0282
9xc35LbeeUE,Dallen Bentley,0.55,1.2287
9xc35LbeeUE,Dallen Bentley,0.6,1.4443
9xc35LbeeUE,Dallen Bentley,0.65,1.6743
9xc35LbeeUE,Dallen Bentley,0.7,1.9182
9xc35LbeeUE,Dallen Bentley,0.75,2.1755
9xc35LbeeUE,Dallen Bentley,0.8,2.4455
9xc35LbeeUE,Dallen Bentley,0.85,2.7279
9xc35LbeeUE,Dallen Bentley,0.9,3.0221
9xc35LbeeUE,Dallen Bentley,0.95,3.3276
9xc35LbeeUE,Dallen Bentley,1.0,3.6441
9xc35LbeeUE,Dallen Bentley,1.05,3.9711
9xc35LbeeUE,Dallen Bentley,1.1,4.3081
9xc35LbeeUE,Dallen Bentley,1.15,4.6548
9xc35LbeeUE,Dallen Bentley,1.2,5.0108
9xc35LbeeUE,Dallen Bentley,1.25,5.3757
9xc35LbeeUE,Dallen Bentley,1.3,5.7492
9xc35LbeeUE,Dallen Bentley,1.35,6.131
9xc35LbeeUE,Dallen Bentley,1.4,6.5206
9xc35LbeeUE,Dallen Bentley,1.45,6.9179
9xc35LbeeUE,Dallen Bentley,1.5,7.3225
9xc35LbeeUE,Dallen Bentley,1.55,7.7341
9xc35LbeeUE,Dallen Bentley,1.6,8.1524
9xc35LbeeUE,Dallen Bentley,1.65,8.5772
9xc35LbeeUE,Dallen Bentley,1.7,9.0082
9xc35LbeeUE,Dallen Bentley,1.75,9.4452
9xc35LbeeUE,Dallen Bentley,1.8,9.8879
9xc35LbeeUE,Dallen Bentley,1.85,10.3362
9xc35LbeeUE,Dallen Bentley,1.9,10.7897
9xc35LbeeUE,Dallen Bentley,1.95,11.2483
9xc35LbeeUE,Dallen Bentley,2.0,11.7119
9xc35LbeeUE,Dallen Bentley,2.05,12.1801
9xc35LbeeUE,Dallen Bentley,2.1,12.6528
9xc35LbeeUE,Dallen Bentley,2.15,13.1299
9xc35LbeeUE,Dallen Bentley,2.2,13.6111
9xc35LbeeUE,Dallen Bentley,2.25,14.0963
9xc35LbeeUE,Dallen Bentley,2.3,14.5854
9xc35LbeeUE,Dallen Bentley,2.35,15.0781
9xc35LbeeUE,Dallen Bentley,2.4,15.5744
9xc35LbeeUE,Dallen Bentley,2.45,16.0741
9xc35LbeeUE,Dallen Bentley,2.5,16.5771
9xc35LbeeUE,Dallen Bentley,2.55,17.0832
9xc35LbeeUE,Dallen Bentley,2.6,17.5923
9xc35LbeeUE,Dallen Bentley,2.65,18.1044
9xc35LbeeUE,Dallen Bentley,2.7,18.6192
9xc35LbeeUE,Dallen Bentley,2.75,19.1367
9xc35LbeeUE,Dallen Bentley,2.8,19.6567
9xc35LbeeUE,Dallen Bentley,2.85,20.1793
9xc35LbeeUE,Dallen Bentley,2.9,20.7042
9xc35LbeeUE,Dallen Bentley,2.95,21.2314
9xc35LbeeUE,Dallen Bentley,3.0,21.7607
9xc35LbeeUE,Dallen Bentley,3.05,22.2922
9xc35LbeeUE,Dallen Bentley,3.1,22.8257
9xc35LbeeUE,Dallen Bentley,3.15,23.3611
9xc35LbeeUE,Dallen Bentley,3.2,23.8984
9xc35LbeeUE,Dallen Bentley,3.25,24.4375
9xc35LbeeUE,Dallen Bentley,3.3,24.9783
9xc35LbeeUE,Dallen Bentley,3.35,25.5208
9xc35LbeeUE,Dallen Bentley,3.4,26.0649
9xc35LbeeUE,Dallen Bentley,3.45,26.6104
9xc35LbeeUE,Dallen Bentley,3.5,27.1575
9xc35LbeeUE,Dallen Bentley,3.55,27.7059
9xc35LbeeUE,Dallen Bentley,3.6,28.2557
9xc35LbeeUE,Dallen Bentley,3.65,28.8068
9xc35LbeeUE,Dallen Bentley,3.7,29.3592
9xc35LbeeUE,Dallen Bentley,3.75,29.9127
9xc35LbeeUE,Dallen Bentley,3.8,30.4674
9xc35LbeeUE,Dallen Bentley,3.85,31.0232
9xc35LbeeUE,Dallen Bentley,3.9,31.5801
9xc35LbeeUE,Dallen Bentley,3.95,32.138
9xc35LbeeUE,Dallen Bentley,4.0,32.6968
9xc35LbeeUE,Dallen Bentley,4.05,33.2567
9xc35LbeeUE,Dallen Bentley,4.1,33.8174
9xc35LbeeUE,Dallen Bentley,4.15,34.3789
9xc35LbeeUE,Dallen Bentley,4.2,34.9414
9xc35LbeeUE,Dallen Bentley,4.25,35.5046
9xc35LbeeUE,Dallen Bentley,4.3,36.0686
9xc35LbeeUE,Dallen Bentley,4.35,36.6333
9xc35LbeeUE,Dallen Bentley,4.4,37.1987
9xc35LbeeUE,Dallen Bentley,4.45,37.7649
9xc35LbeeUE,Dallen Bentley,4.5,38.3316
9xc35LbeeUE,Dallen Bentley,4.55,38.8991
9xc35LbeeUE,Dallen Bentley,4.6,39.4671
9xc35LbeeUE,Dallen Bentley,4.65,40.0357
9xc35LbeeUE,Khalil Dinkins,0.0,0.0
9xc35LbeeUE,Khalil Dinkins,0.05,0.0102
9xc35LbeeUE,Khalil Dinkins,0.1,0.0402
9xc35LbeeUE,Khalil Dinkins,0.15,0.0894
9xc35LbeeUE,Khalil Dinkins,0.2,0.1572
9xc35LbeeUE,Khalil Dinkins,0.25,0.243
9xc35LbeeUE,Khalil Dinkins,0.3,0.346
9xc35LbeeUE,Khalil Dinkins,0.35,0.4659
9xc35LbeeUE,Khalil Dinkins,0.4,0.602
9xc35LbeeUE,Khalil Dinkins,0.45,0.7537
9xc35LbeeUE,Khalil Dinkins,0.5,0.9206
9xc35LbeeUE,Khalil Dinkins,0.55,1.1021
9xc35LbeeUE,Khalil Dinkins,0.6,1.2978
9xc35LbeeUE,Khalil Dinkins,0.65,1.5071
9xc35LbeeUE,Khalil Dinkins,0.7,1.7297
9xc35LbeeUE,Khalil Dinkins,0.75,1.9651
9xc35LbeeUE,Khalil Dinkins,0.8,2.2128
9xc35LbeeUE,Khalil Dinkins,0.85,2.4725
9xc35LbeeUE,Khalil Dinkins,0.9,2.7437
9xc35LbeeUE,Khalil Dinkins,0.95,3.0261
9xc35LbeeUE,Khalil Dinkins,1.0,3.3193
9xc35LbeeUE,Khalil Dinkins,1.05,3.6229
9xc35LbeeUE,Khalil Dinkins,1.1,3.9366
9xc35LbeeUE,Khalil Dinkins,1.15,4.2601
9xc35LbeeUE,Khalil Dinkins,1.2,4.593
9xc35LbeeUE,Khalil Dinkins,1.25,4.9349
9xc35LbeeUE,Khalil Dinkins,1.3,5.2857
9xc35LbeeUE,Khalil Dinkins,1.35,5.645
9xc35LbeeUE,Khalil Dinkins,1.4,6.0125
9xc35LbeeUE,Khalil Dinkins,1.45,6.388
9xc35LbeeUE,Khalil Dinkins,1.5,6.7712
9xc35LbeeUE,Khalil Dinkins,1.55,7.1618
9xc35LbeeUE,Khalil Dinkins,1.6,7.5596
9xc35LbeeUE,Khalil Dinkins,1.65,7.9643
9xc35LbeeUE,Khalil Dinkins,1.7,8.3758
9xc35LbeeUE,Khalil Dinkins,1.75,8.7937
9xc35LbeeUE,Khalil Dinkins,1.8,9.2179
9xc35LbeeUE,Khalil Dinkins,1.85,9.6482
9xc35LbeeUE,Khalil Dinkins,1.9,10.0843
9xc35LbeeUE,Khalil Dinkins,1.95,10.5261
9xc35LbeeUE,Khalil Dinkins,2.0,10.9734
9xc35LbeeUE,Khalil Dinkins,2.05,11.4259
9xc35LbeeUE,Khalil Dinkins,2.1,11.8836
9xc35LbeeUE,Khalil Dinkins,2.15,12.3463
9xc35LbeeUE,Khalil Dinkins,2.2,12.8137
9xc35LbeeUE,Khalil Dinkins,2.25,13.2858
9xc35LbeeUE,Khalil Dinkins,2.3,13.7623
9xc35LbeeUE,Khalil Dinkins,2.35,14.2431
9xc35LbeeUE,Khalil Dinkins,2.4,14.7281
9xc35LbeeUE,Khalil Dinkins,2.45,15.2172
9xc35LbeeUE,Khalil Dinkins,2.5,15.7101
9xc35LbeeUE,Khalil Dinkins,2.55,16.2069
9xc35LbeeUE,Khalil Dinkins,2.6,16.7072
9xc35LbeeUE,Khalil Dinkins,2.65,17.2111
9xc35LbeeUE,Khalil Dinkins,2.7,17.7184
9xc35LbeeUE,Khalil Dinkins,2.75,18.229
9xc35LbeeUE,Khalil Dinkins,2.8,18.7428
9xc35LbeeUE,Khalil Dinkins,2.85,19.2597
9xc35LbeeUE,Khalil Dinkins,2.9,19.7795
9xc35LbeeUE,Khalil Dinkins,2.95,20.3022
9xc35LbeeUE,Khalil Dinkins,3.0,20.8277
9xc35LbeeUE,Khalil Dinkins,3.05,21.3559
9xc35LbeeUE,Khalil Dinkins,3.1,21.8867
9xc35LbeeUE,Khalil Dinkins,3.15,22.42
9xc35LbeeUE,Khalil Dinkins,3.2,22.9557
9xc35LbeeUE,Khalil Dinkins,3.25,23.4938
9xc35LbeeUE,Khalil Dinkins,3.3,24.0341
9xc35LbeeUE,Khalil Dinkins,3.35,24.5767
9xc35LbeeUE,Khalil Dinkins,3.4,25.1213
9xc35LbeeUE,Khalil Dinkins,3.45,25.668
9xc35LbeeUE,Khalil Dinkins,3.5,26.2167
9xc35LbeeUE,Khalil Dinkins,3.55,26.7673
9xc35LbeeUE,Khalil Dinkins,3.6,27.3197
9xc35LbeeUE,Khalil Dinkins,3.65,27.874
9xc35LbeeUE,Khalil Dinkins,3.7,28.43
9xc35LbeeUE,Khalil Dinkins,3.75,28.9876
9xc35LbeeUE,Khalil Dinkins,3.8,29.5468
9xc35LbeeUE,Khalil Dinkins,3.85,30.1077
9xc35LbeeUE,Khalil Dinkins,3.9,30.67
9xc35LbeeUE,Khalil Dinkins,3.95,31.2338
9xc35LbeeUE,Khalil Dinkins,4.0,31.799
9xc35LbeeUE,Khalil Dinkins,4.05,32.3655
9xc35LbeeUE,Khalil Dinkins,4.1,32.9334
9xc35LbeeUE,Khalil Dinkins,4.15,33.5026
9xc35LbeeUE,Khalil Dinkins,4.2,34.073
9xc35LbeeUE,Khalil Dinkins,4.25,34.6446
9xc35LbeeUE,Khalil Dinkins,4.3,35.2173
9xc35LbeeUE,Khalil Dinkins,4.35,35.7911
9xc35LbeeUE,Khalil Dinkins,4.4,36.3661
9xc35LbeeUE,Khalil Dinkins,4.45,36.942
9xc35LbeeUE,Khalil Dinkins,4.5,37.519
9xc35LbeeUE,Khalil Dinkins,4.55,38.0969
9xc35LbeeUE,Khalil Dinkins,4.6,38.6758
9xc35LbeeUE,Khalil Dinkins,4.65,39.2556
9xc35LbeeUE,Khalil Dinkins,4.7,39.8363
9xc35LbeeUE,Jack Endries,0.0,0.0
9xc35LbeeUE,Jack Endries,0.05,0.0126
9xc35LbeeUE,Jack Endries,0.1,0.0497
9xc35LbeeUE,Jack Endries,0.15,0.1101
9xc35LbeeUE,Jack Endries,0.2,0.1928
9xc35LbeeUE,Jack Endries,0.25,0.2968
9xc35LbeeUE,Jack Endries,0.3,0.4212
9xc35LbeeUE,Jack Endries,0.35,0.565
9xc35LbeeUE,Jack Endries,0.4,0.7274
9xc35LbeeUE,Jack Endries,0.45,0.9075
9xc35LbeeUE,Jack Endries,0.5,1.1046
9xc35LbeeUE,Jack Endries,0.55,1.3179
9xc35LbeeUE,Jack Endries,0.6,1.5466
9xc35LbeeUE,Jack Endries,0.65,1.7901
9xc35LbeeUE,Jack Endries,0.7,2.0477
9xc35LbeeUE,Jack Endries,0.75,2.3188
9xc35LbeeUE,Jack Endries,0.8,2.6027
9xc35LbeeUE,Jack Endries,0.85,2.899
9xc35LbeeUE,Jack Endries,0.9,3.2069
9xc35LbeeUE,Jack Endries,0.95,3.5261
9xc35LbeeUE,Jack Endries,1.0,3.856
9xc35LbeeUE,Jack Endries,1.05,4.1962
9xc35LbeeUE,Jack Endries,1.1,4.5461
9xc35LbeeUE,Jack Endries,1.15,4.9054
9xc35LbeeUE,Jack Endries,1.2,5.2735
9xc35LbeeUE,Jack Endries,1.25,5.6502
9xc35LbeeUE,Jack Endries,1.3,6.0351
9xc35LbeeUE,Jack Endries,1.35,6.4277
9xc35LbeeUE,Jack Endries,1.4,6.8277
9xc35LbeeUE,Jack Endries,1.45,7.2348
9xc35LbeeUE,Jack Endries,1.5,7.6487
9xc35LbeeUE,Jack Endries,1.55,8.0691
9xc35LbeeUE,Jack Endries,1.6,8.4956
9xc35LbeeUE,Jack Endries,1.65,8.9281
9xc35LbeeUE,Jack Endries,1.7,9.3662
9xc35LbeeUE,Jack Endries,1.75,9.8097
9xc35LbeeUE,Jack Endries,1.8,10.2583
9xc35LbeeUE,Jack Endries,1.85,10.7118
9xc35LbeeUE,Jack Endries,1.9,11.1701
9xc35LbeeUE,Jack Endries,1.95,11.6328
9xc35LbeeUE,Jack Endries,2.0,12.0998
9xc35LbeeUE,Jack Endries,2.05,12.5709
9xc35LbeeUE,Jack Endries,2.1,13.0459
9xc35LbeeUE,Jack Endries,2.15,13.5246
9xc35LbeeUE,Jack Endries,2.2,14.0069
9xc35LbeeUE,Jack Endries,2.25,14.4926
9xc35LbeeUE,Jack Endries,2.3,14.9816
9xc35LbeeUE,Jack Endries,2.35,15.4737
9xc35LbeeUE,Jack Endries,2.4,15.9687
9xc35LbeeUE,Jack Endries,2.45,16.4666
9xc35LbeeUE,Jack Endries,2.5,16.9672
9xc35LbeeUE,Jack Endries,2.55,17.4703
9xc35LbeeUE,Jack Endries,2.6,17.976
9xc35LbeeUE,Jack Endries,2.65,18.484
9xc35LbeeUE,Jack Endries,2.7,18.9942
9xc35LbeeUE,Jack Endries,2.75,19.5067
9xc35LbeeUE,Jack Endries,2.8,20.0211
9xc35LbeeUE,Jack Endries,2.85,20.5376
9xc35LbeeUE,Jack Endries,2.9,21.0559
9xc35LbeeUE,Jack Endries,2.95,21.576
9xc35LbeeUE,Jack Endries,3.0,22.0978
9xc35LbeeUE,Jack Endries,3.05,22.6212
9xc35LbeeUE,Jack Endries,3.1,23.1462
9xc35LbeeUE,Jack Endries,3.15,23.6728
9xc35LbeeUE,Jack Endries,3.2,24.2007
9xc35LbeeUE,Jack Endries,3.25,24.73
9xc35LbeeUE,Jack Endries,3.3,25.2606
9xc35LbeeUE,Jack Endries,3.35,25.7924
9xc35LbeeUE,Jack Endries,3.4,26.3254
9xc35LbeeUE,Jack Endries,3.45,26.8596
9xc35LbeeUE,Jack Endries,3.5,27.3948
9xc35LbeeUE,Jack Endries,3.55,27.9311
9xc35LbeeUE,Jack Endries,3.6,28.4684
9xc35LbeeUE,Jack Endries,3.65,29.0066
9xc35LbeeUE,Jack Endries,3.7,29.5457
9xc35LbeeUE,Jack Endries,3.75,30.0857
9xc35LbeeUE,Jack Endries,3.8,30.6264
9xc35LbeeUE,Jack Endries,3.85,31.168
9xc35LbeeUE,Jack Endries,3.9,31.7104
9xc35LbeeUE,Jack Endries,3.95,32.2534
9xc35LbeeUE,Jack Endries,4.0,32.7971
9xc35LbeeUE,Jack Endries,4.05,33.3415
9xc35LbeeUE,Jack Endries,4.1,33.8865
9xc35LbeeUE,Jack Endries,4.15,34.4321
9xc35LbeeUE,Jack Endries,4.2,34.9783
9xc35LbeeUE,Jack Endries,4.25,35.525
9xc35LbeeUE,Jack Endries,4.3,36.0723
9xc35LbeeUE,Jack Endries,4.35,36.62
9xc35LbeeUE,Jack Endries,4.4,37.1682
9xc35LbeeUE,Jack Endries,4.45,37.7169
9xc35LbeeUE,Jack Endries,4.5,38.266
9xc35LbeeUE,Jack Endries,4.55,38.8155
9xc35LbeeUE,Jack Endries,4.6,39.3654
9xc35LbeeUE,Jack Endries,4.65,39.9157
9xc35LbeeUE,John Michael Gyllenborg,0.0,0.0
9xc35LbeeUE,John Michael Gyllenborg,0.05,0.0117
9xc35LbeeUE,John Michael Gyllenborg,0.1,0.0461
9xc35LbeeUE,John Michael Gyllenborg,0.15,0.1023
9xc35LbeeUE,John Michael Gyllenborg,0.2,0.1794
9xc35LbeeUE,John Michael Gyllenborg,0.25,0.2767
9xc35LbeeUE,John Michael Gyllenborg,0.3,0.3933
9xc35LbeeUE,John Michael Gyllenborg,0.35,0.5285
9xc35LbeeUE,John Michael Gyllenborg,0.4,0.6815
9xc35LbeeUE,John Michael Gyllenborg,0.45,0.8516
9xc35LbeeUE,John Michael Gyllenborg,0.5,1.0381
9xc35LbeeUE,John Michael Gyllenborg,0.55,1.2404
9xc35LbeeUE,John Michael Gyllenborg,0.6,1.4579
9xc35LbeeUE,John Michael Gyllenborg,0.65,1.69
9xc35LbeeUE,John Michael Gyllenborg,0.7,1.936
9xc35LbeeUE,John Michael Gyllenborg,0.75,2.1955
9xc35LbeeUE,John Michael Gyllenborg,0.8,2.4679
9xc35LbeeUE,John Michael Gyllenborg,0.85,2.7526
9xc35LbeeUE,John Michael Gyllenborg,0.9,3.0493
9xc35LbeeUE,John Michael Gyllenborg,0.95,3.3573
9xc35LbeeUE,John Michael Gyllenborg,1.0,3.6764
9xc35LbeeUE,John Michael Gyllenborg,1.05,4.006
9xc35LbeeUE,John Michael Gyllenborg,1.1,4.3457
9xc35LbeeUE,John Michael Gyllenborg,1.15,4.6951
9xc35LbeeUE,John Michael Gyllenborg,1.2,5.0538
9xc35LbeeUE,John Michael Gyllenborg,1.25,5.4215
9xc35LbeeUE,John Michael Gyllenborg,1.3,5.7978
9xc35LbeeUE,John Michael Gyllenborg,1.35,6.1824
9xc35LbeeUE,John Michael Gyllenborg,1.4,6.5749
9xc35LbeeUE,John Michael Gyllenborg,1.45,6.9751
9xc35LbeeUE,John Michael Gyllenborg,1.5,7.3826
9xc35LbeeUE,John Michael Gyllenborg,1.55,7.7971
9xc35LbeeUE,John Michael Gyllenborg,1.6,8.2183
9xc35LbeeUE,John Michael Gyllenborg,1.65,8.6461
9xc35LbeeUE,John Michael Gyllenborg,1.7,9.08
9xc35LbeeUE,John Michael Gyllenborg,1.75,9.52
9xc35LbeeUE,John Michael Gyllenborg,1.8,9.9657
9xc35LbeeUE,John Michael Gyllenborg,1.85,10.4169
9xc35LbeeUE,John Michael Gyllenborg,1.9,10.8734
9xc35LbeeUE,John Michael Gyllenborg,1.95,11.335
9xc35LbeeUE,John Michael Gyllenborg,2.0,11.8015
9xc35LbeeUE,John Michael Gyllenborg,2.05,12.2726
9xc35LbeeUE,John Michael Gyllenborg,2.1,12.7483
9xc35LbeeUE,John Michael Gyllenborg,2.15,13.2283
9xc35LbeeUE,John Michael Gyllenborg,2.2,13.7125
9xc35LbeeUE,John Michael Gyllenborg,2.25,14.2007
9xc35LbeeUE,John Michael Gyllenborg,2.3,14.6926
9xc35LbeeUE,John Michael Gyllenborg,2.35,15.1883
9xc35LbeeUE,John Michael Gyllenborg,2.4,15.6875
9xc35LbeeUE,John Michael Gyllenborg,2.45,16.1901
9xc35LbeeUE,John Michael Gyllenborg,2.5,16.696
9xc35LbeeUE,John Michael Gyllenborg,2.55,17.205
9xc35LbeeUE,John Michael Gyllenborg,2.6,17.717
9xc35LbeeUE,John Michael Gyllenborg,2.65,18.2319
9xc35LbeeUE,John Michael Gyllenborg,2.7,18.7496
9xc35LbeeUE,John Michael Gyllenborg,2.75,19.2699
9xc35LbeeUE,John Michael Gyllenborg,2.8,19.7928
9xc35LbeeUE,John Michael Gyllenborg,2.85,20.3182
9xc35LbeeUE,John Michael Gyllenborg,2.9,20.8459
9xc35LbeeUE,John Michael Gyllenborg,2.95,21.3758
9xc35LbeeUE,John Michael Gyllenborg,3.0,21.908
9xc35LbeeUE,John Michael Gyllenborg,3.05,22.4422
9xc35LbeeUE,John Michael Gyllenborg,3.1,22.9785
9xc35LbeeUE,John Michael Gyllenborg,3.15,23.5167
9xc35LbeeUE,John Michael Gyllenborg,3.2,24.0567
9xc35LbeeUE,John Michael Gyllenborg,3.25,24.5985
9xc35LbeeUE,John Michael Gyllenborg,3.3,25.142
9xc35LbeeUE,John Michael Gyllenborg,3.35,25.6872
9xc35LbeeUE,John Michael Gyllenborg,3.4,26.2339
9xc35LbeeUE,John Michael Gyllenborg,3.45,26.7822
9xc35LbeeUE,John Michael Gyllenborg,3.5,27.3318
9xc35LbeeUE,John Michael Gyllenborg,3.55,27.8829
9xc35LbeeUE,John Michael Gyllenborg,3.6,28.4354
9xc35LbeeUE,John Michael Gyllenborg,3.65,28.9891
9xc35LbeeUE,John Michael Gyllenborg,3.7,29.544
9xc35LbeeUE,John Michael Gyllenborg,3.75,30.1002
9xc35LbeeUE,John Michael Gyllenborg,3.8,30.6574
9xc35LbeeUE,John Michael Gyllenborg,3.85,31.2158
9xc35LbeeUE,John Michael Gyllenborg,3.9,31.7752
9xc35LbeeUE,John Michael Gyllenborg,3.95,32.3357
9xc35LbeeUE,John Michael Gyllenborg,4.0,32.8971
9xc35LbeeUE,John Michael Gyllenborg,4.05,33.4594
9xc35LbeeUE,John Michael Gyllenborg,4.1,34.0226
9xc35LbeeUE,John Michael Gyllenborg,4.15,34.5867
9xc35LbeeUE,John Michael Gyllenborg,4.2,35.1516
9xc35LbeeUE,John Michael Gyllenborg,4.25,35.7173
9xc35LbeeUE,John Michael Gyllenborg,4.3,36.2838
9xc35LbeeUE,John Michael Gyllenborg,4.35,36.851
9xc35LbeeUE,John Michael Gyllenborg,4.4,37.4189
9xc35LbeeUE,John Michael Gyllenborg,4.45,37.9875
9xc35LbeeUE,John Michael Gyllenborg,4.5,38.5567
9xc35LbeeUE,John Michael Gyllenborg,4.55,39.1265
9xc35LbeeUE,John Michael Gyllenborg,4.6,39.6969
9xc35LbeeUE,Will Kacmarek,0.0,0.0
9xc35LbeeUE,Will Kacmarek,0.05,0.011
9xc35LbeeUE,Will Kacmarek,0.1,0.0436
9xc35LbeeUE,Will Kacmarek,0.15,0.0968
9xc35LbeeUE,Will Kacmarek,0.2,0.1699
9xc35LbeeUE,Will Kacmarek,0.25,0.2621
9xc35LbeeUE,Will Kacmarek,0.3,0.3727
9xc35LbeeUE,Will Kacmarek,0.35,0.5009
9xc35LbeeUE,Will Kacmarek,0.4,0.6461
9xc35LbeeUE,Will Kacmarek,0.45,0.8076
9xc35LbeeUE,Will Kacmarek,0.5,0.9848
9xc35LbeeUE,Will Kacmarek,0.55,1.1771
9xc35LbeeUE,Will Kacmarek,0.6,1.3839
9xc35LbeeUE,Will Kacmarek,0.65,1.6046
9xc35LbeeUE,Will Kacmarek,0.7,1.8387
9xc35LbeeUE,Will Kacmarek,0.75,2.0857
9xc35LbeeUE,Will Kacmarek,0.8,2.345
9xc35LbeeUE,Will Kacmarek,0.85,2.6163
9xc35LbeeUE,Will Kacmarek,0.9,2.899
9xc35LbeeUE,Will Kacmarek,0.95,3.1927
9xc35LbeeUE,Will Kacmarek,1.0,3.497
9xc35LbeeUE,Will Kacmarek,1.05,3.8114
9xc35LbeeUE,Will Kacmarek,1.1,4.1356
9xc35LbeeUE,Will Kacmarek,1.15,4.4692
9xc35LbeeUE,Will Kacmarek,1.2,4.8118
9xc35LbeeUE,Will Kacmarek,1.25,5.1631
9xc35LbeeUE,Will Kacmarek,1.3,5.5228
9xc35LbeeUE,Will Kacmarek,1.35,5.8905
9xc35LbeeUE,Will Kacmarek,1.4,6.2659
9xc35LbeeUE,Will Kacmarek,1.45,6.6487
9xc35LbeeUE,Will Kacmarek,1.5,7.0386
9xc35LbeeUE,Will Kacmarek,1.55,7.4354
9xc35LbeeUE,Will Kacmarek,1.6,7.8387
9xc35LbeeUE,Will Kacmarek,1.65,8.2484
9xc35LbeeUE,Will Kacmarek,1.7,8.6642
9xc35LbeeUE,Will Kacmarek,1.75,9.0858
9xc35LbeeUE,Will Kacmarek,1.8,9.5131
9xc35LbeeUE,Will Kacmarek,1.85,9.9457
9xc35LbeeUE,Will Kacmarek,1.9,10.3836
9xc35LbeeUE,Will Kacmarek,1.95,10.8264
9xc35LbeeUE,Will Kacmarek,2.0,11.2741
9xc35LbeeUE,Will Kacmarek,2.05,11.7263
9xc35LbeeUE,Will Kacmarek,2.1,12.183
9xc35LbeeUE,Will Kacmarek,2.15,12.644
9xc35LbeeUE,Will Kacmarek,2.2,13.1091
9xc35LbeeUE,Will Kacmarek,2.25,13.5781
9xc35LbeeUE,Will Kacmarek,2.3,14.0509
9xc35LbeeUE,Will Kacmarek,2.35,14.5274
9xc35LbeeUE,Will Kacmarek,2.4,15.0073
9xc35LbeeUE,Will Kacmarek,2.45,15.4907
9xc35LbeeUE,Will Kacmarek,2.5,15.9772
9xc35LbeeUE,Will Kacmarek,2.55,16.4669
9xc35LbeeUE,Will Kacmarek,2.6,16.9596
9xc35LbeeUE,Will Kacmarek,2.65,17.4551
9xc35LbeeUE,Will Kacmarek,2.7,17.9534
9xc35LbeeUE,Will Kacmarek,2.75,18.4544
9xc35LbeeUE,Will Kacmarek,2.8,18.9579
9xc35LbeeUE,Will Kacmarek,2.85,19.4639
9xc35LbeeUE,Will Kacmarek,2.9,19.9722
9xc35LbeeUE,Will Kacmarek,2.95,20.4828
9xc35LbeeUE,Will Kacmarek,3.0,20.9956
9xc35LbeeUE,Will Kacmarek,3.05,21.5105
9xc35LbeeUE,Will Kacmarek,3.1,22.0274
9xc35LbeeUE,Will Kacmarek,3.15,22.5463
9xc35LbeeUE,Will Kacmarek,3.2,23.067
9xc35LbeeUE,Will Kacmarek,3.25,23.5895
9xc35LbeeUE,Will Kacmarek,3.3,24.1137
9xc35LbeeUE,Will Kacmarek,3.35,24.6395
9xc35LbeeUE,Will Kacmarek,3.4,25.167
9xc35LbeeUE,Will Kacmarek,3.45,25.696
9xc35LbeeUE,Will Kacmarek,3.5,26.2265
9xc35LbeeUE,Will Kacmarek,3.55,26.7584
9xc35LbeeUE,Will Kacmarek,3.6,27.2916
9xc35LbeeUE,Will Kacmarek,3.65,27.8261
9xc35LbeeUE,Will Kacmarek,3.7,28.3619
9xc35LbeeUE,Will Kacmarek,3.75,28.899
9xc35LbeeUE,Will Kacmarek,3.8,29.4371
9xc35LbeeUE,Will Kacmarek,3.85,29.9764
9xc35LbeeUE,Will Kacmarek,3.9,30.5168
9xc35LbeeUE,Will Kacmarek,3.95,31.0582
9xc35LbeeUE,Will Kacmarek,4.0,31.6005
9xc35LbeeUE,Will Kacmarek,4.05,32.1439
9xc35LbeeUE,Will Kacmarek,4.1,32.6881
9xc35LbeeUE,Will Kacmarek,4.15,33.2332
9xc35LbeeUE,Will Kacmarek,4.2,33.7792
9xc35LbeeUE,Will Kacmarek,4.25,34.326
9xc35LbeeUE,Will Kacmarek,4.3,34.8736
9xc35LbeeUE,Will Kacmarek,4.35,35.4219
9xc35LbeeUE,Will Kacmarek,4.4,35.971
9xc35LbeeUE,Will Kacmarek,4.45,36.5207
9xc35LbeeUE,Will Kacmarek,4.5,37.0711
9xc35LbeeUE,Will Kacmarek,4.55,37.6222
9xc35LbeeUE,Will Kacmarek,4.6,38.1738
9xc35LbeeUE,Will Kacmarek,4.65,38.7261
9xc35LbeeUE,Will Kacmarek,4.7,39.2789
9xc35LbeeUE,Will Kacmarek,4.75,39.8323
9xc35LbeeUE,Miles Kitselman,0.0,0.0
9xc35LbeeUE,Miles Kitselman,0.05,0.0086
9xc35LbeeUE,Miles Kitselman,0.1,0.0342
9xc35LbeeUE,Miles Kitselman,0.15,0.0761
9xc35LbeeUE,Miles Kitselman,0.2,0.1341
9xc35LbeeUE,Miles Kitselman,0.25,0.2076
9xc35LbeeUE,Miles Kitselman,0.3,0.2961
9xc35LbeeUE,Miles Kitselman,0.35,0.3993
9xc35LbeeUE,Miles Kitselman,0.4,0.5168
9xc35LbeeUE,Miles Kitselman,0.45,0.6481
9xc35LbeeUE,Miles Kitselman,0.5,0.7929
9xc35LbeeUE,Miles Kitselman,0.55,0.9507
9xc35LbeeUE,Miles Kitselman,0.6,1.1212
9xc35LbeeUE,Miles Kitselman,0.65,1.3041
9xc35LbeeUE,Miles Kitselman,0.7,1.499
9xc35LbeeUE,Miles Kitselman,0.75,1.7055
9xc35LbeeUE,Miles Kitselman,0.8,1.9233
9xc35LbeeUE,Miles Kitselman,0.85,2.1522
9xc35LbeeUE,Miles Kitselman,0.9,2.3918
9xc35LbeeUE,Miles Kitselman,0.95,2.6417
9xc35LbeeUE,Miles Kitselman,1.0,2.9018
9xc35LbeeUE,Miles Kitselman,1.05,3.1716
9xc35LbeeUE,Miles Kitselman,1.1,3.451
9xc35LbeeUE,Miles Kitselman,1.15,3.7397
9xc35LbeeUE,Miles Kitselman,1.2,4.0374
9xc35LbeeUE,Miles Kitselman,1.25,4.3438
9xc35LbeeUE,Miles Kitselman,1.3,4.6588
9xc35LbeeUE,Miles Kitselman,1.35,4.982
9xc35LbeeUE,Miles Kitselman,1.4,5.3132
9xc35LbeeUE,Miles Kitselman,1.45,5.6523
9xc35LbeeUE,Miles Kitselman,1.5,5.9989
9xc35LbeeUE,Miles Kitselman,1.55,6.3529
9xc35LbeeUE,Miles Kitselman,1.6,6.7141
9xc35LbeeUE,Miles Kitselman,1.65,7.0822
9xc35LbeeUE,Miles Kitselman,1.7,7.4571
9xc35LbeeUE,Miles Kitselman,1.75,7.8385
9xc35LbeeUE,Miles Kitselman,1.8,8.2264
9xc35LbeeUE,Miles Kitselman,1.85,8.6204
9xc35LbeeUE,Miles Kitselman,1.9,9.0205
9xc35LbeeUE,Miles Kitselman,1.95,9.4265
9xc35LbeeUE,Miles Kitselman,2.0,9.8381
9xc35LbeeUE,Miles Kitselman,2.05,10.2553
9xc35LbeeUE,Miles Kitselman,2.1,10.6779
9xc35LbeeUE,Miles Kitselman,2.15,11.1056
9xc35LbeeUE,Miles Kitselman,2.2,11.5385
9xc35LbeeUE,Miles Kitselman,2.25,11.9763
9xc35LbeeUE,Miles Kitselman,2.3,12.4189
9xc35LbeeUE,Miles Kitselman,2.35,12.8661
9xc35LbeeUE,Miles Kitselman,2.4,13.3179
9xc35LbeeUE,Miles Kitselman,2.45,13.7741
9xc35LbeeUE,Miles Kitselman,2.5,14.2346
9xc35LbeeUE,Miles Kitselman,2.55,14.6992
9xc35LbeeUE,Miles Kitselman,2.6,15.1679
9xc35LbeeUE,Miles Kitselman,2.65,15.6404
9xc35LbeeUE,Miles Kitselman,2.7,16.1168
9xc35LbeeUE,Miles Kitselman,2.75,16.5969
9xc35LbeeUE,Miles Kitselman,2.8,17.0806
9xc35LbeeUE,Miles Kitselman,2.85,17.5678
9xc35LbeeUE,Miles Kitselman,2.9,18.0585
9xc35LbeeUE,Miles Kitselman,2.95,18.5524
9xc35LbeeUE,Miles Kitselman,3.0,19.0495
9xc35LbeeUE,Miles Kitselman,3.05,19.5497
9xc35LbeeUE,Miles Kitselman,3.1,20.053
9xc35LbeeUE,Miles Kitselman,3.15,20.5592
9xc35LbeeUE,Miles Kitselman,3.2,21.0683
9xc35LbeeUE,Miles Kitselman,3.25,21.5802
9xc35LbeeUE,Miles Kitselman,3.3,22.0947
9xc35LbeeUE,Miles Kitselman,3.35,22.612
9xc35LbeeUE,Miles Kitselman,3.4,23.1317
9xc35LbeeUE,Miles Kitselman,3.45,23.6539
9xc35LbeeUE,Miles Kitselman,3.5,24.1786
9xc35LbeeUE,Miles Kitselman,3.55,24.7056
9xc35LbeeUE,Miles Kitselman,3.6,25.2349
9xc35LbeeUE,Miles Kitselman,3.65,25.7663
9xc35LbeeUE,Miles Kitselman,3.7,26.3
9xc35LbeeUE,Miles Kitselman,3.75,26.8357
9xc35LbeeUE,Miles Kitselman,3.8,27.3734
9xc35LbeeUE,Miles Kitselman,3.85,27.9132
9xc35LbeeUE,Miles Kitselman,3.9,28.4548
9xc35LbeeUE,Miles Kitselman,3.95,28.9983
9xc35LbeeUE,Miles Kitselman,4.0,29.5436
9xc35LbeeUE,Miles Kitselman,4.05,30.0907
9xc35LbeeUE,Miles Kitselman,4.1,30.6395
9xc35LbeeUE,Miles Kitselman,4.15,31.19
9xc35LbeeUE,Miles Kitselman,4.2,31.742
9xc35LbeeUE,Miles Kitselman,4.25,32.2957
9xc35LbeeUE,Miles Kitselman,4.3,32.8508
9xc35LbeeUE,Miles Kitselman,4.35,33.4075
9xc35LbeeUE,Miles Kitselman,4.4,33.9655
9xc35LbeeUE,Miles Kitselman,4.45,34.525
9xc35LbeeUE,Miles Kitselman,4.5,35.0859
9xc35LbeeUE,Miles Kitselman,4.55,35.648
9xc35LbeeUE,Miles Kitselman,4.6,36.2115
9xc35LbeeUE,Miles Kitselman,4.65,36.7762
9xc35LbeeUE,Miles Kitselman,4.7,37.3421
9xc35LbeeUE,Miles Kitselman,4.75,37.9092
9xc35LbeeUE,Miles Kitselman,4.8,38.4774
9xc35LbeeUE,Miles Kitselman,4.85,39.0467
9xc35LbeeUE,Miles Kitselman,4.9,39.6172
9xc35LbeeUE,Marlin Klein,0.0,0.0
9xc35LbeeUE,Marlin Klein,0.05,0.0113
9xc35LbeeUE,Marlin Klein,0.1,0.0447
9xc35LbeeUE,Marlin Klein,0.15,0.0993
9xc35LbeeUE,Marlin Klein,0.2,0.1744
9xc35LbeeUE,Marlin Klein,0.25,0.2691
9xc35LbeeUE,Marlin Klein,0.3,0.3827
9xc35LbeeUE,Marlin Klein,0.35,0.5145
9xc35LbeeUE,Marlin Klein,0.4,0.6638
9xc35LbeeUE,Marlin Klein,0.45,0.8299
9xc35LbeeUE,Marlin Klein,0.5,1.0122
9xc35LbeeUE,Marlin Klein,0.55,1.2101
9xc35LbeeUE,Marlin Klein,0.6,1.4231
9xc35LbeeUE,Marlin Klein,0.65,1.6504
9xc35LbeeUE,Marlin Klein,0.7,1.8916
9xc35LbeeUE,Marlin Klein,0.75,2.1462
9xc35LbeeUE,Marlin Klein,0.8,2.4136
9xc35LbeeUE,Marlin Klein,0.85,2.6933
9xc35LbeeUE,Marlin Klein,0.9,2.985
9xc35LbeeUE,Marlin Klein,0.95,3.2881
9xc35LbeeUE,Marlin Klein,1.0,3.6022
9xc35LbeeUE,Marlin Klein,1.05,3.9269
9xc35LbeeUE,Marlin Klein,1.1,4.2618
9xc35LbeeUE,Marlin Klein,1.15,4.6064
9xc35LbeeUE,Marlin Klein,1.2,4.9606
9xc35LbeeUE,Marlin Klein,1.25,5.3237
9xc35LbeeUE,Marlin Klein,1.3,5.6956
9xc35LbeeUE,Marlin Klein,1.35,6.0759
9xc35LbeeUE,Marlin Klein,1.4,6.4643
9xc35LbeeUE,Marlin Klein,1.45,6.8605
9xc35LbeeUE,Marlin Klein,1.5,7.2641
9xc35LbeeUE,Marlin Klein,1.55,7.6749
9xc35LbeeUE,Marlin Klein,1.6,8.0927
9xc35LbeeUE,Marlin Klein,1.65,8.5171
9xc35LbeeUE,Marlin Klein,1.7,8.9479
9xc35LbeeUE,Marlin Klein,1.75,9.3849
9xc35LbeeUE,Marlin Klein,1.8,9.8278
9xc35LbeeUE,Marlin Klein,1.85,10.2764
9xc35LbeeUE,Marlin Klein,1.9,10.7305
9xc35LbeeUE,Marlin Klein,1.95,11.1899
9xc35LbeeUE,Marlin Klein,2.0,11.6544
9xc35LbeeUE,Marlin Klein,2.05,12.1237
9xc35LbeeUE,Marlin Klein,2.1,12.5978
9xc35LbeeUE,Marlin Klein,2.15,13.0763
9xc35LbeeUE,Marlin Klein,2.2,13.5593
9xc35LbeeUE,Marlin Klein,2.25,14.0464
9xc35LbeeUE,Marlin Klein,2.3,14.5375
9xc35LbeeUE,Marlin Klein,2.35,15.0326
9xc35LbeeUE,Marlin Klein,2.4,15.5313
9xc35LbeeUE,Marlin Klein,2.45,16.0336
9xc35LbeeUE,Marlin Klein,2.5,16.5394
9xc35LbeeUE,Marlin Klein,2.55,17.0485
9xc35LbeeUE,Marlin Klein,2.6,17.5609
9xc35LbeeUE,Marlin Klein,2.65,18.0762
9xc35LbeeUE,Marlin Klein,2.7,18.5946
9xc35LbeeUE,Marlin Klein,2.75,19.1158
9xc35LbeeUE,Marlin Klein,2.8,19.6397
9xc35LbeeUE,Marlin Klein,2.85,20.1662
9xc35LbeeUE,Marlin Klein,2.9,20.6953
9xc35LbeeUE,Marlin Klein,2.95,21.2269
9xc35LbeeUE,Marlin Klein,3.0,21.7607
9xc35LbeeUE,Marlin Klein,3.05,22.2969
9xc35LbeeUE,Marlin Klein,3.1,22.8352
9xc35LbeeUE,Marlin Klein,3.15,23.3755
9xc35LbeeUE,Marlin Klein,3.2,23.9179
9xc35LbeeUE,Marlin Klein,3.25,24.4623
9xc35LbeeUE,Marlin Klein,3.3,25.0085
9xc35LbeeUE,Marlin Klein,3.35,25.5564
9xc35LbeeUE,Marlin Klein,3.4,26.1061
9xc35LbeeUE,Marlin Klein,3.45,26.6575
9xc35LbeeUE,Marlin Klein,3.5,27.2104
9xc35LbeeUE,Marlin Klein,3.55,27.7649
9xc35LbeeUE,Marlin Klein,3.6,28.3209
9xc35LbeeUE,Marlin Klein,3.65,28.8783
9xc35LbeeUE,Marlin Klein,3.7,29.437
9xc35LbeeUE,Marlin Klein,3.75,29.9971
9xc35LbeeUE,Marlin Klein,3.8,30.5584
9xc35LbeeUE,Marlin Klein,3.85,31.1209
9xc35LbeeUE,Marlin Klein,3.9,31.6846
9xc35LbeeUE,Marlin Klein,3.95,32.2495
9xc35LbeeUE,Marlin Klein,4.0,32.8154
9xc35LbeeUE,Marlin Klein,4.05,33.3823
9xc35LbeeUE,Marlin Klein,4.1,33.9503
9xc35LbeeUE,Marlin Klein,4.15,34.5192
9xc35LbeeUE,Marlin Klein,4.2,35.089
9xc35LbeeUE,Marlin Klein,4.25,35.6598
9xc35LbeeUE,Marlin Klein,4.3,36.2314
9xc35LbeeUE,Marlin Klein,4.35,36.8038
9xc35LbeeUE,Marlin Klein,4.4,37.377
9xc35LbeeUE,Marlin Klein,4.45,37.951
9xc35LbeeUE,Marlin Klein,4.5,38.5257
9xc35LbeeUE,Marlin Klein,4.55,39.1012
9xc35LbeeUE,Marlin Klein,4.6,39.6773
9xc35LbeeUE,Tanner Koziol,0.0,0.0
9xc35LbeeUE,Tanner Koziol,0.05,0.0115
9xc35LbeeUE,Tanner Koziol,0.1,0.0453
9xc35LbeeUE,Tanner Koziol,0.15,0.1005
9xc35LbeeUE,Tanner Koziol,0.2,0.1763
9xc35LbeeUE,Tanner Koziol,0.25,0.2719
9xc35LbeeUE,Tanner Koziol,0.3,0.3864
9xc35LbeeUE,Tanner Koziol,0.35,0.5192
9xc35LbeeUE,Tanner Koziol,0.4,0.6694
9xc35LbeeUE,Tanner Koziol,0.45,0.8365
9xc35LbeeUE,Tanner Koziol,0.5,1.0197
9xc35LbeeUE,Tanner Koziol,0.55,1.2184
9xc35LbeeUE,Tanner Koziol,0.6,1.432
9xc35LbeeUE,Tanner Koziol,0.65,1.6599
9xc35LbeeUE,Tanner Koziol,0.7,1.9015
9xc35LbeeUE,Tanner Koziol,0.75,2.1563
9xc35LbeeUE,Tanner Koziol,0.8,2.4237
9xc35LbeeUE,Tanner Koziol,0.85,2.7033
9xc35LbeeUE,Tanner Koziol,0.9,2.9945
9xc35LbeeUE,Tanner Koziol,0.95,3.2969
9xc35LbeeUE,Tanner Koziol,1.0,3.6101
9xc35LbeeUE,Tanner Koziol,1.05,3.9336
9xc35LbeeUE,Tanner Koziol,1.1,4.2671
9xc35LbeeUE,Tanner Koziol,1.15,4.61
9xc35LbeeUE,Tanner Koziol,1.2,4.9621
9xc35LbeeUE,Tanner Koziol,1.25,5.323
9xc35LbeeUE,Tanner Koziol,1.3,5.6923
9xc35LbeeUE,Tanner Koziol,1.35,6.0698
9xc35LbeeUE,Tanner Koziol,1.4,6.455
9xc35LbeeUE,Tanner Koziol,1.45,6.8476
9xc35LbeeUE,Tanner Koziol,1.5,7.2474
9xc35LbeeUE,Tanner Koziol,1.55,7.6542
9xc35LbeeUE,Tanner Koziol,1.6,8.0675
9xc35LbeeUE,Tanner Koziol,1.65,8.4871
9xc35LbeeUE,Tanner Koziol,1.7,8.9129
9xc35LbeeUE,Tanner Koziol,1.75,9.3445
9xc35LbeeUE,Tanner Koziol,1.8,9.7818
9xc35LbeeUE,Tanner Koziol,1.85,10.2244
9xc35LbeeUE,Tanner Koziol,1.9,10.6722
9xc35LbeeUE,Tanner Koziol,1.95,11.125
9xc35LbeeUE,Tanner Koziol,2.0,11.5826
9xc35LbeeUE,Tanner Koziol,2.05,12.0448
9xc35LbeeUE,Tanner Koziol,2.1,12.5114
9xc35LbeeUE,Tanner Koziol,2.15,12.9822
9xc35LbeeUE,Tanner Koziol,2.2,13.457
9xc35LbeeUE,Tanner Koziol,2.25,13.9358
9xc35LbeeUE,Tanner Koziol,2.3,14.4183
9xc35LbeeUE,Tanner Koziol,2.35,14.9044
9xc35LbeeUE,Tanner Koziol,2.4,15.394
9xc35LbeeUE,Tanner Koziol,2.45,15.8869
9xc35LbeeUE,Tanner Koziol,2.5,16.383
9xc35LbeeUE,Tanner Koziol,2.55,16.8821
9xc35LbeeUE,Tanner Koziol,2.6,17.3842
9xc35LbeeUE,Tanner Koziol,2.65,17.8891
9xc35LbeeUE,Tanner Koziol,2.7,18.3967
9xc35LbeeUE,Tanner Koziol,2.75,18.9069
9xc35LbeeUE,Tanner Koziol,2.8,19.4196
9xc35LbeeUE,Tanner Koziol,2.85,19.9346
9xc35LbeeUE,Tanner Koziol,2.9,20.452
9xc35LbeeUE,Tanner Koziol,2.95,20.9717
9xc35LbeeUE,Tanner Koziol,3.0,21.4934
9xc35LbeeUE,Tanner Koziol,3.05,22.0172
9xc35LbeeUE,Tanner Koziol,3.1,22.5429
9xc35LbeeUE,Tanner Koziol,3.15,23.0705
9xc35LbeeUE,Tanner Koziol,3.2,23.5999
9xc35LbeeUE,Tanner Koziol,3.25,24.1311
9xc35LbeeUE,Tanner Koziol,3.3,24.6639
9xc35LbeeUE,Tanner Koziol,3.35,25.1983
9xc35LbeeUE,Tanner Koziol,3.4,25.7342
9xc35LbeeUE,Tanner Koziol,3.45,26.2717
9xc35LbeeUE,Tanner Koziol,3.5,26.8105
9xc35LbeeUE,Tanner Koziol,3.55,27.3507
9xc35LbeeUE,Tanner Koziol,3.6,27.8922
9xc35LbeeUE,Tanner Koziol,3.65,28.4349
9xc35LbeeUE,Tanner Koziol,3.7,28.9789
9xc35LbeeUE,Tanner Koziol,3.75,29.524
9xc35LbeeUE,Tanner Koziol,3.8,30.0702
9xc35LbeeUE,Tanner Koziol,3.85,30.6175
9xc35LbeeUE,Tanner Koziol,3.9,31.1658
9xc35LbeeUE,Tanner Koziol,3.95,31.7151
9xc35LbeeUE,Tanner Koziol,4.0,32.2654
9xc35LbeeUE,Tanner Koziol,4.05,32.8165
9xc35LbeeUE,Tanner Koziol,4.1,33.3685
9xc35LbeeUE,Tanner Koziol,4.15,33.9214
9xc35LbeeUE,Tanner Koziol,4.2,34.475
9xc35LbeeUE,Tanner Koziol,4.25,35.0294
9xc35LbeeUE,Tanner Koziol,4.3,35.5846
9xc35LbeeUE,Tanner Koziol,4.35,36.1405
9xc35LbeeUE,Tanner Koziol,4.4,36.697
9xc35LbeeUE,Tanner Koziol,4.45,37.2542
9xc35LbeeUE,Tanner Koziol,4.5,37.8121
9xc35LbeeUE,Tanner Koziol,4.55,38.3705
9xc35LbeeUE,Tanner Koziol,4.6,38.9295
9xc35LbeeUE,Tanner Koziol,4.65,39.4891
9xc35LbeeUE,Tanner Koziol,4.7,40.0492
9xc35LbeeUE,RJ Maryland,0.0,0.0
9xc35LbeeUE,RJ Maryland,0.05,0.0114
9xc35LbeeUE,RJ Maryland,0.1,0.0449
9xc35LbeeUE,RJ Maryland,0.15,0.0998
9xc35LbeeUE,RJ Maryland,0.2,0.1752
9xc35LbeeUE,RJ Maryland,0.25,0.2705
9xc35LbeeUE,RJ Maryland,0.3,0.3849
9xc35LbeeUE,RJ Maryland,0.35,0.5177
9xc35LbeeUE,RJ Maryland,0.4,0.6682
9xc35LbeeUE,RJ Maryland,0.45,0.8358
9xc35LbeeUE,RJ Maryland,0.5,1.0198
9xc35LbeeUE,RJ Maryland,0.55,1.2198
9xc35LbeeUE,RJ Maryland,0.6,1.435
9xc35LbeeUE,RJ Maryland,0.65,1.6649
9xc35LbeeUE,RJ Maryland,0.7,1.909
9xc35LbeeUE,RJ Maryland,0.75,2.1668
9xc35LbeeUE,RJ Maryland,0.8,2.4378
9xc35LbeeUE,RJ Maryland,0.85,2.7214
9xc35LbeeUE,RJ Maryland,0.9,3.0173
9xc35LbeeUE,RJ Maryland,0.95,3.3249
9xc35LbeeUE,RJ Maryland,1.0,3.6439
9xc35LbeeUE,RJ Maryland,1.05,3.9738
9xc35LbeeUE,RJ Maryland,1.1,4.3143
9xc35LbeeUE,RJ Maryland,1.15,4.6649
9xc35LbeeUE,RJ Maryland,1.2,5.0253
9xc35LbeeUE,RJ Maryland,1.25,5.3951
9xc35LbeeUE,RJ Maryland,1.3,5.774
9xc35LbeeUE,RJ Maryland,1.35,6.1617
9xc35LbeeUE,RJ Maryland,1.4,6.5578
9xc35LbeeUE,RJ Maryland,1.45,6.962
9xc35LbeeUE,RJ Maryland,1.5,7.374
9xc35LbeeUE,RJ Maryland,1.55,7.7936
9xc35LbeeUE,RJ Maryland,1.6,8.2204
9xc35LbeeUE,RJ Maryland,1.65,8.6542
9xc35LbeeUE,RJ Maryland,1.7,9.0948
9xc35LbeeUE,RJ Maryland,1.75,9.5418
9xc35LbeeUE,RJ Maryland,1.8,9.9952
9xc35LbeeUE,RJ Maryland,1.85,10.4545
9xc35LbeeUE,RJ Maryland,1.9,10.9197
9xc35LbeeUE,RJ Maryland,1.95,11.3905
9xc35LbeeUE,RJ Maryland,2.0,11.8666
9xc35LbeeUE,RJ Maryland,2.05,12.348
9xc35LbeeUE,RJ Maryland,2.1,12.8344
9xc35LbeeUE,RJ Maryland,2.15,13.3256
9xc35LbeeUE,RJ Maryland,2.2,13.8214
9xc35LbeeUE,RJ Maryland,2.25,14.3217
9xc35LbeeUE,RJ Maryland,2.3,14.8264
9xc35LbeeUE,RJ Maryland,2.35,15.3352
9xc35LbeeUE,RJ Maryland,2.4,15.848
9xc35LbeeUE,RJ Maryland,2.45,16.3647
9xc35LbeeUE,RJ Maryland,2.5,16.885
9xc35LbeeUE,RJ Maryland,2.55,17.409
9xc35LbeeUE,RJ Maryland,2.6,17.9364
9xc35LbeeUE,RJ Maryland,2.65,18.4672
9xc35LbeeUE,RJ Maryland,2.7,19.0011
9xc35LbeeUE,RJ Maryland,2.75,19.5382
9xc35LbeeUE,RJ Maryland,2.8,20.0782
9xc35LbeeUE,RJ Maryland,2.85,20.6211
9xc35LbeeUE,RJ Maryland,2.9,21.1667
9xc35LbeeUE,RJ Maryland,2.95,21.7151
9xc35LbeeUE,RJ Maryland,3.0,22.2659
9xc35LbeeUE,RJ Maryland,3.05,22.8193
9xc35LbeeUE,RJ Maryland,3.1,23.375
9xc35LbeeUE,RJ Maryland,3.15,23.933
9xc35LbeeUE,RJ Maryland,3.2,24.4933
9xc35LbeeUE,RJ Maryland,3.25,25.0556
9xc35LbeeUE,RJ Maryland,3.3,25.62
9xc35LbeeUE,RJ Maryland,3.35,26.1864
9xc35LbeeUE,RJ Maryland,3.4,26.7547
9xc35LbeeUE,RJ Maryland,3.45,27.3248
9xc35LbeeUE,RJ Maryland,3.5,27.8967
9xc35LbeeUE,RJ Maryland,3.55,28.4703
9xc35LbeeUE,RJ Maryland,3.6,29.0456
9xc35LbeeUE,RJ Maryland,3.65,29.6224
9xc35LbeeUE,RJ Maryland,3.7,30.2007
9xc35LbeeUE,RJ Maryland,3.75,30.7806
9xc35LbeeUE,RJ Maryland,3.8,31.3618
9xc35LbeeUE,RJ Maryland,3.85,31.9444
9xc35LbeeUE,RJ Maryland,3.9,32.5283
9xc35LbeeUE,RJ Maryland,3.95,33.1135
9xc35LbeeUE,RJ Maryland,4.0,33.6998
9xc35LbeeUE,RJ Maryland,4.05,34.2874
9xc35LbeeUE,RJ Maryland,4.1,34.8761
9xc35LbeeUE,RJ Maryland,4.15,35.4659
9xc35LbeeUE,RJ Maryland,4.2,36.0567
9xc35LbeeUE,RJ Maryland,4.25,36.6486
9xc35LbeeUE,RJ Maryland,4.3,37.2414
9xc35LbeeUE,RJ Maryland,4.35,37.8352
9xc35LbeeUE,RJ Maryland,4.4,38.4298
9xc35LbeeUE,RJ Maryland,4.45,39.0254
9xc35LbeeUE,RJ Maryland,4.5,39.6218
9xc35LbeeUE,Riley Nowakowski,0.0,0.0
9xc35LbeeUE,Riley Nowakowski,0.05,0.0094
9xc35LbeeUE,Riley Nowakowski,0.1,0.0373
9xc35LbeeUE,Riley Nowakowski,0.15,0.0832
9xc35LbeeUE,Riley Nowakowski,0.2,0.1464
9xc35LbeeUE,Riley Nowakowski,0.25,0.2265
9xc35LbeeUE,Riley Nowakowski,0.3,0.323
9xc35LbeeUE,Riley Nowakowski,0.35,0.4355
9xc35LbeeUE,Riley Nowakowski,0.4,0.5634
9xc35LbeeUE,Riley Nowakowski,0.45,0.7062
9xc35LbeeUE,Riley Nowakowski,0.5,0.8636
9xc35LbeeUE,Riley Nowakowski,0.55,1.0352
9xc35LbeeUE,Riley Nowakowski,0.6,1.2204
9xc35LbeeUE,Riley Nowakowski,0.65,1.419
9xc35LbeeUE,Riley Nowakowski,0.7,1.6304
9xc35LbeeUE,Riley Nowakowski,0.75,1.8544
9xc35LbeeUE,Riley Nowakowski,0.8,2.0906
9xc35LbeeUE,Riley Nowakowski,0.85,2.3385
9xc35LbeeUE,Riley Nowakowski,0.9,2.5979
9xc35LbeeUE,Riley Nowakowski,0.95,2.8684
9xc35LbeeUE,Riley Nowakowski,1.0,3.1498
9xc35LbeeUE,Riley Nowakowski,1.05,3.4415
9xc35LbeeUE,Riley Nowakowski,1.1,3.7435
9xc35LbeeUE,Riley Nowakowski,1.15,4.0553
9xc35LbeeUE,Riley Nowakowski,1.2,4.3767
9xc35LbeeUE,Riley Nowakowski,1.25,4.7074
9xc35LbeeUE,Riley Nowakowski,1.3,5.0472
9xc35LbeeUE,Riley Nowakowski,1.35,5.3956
9xc35LbeeUE,Riley Nowakowski,1.4,5.7526
9xc35LbeeUE,Riley Nowakowski,1.45,6.1178
9xc35LbeeUE,Riley Nowakowski,1.5,6.4911
9xc35LbeeUE,Riley Nowakowski,1.55,6.8721
9xc35LbeeUE,Riley Nowakowski,1.6,7.2606
9xc35LbeeUE,Riley Nowakowski,1.65,7.6565
9xc35LbeeUE,Riley Nowakowski,1.7,8.0594
9xc35LbeeUE,Riley Nowakowski,1.75,8.4693
9xc35LbeeUE,Riley Nowakowski,1.8,8.8858
9xc35LbeeUE,Riley Nowakowski,1.85,9.3089
9xc35LbeeUE,Riley Nowakowski,1.9,9.7382
9xc35LbeeUE,Riley Nowakowski,1.95,10.1737
9xc35LbeeUE,Riley Nowakowski,2.0,10.6151
9xc35LbeeUE,Riley Nowakowski,2.05,11.0623
9xc35LbeeUE,Riley Nowakowski,2.1,11.515
9xc35LbeeUE,Riley Nowakowski,2.15,11.9732
9xc35LbeeUE,Riley Nowakowski,2.2,12.4367
9xc35LbeeUE,Riley Nowakowski,2.25,12.9053
9xc35LbeeUE,Riley Nowakowski,2.3,13.3788
9xc35LbeeUE,Riley Nowakowski,2.35,13.8572
9xc35LbeeUE,Riley Nowakowski,2.4,14.3402
9xc35LbeeUE,Riley Nowakowski,2.45,14.8278
9xc35LbeeUE,Riley Nowakowski,2.5,15.3198
9xc35LbeeUE,Riley Nowakowski,2.55,15.816
9xc35LbeeUE,Riley Nowakowski,2.6,16.3164
9xc35LbeeUE,Riley Nowakowski,2.65,16.8208
9xc35LbeeUE,Riley Nowakowski,2.7,17.3292
9xc35LbeeUE,Riley Nowakowski,2.75,17.8413
9xc35LbeeUE,Riley Nowakowski,2.8,18.3571
9xc35LbeeUE,Riley Nowakowski,2.85,18.8765
9xc35LbeeUE,Riley Nowakowski,2.9,19.3994
9xc35LbeeUE,Riley Nowakowski,2.95,19.9256
9xc35LbeeUE,Riley Nowakowski,3.0,20.4551
9xc35LbeeUE,Riley Nowakowski,3.05,20.9878
9xc35LbeeUE,Riley Nowakowski,3.1,21.5235
9xc35LbeeUE,Riley Nowakowski,3.15,22.0623
9xc35LbeeUE,Riley Nowakowski,3.2,22.6039
9xc35LbeeUE,Riley Nowakowski,3.25,23.1483
9xc35LbeeUE,Riley Nowakowski,3.3,23.6955
9xc35LbeeUE,Riley Nowakowski,3.35,24.2453
9xc35LbeeUE,Riley Nowakowski,3.4,24.7977
9xc35LbeeUE,Riley Nowakowski,3.45,25.3526
9xc35LbeeUE,Riley Nowakowski,3.5,25.91
9xc35LbeeUE,Riley Nowakowski,3.55,26.4696
9xc35LbeeUE,Riley Nowakowski,3.6,27.0316
9xc35LbeeUE,Riley Nowakowski,3.65,27.5958
9xc35LbeeUE,Riley Nowakowski,3.7,28.1621
9xc35LbeeUE,Riley Nowakowski,3.75,28.7305
9xc35LbeeUE,Riley Nowakowski,3.8,29.301
9xc35LbeeUE,Riley Nowakowski,3.85,29.8734
9xc35LbeeUE,Riley Nowakowski,3.9,30.4477
9xc35LbeeUE,Riley Nowakowski,3.95,31.0238
9xc35LbeeUE,Riley Nowakowski,4.0,31.6018
9xc35LbeeUE,Riley Nowakowski,4.05,32.1815
9xc35LbeeUE,Riley Nowakowski,4.1,32.7629
9xc35LbeeUE,Riley Nowakowski,4.15,33.346
9xc35LbeeUE,Riley Nowakowski,4.2,33.9306
9xc35LbeeUE,Riley Nowakowski,4.25,34.5168
9xc35LbeeUE,Riley Nowakowski,4.3,35.1045
9xc35LbeeUE,Riley Nowakowski,4.35,35.6937
9xc35LbeeUE,Riley Nowakowski,4.4,36.2842
9xc35LbeeUE,Riley Nowakowski,4.45,36.8762
9xc35LbeeUE,Riley Nowakowski,4.5,37.4695
9xc35LbeeUE,Riley Nowakowski,4.55,38.064
9xc35LbeeUE,Riley Nowakowski,4.6,38.6599
9xc35LbeeUE,Riley Nowakowski,4.65,39.2569
9xc35LbeeUE,Bauer Sharp,0.0,0.0
9xc35LbeeUE,Bauer Sharp,0.05,0.0145
9xc35LbeeUE,Bauer Sharp,0.1,0.0568
9xc35LbeeUE,Bauer Sharp,0.15,0.1255
9xc35LbeeUE,Bauer Sharp,0.2,0.2191
9xc35LbeeUE,Bauer Sharp,0.25,0.3363
9xc35LbeeUE,Bauer Sharp,0.3,0.4759
9xc35LbeeUE,Bauer Sharp,0.35,0.6365
9xc35LbeeUE,Bauer Sharp,0.4,0.8172
9xc35LbeeUE,Bauer Sharp,0.45,1.0167
9xc35LbeeUE,Bauer Sharp,0.5,1.2341
9xc35LbeeUE,Bauer Sharp,0.55,1.4685
9xc35LbeeUE,Bauer Sharp,0.6,1.7188
9xc35LbeeUE,Bauer Sharp,0.65,1.9843
9xc35LbeeUE,Bauer Sharp,0.7,2.2641
9xc35LbeeUE,Bauer Sharp,0.75,2.5575
9xc35LbeeUE,Bauer Sharp,0.8,2.8636
9xc35LbeeUE,Bauer Sharp,0.85,3.182
9xc35LbeeUE,Bauer Sharp,0.9,3.5117
9xc35LbeeUE,Bauer Sharp,0.95,3.8524
9xc35LbeeUE,Bauer Sharp,1.0,4.2033
9xc35LbeeUE,Bauer Sharp,1.05,4.5639
9xc35LbeeUE,Bauer Sharp,1.1,4.9337
9xc35LbeeUE,Bauer Sharp,1.15,5.3122
9xc35LbeeUE,Bauer Sharp,1.2,5.699
9xc35LbeeUE,Bauer Sharp,1.25,6.0935
9xc35LbeeUE,Bauer Sharp,1.3,6.4954
9xc35LbeeUE,Bauer Sharp,1.35,6.9042
9xc35LbeeUE,Bauer Sharp,1.4,7.3197
9xc35LbeeUE,Bauer Sharp,1.45,7.7413
9xc35LbeeUE,Bauer Sharp,1.5,8.1689
9xc35LbeeUE,Bauer Sharp,1.55,8.602
9xc35LbeeUE,Bauer Sharp,1.6,9.0405
9xc35LbeeUE,Bauer Sharp,1.65,9.4839
9xc35LbeeUE,Bauer Sharp,1.7,9.932
9xc35LbeeUE,Bauer Sharp,1.75,10.3847
9xc35LbeeUE,Bauer Sharp,1.8,10.8415
9xc35LbeeUE,Bauer Sharp,1.85,11.3023
9xc35LbeeUE,Bauer Sharp,1.9,11.767
9xc35LbeeUE,Bauer Sharp,1.95,12.2352
9xc35LbeeUE,Bauer Sharp,2.0,12.7068
9xc35LbeeUE,Bauer Sharp,2.05,13.1816
9xc35LbeeUE,Bauer Sharp,2.1,13.6594
9xc35LbeeUE,Bauer Sharp,2.15,14.1401
9xc35LbeeUE,Bauer Sharp,2.2,14.6235
9xc35LbeeUE,Bauer Sharp,2.25,15.1095
9xc35LbeeUE,Bauer Sharp,2.3,15.5979
9xc35LbeeUE,Bauer Sharp,2.35,16.0886
9xc35LbeeUE,Bauer Sharp,2.4,16.5815
9xc35LbeeUE,Bauer Sharp,2.45,17.0764
9xc35LbeeUE,Bauer Sharp,2.5,17.5733
9xc35LbeeUE,Bauer Sharp,2.55,18.0721
9xc35LbeeUE,Bauer Sharp,2.6,18.5725
9xc35LbeeUE,Bauer Sharp,2.65,19.0746
9xc35LbeeUE,Bauer Sharp,2.7,19.5783
9xc35LbeeUE,Bauer Sharp,2.75,20.0834
9xc35LbeeUE,Bauer Sharp,2.8,20.59
9xc35LbeeUE,Bauer Sharp,2.85,21.0978
9xc35LbeeUE,Bauer Sharp,2.9,21.6069
9xc35LbeeUE,Bauer Sharp,2.95,22.1172
9xc35LbeeUE,Bauer Sharp,3.0,22.6286
9xc35LbeeUE,Bauer Sharp,3.05,23.1411
9xc35LbeeUE,Bauer Sharp,3.1,23.6546
9xc35LbeeUE,Bauer Sharp,3.15,24.169
9xc35LbeeUE,Bauer Sharp,3.2,24.6843
9xc35LbeeUE,Bauer Sharp,3.25,25.2004
9xc35LbeeUE,Bauer Sharp,3.3,25.7174
9xc35LbeeUE,Bauer Sharp,3.35,26.2351
9xc35LbeeUE,Bauer Sharp,3.4,26.7535
9xc35LbeeUE,Bauer Sharp,3.45,27.2726
9xc35LbeeUE,Bauer Sharp,3.5,27.7923
9xc35LbeeUE,Bauer Sharp,3.55,28.3127
9xc35LbeeUE,Bauer Sharp,3.6,28.8336
9xc35LbeeUE,Bauer Sharp,3.65,29.3551
9xc35LbeeUE,Bauer Sharp,3.7,29.8771
9xc35LbeeUE,Bauer Sharp,3.75,30.3995
9xc35LbeeUE,Bauer Sharp,3.8,30.9225
9xc35LbeeUE,Bauer Sharp,3.85,31.4458
9xc35LbeeUE,Bauer Sharp,3.9,31.9696
9xc35LbeeUE,Bauer Sharp,3.95,32.4938
9xc35LbeeUE,Bauer Sharp,4.0,33.0183
9xc35LbeeUE,Bauer Sharp,4.05,33.5432
9xc35LbeeUE,Bauer Sharp,4.1,34.0684
9xc35LbeeUE,Bauer Sharp,4.15,34.5939
9xc35LbeeUE,Bauer Sharp,4.2,35.1198
9xc35LbeeUE,Bauer Sharp,4.25,35.6459
9xc35LbeeUE,Bauer Sharp,4.3,36.1722
9xc35LbeeUE,Bauer Sharp,4.35,36.6988
9xc35LbeeUE,Bauer Sharp,4.4,37.2257
9xc35LbeeUE,Bauer Sharp,4.45,37.7528
9xc35LbeeUE,Bauer Sharp,4.5,38.28
9xc35LbeeUE,Bauer Sharp,4.55,38.8075
9xc35LbeeUE,Bauer Sharp,4.6,39.3352
9xc35LbeeUE,Eli Stowers,0.0,0.0
9xc35LbeeUE,Eli Stowers,0.05,0.015
9xc35LbeeUE,Eli Stowers,0.1,0.0589
9xc35LbeeUE,Eli Stowers,0.15,0.1302
9xc35LbeeUE,Eli Stowers,0.2,0.2273
9xc35LbeeUE,Eli Stowers,0.25,0.3489
9xc35LbeeUE,Eli Stowers,0.3,0.4936
9xc35LbeeUE,Eli Stowers,0.35,0.6601
9xc35LbeeUE,Eli Stowers,0.4,0.8473
9xc35LbeeUE,Eli Stowers,0.45,1.054
9xc35LbeeUE,Eli Stowers,0.5,1.2792
9xc35LbeeUE,Eli Stowers,0.55,1.5219
9xc35LbeeUE,Eli Stowers,0.6,1.7811
9xc35LbeeUE,Eli Stowers,0.65,2.0559
9xc35LbeeUE,Eli Stowers,0.7,2.3454
9xc35LbeeUE,Eli Stowers,0.75,2.649
9xc35LbeeUE,Eli Stowers,0.8,2.9657
9xc35LbeeUE,Eli Stowers,0.85,3.2949
9xc35LbeeUE,Eli Stowers,0.9,3.6359
9xc35LbeeUE,Eli Stowers,0.95,3.9881
9xc35LbeeUE,Eli Stowers,1.0,4.3508
9xc35LbeeUE,Eli Stowers,1.05,4.7235
9xc35LbeeUE,Eli Stowers,1.1,5.1056
9xc35LbeeUE,Eli Stowers,1.15,5.4966
9xc35LbeeUE,Eli Stowers,1.2,5.8961
9xc35LbeeUE,Eli Stowers,1.25,6.3035
9xc35LbeeUE,Eli Stowers,1.3,6.7185
9xc35LbeeUE,Eli Stowers,1.35,7.1406
9xc35LbeeUE,Eli Stowers,1.4,7.5695
9xc35LbeeUE,Eli Stowers,1.45,8.0047
9xc35LbeeUE,Eli Stowers,1.5,8.4459
9xc35LbeeUE,Eli Stowers,1.55,8.8929
9xc35LbeeUE,Eli Stowers,1.6,9.3452
9xc35LbeeUE,Eli Stowers,1.65,9.8026
9xc35LbeeUE,Eli Stowers,1.7,10.2649
9xc35LbeeUE,Eli Stowers,1.75,10.7317
9xc35LbeeUE,Eli Stowers,1.8,11.2028
9xc35LbeeUE,Eli Stowers,1.85,11.6779
9xc35LbeeUE,Eli Stowers,1.9,12.1569
9xc35LbeeUE,Eli Stowers,1.95,12.6396
9xc35LbeeUE,Eli Stowers,2.0,13.1257
9xc35LbeeUE,Eli Stowers,2.05,13.615
9xc35LbeeUE,Eli Stowers,2.1,14.1075
9xc35LbeeUE,Eli Stowers,2.15,14.6028
9xc35LbeeUE,Eli Stowers,2.2,15.1009
9xc35LbeeUE,Eli Stowers,2.25,15.6016
9xc35LbeeUE,Eli Stowers,2.3,16.1047
9xc35LbeeUE,Eli Stowers,2.35,16.6102
9xc35LbeeUE,Eli Stowers,2.4,17.1178
9xc35LbeeUE,Eli Stowers,2.45,17.6276
9xc35LbeeUE,Eli Stowers,2.5,18.1393
9xc35LbeeUE,Eli Stowers,2.55,18.6529
9xc35LbeeUE,Eli Stowers,2.6,19.1682
9xc35LbeeUE,Eli Stowers,2.65,19.6852
9xc35LbeeUE,Eli Stowers,2.7,20.2037
9xc35LbeeUE,Eli Stowers,2.75,20.7238
9xc35LbeeUE,Eli Stowers,2.8,21.2452
9xc35LbeeUE,Eli Stowers,2.85,21.768
9xc35LbeeUE,Eli Stowers,2.9,22.292
9xc35LbeeUE,Eli Stowers,2.95,22.8172
9xc35LbeeUE,Eli Stowers,3.0,23.3436
9xc35LbeeUE,Eli Stowers,3.05,23.871
9xc35LbeeUE,Eli Stowers,3.1,24.3994
9xc35LbeeUE,Eli Stowers,3.15,24.9287
9xc35LbeeUE,Eli Stowers,3.2,25.459
9xc35LbeeUE,Eli Stowers,3.25,25.9901
9xc35LbeeUE,Eli Stowers,3.3,26.5219
9xc35LbeeUE,Eli Stowers,3.35,27.0546
9xc35LbeeUE,Eli Stowers,3.4,27.588
9xc35LbeeUE,Eli Stowers,3.45,28.122
9xc35LbeeUE,Eli Stowers,3.5,28.6567
9xc35LbeeUE,Eli Stowers,3.55,29.192
9xc35LbeeUE,Eli Stowers,3.6,29.7279
9xc35LbeeUE,Eli Stowers,3.65,30.2643
9xc35LbeeUE,Eli Stowers,3.7,30.8012
9xc35LbeeUE,Eli Stowers,3.75,31.3386
9xc35LbeeUE,Eli Stowers,3.8,31.8765
9xc35LbeeUE,Eli Stowers,3.85,32.4148
9xc35LbeeUE,Eli Stowers,3.9,32.9535
9xc35LbeeUE,Eli Stowers,3.95,33.4926
9xc35LbeeUE,Eli Stowers,4.0,34.0321
9xc35LbeeUE,Eli Stowers,4.05,34.5719
9xc35LbeeUE,Eli Stowers,4.1,35.112
9xc35LbeeUE,Eli Stowers,4.15,35.6524
9xc35LbeeUE,Eli Stowers,4.2,36.1932
9xc35LbeeUE,Eli Stowers,4.25,36.7342
9xc35LbeeUE,Eli Stowers,4.3,37.2755
9xc35LbeeUE,Eli Stowers,4.35,37.817
9xc35LbeeUE,Eli Stowers,4.4,38.3588
9xc35LbeeUE,Eli Stowers,4.45,38.9007
9xc35LbeeUE,Eli Stowers,4.5,39.4429
9xc35LbeeUE,Eli Stowers,4.55,39.9853
BEFga72DF3U,Kendrick Law,0.0,0.0
BEFga72DF3U,Kendrick Law,0.05,0.0137
BEFga72DF3U,Kendrick Law,0.1,0.0541
BEFga72DF3U,Kendrick Law,0.15,0.1199
BEFga72DF3U,Kendrick Law,0.2,0.2099
BEFga72DF3U,Kendrick Law,0.25,0.3229
BEFga72DF3U,Kendrick Law,0.3,0.458
BEFga72DF3U,Kendrick Law,0.35,0.614
BEFga72DF3U,Kendrick Law,0.4,0.79
BEFga72DF3U,Kendrick Law,0.45,0.9851
BEFga72DF3U,Kendrick Law,0.5,1.1983
BEFga72DF3U,Kendrick Law,0.55,1.4289
BEFga72DF3U,Kendrick Law,0.6,1.6759
BEFga72DF3U,Kendrick Law,0.65,1.9388
BEFga72DF3U,Kendrick Law,0.7,2.2166
BEFga72DF3U,Kendrick Law,0.75,2.5087
BEFga72DF3U,Kendrick Law,0.8,2.8145
BEFga72DF3U,Kendrick Law,0.85,3.1333
BEFga72DF3U,Kendrick Law,0.9,3.4645
BEFga72DF3U,Kendrick Law,0.95,3.8074
BEFga72DF3U,Kendrick Law,1.0,4.1617
BEFga72DF3U,Kendrick Law,1.05,4.5267
BEFga72DF3U,Kendrick Law,1.1,4.9019
BEFga72DF3U,Kendrick Law,1.15,5.2869
BEFga72DF3U,Kendrick Law,1.2,5.6812
BEFga72DF3U,Kendrick Law,1.25,6.0844
BEFga72DF3U,Kendrick Law,1.3,6.496
BEFga72DF3U,Kendrick Law,1.35,6.9157
BEFga72DF3U,Kendrick Law,1.4,7.3431
BEFga72DF3U,Kendrick Law,1.45,7.7778
BEFga72DF3U,Kendrick Law,1.5,8.2195
BEFga72DF3U,Kendrick Law,1.55,8.6679
BEFga72DF3U,Kendrick Law,1.6,9.1226
BEFga72DF3U,Kendrick Law,1.65,9.5833
BEFga72DF3U,Kendrick Law,1.7,10.0498
BEFga72DF3U,Kendrick Law,1.75,10.5218
BEFga72DF3U,Kendrick Law,1.8,10.9991
BEFga72DF3U,Kendrick Law,1.85,11.4814
BEFga72DF3U,Kendrick Law,1.9,11.9684
BEFga72DF3U,Kendrick Law,1.95,12.46
BEFga72DF3U,Kendrick Law,2.0,12.9559
BEFga72DF3U,Kendrick Law,2.05,13.4559
BEFga72DF3U,Kendrick Law,2.1,13.9599
BEFga72DF3U,Kendrick Law,2.15,14.4676
BEFga72DF3U,Kendrick Law,2.2,14.9789
BEFga72DF3U,Kendrick Law,2.25,15.4936
BEFga72DF3U,Kendrick Law,2.3,16.0116
BEFga72DF3U,Kendrick Law,2.35,16.5326
BEFga72DF3U,Kendrick Law,2.4,17.0566
BEFga72DF3U,Kendrick Law,2.45,17.5835
BEFga72DF3U,Kendrick Law,2.5,18.113
BEFga72DF3U,Kendrick Law,2.55,18.6451
BEFga72DF3U,Kendrick Law,2.6,19.1796
BEFga72DF3U,Kendrick Law,2.65,19.7164
BEFga72DF3U,Kendrick Law,2.7,20.2555
BEFga72DF3U,Kendrick Law,2.75,20.7967
BEFga72DF3U,Kendrick Law,2.8,21.3399
BEFga72DF3U,Kendrick Law,2.85,21.885
BEFga72DF3U,Kendrick Law,2.9,22.4319
BEFga72DF3U,Kendrick Law,2.95,22.9806
BEFga72DF3U,Kendrick Law,3.0,23.531
BEFga72DF3U,Kendrick Law,3.05,24.0829
BEFga72DF3U,Kendrick Law,3.1,24.6364
BEFga72DF3U,Kendrick Law,3.15,25.1913
BEFga72DF3U,Kendrick Law,3.2,25.7476
BEFga72DF3U,Kendrick Law,3.25,26.3052
BEFga72DF3U,Kendrick Law,3.3,26.864
BEFga72DF3U,Kendrick Law,3.35,27.424
BEFga72DF3U,Kendrick Law,3.4,27.9852
BEFga72DF3U,Kendrick Law,3.45,28.5474
BEFga72DF3U,Kendrick Law,3.5,29.1107
BEFga72DF3U,Kendrick Law,3.55,29.675
BEFga72DF3U,Kendrick Law,3.6,30.2402
BEFga72DF3U,Kendrick Law,3.65,30.8063
BEFga72DF3U,Kendrick Law,3.7,31.3732
BEFga72DF3U,Kendrick Law,3.75,31.941
BEFga72DF3U,Kendrick Law,3.8,32.5095
BEFga72DF3U,Kendrick Law,3.85,33.0788
BEFga72DF3U,Kendrick Law,3.9,33.6488
BEFga72DF3U,Kendrick Law,3.95,34.2195
BEFga72DF3U,Kendrick Law,4.0,34.7908
BEFga72DF3U,Kendrick Law,4.05,35.3627
BEFga72DF3U,Kendrick Law,4.1,35.9351
BEFga72DF3U,Kendrick Law,4.15,36.5082
BEFga72DF3U,Kendrick Law,4.2,37.0818
BEFga72DF3U,Kendrick Law,4.25,37.6558
BEFga72DF3U,Kendrick Law,4.3,38.2304
BEFga72DF3U,Kendrick Law,4.35,38.8054
BEFga72DF3U,Kendrick Law,4.4,39.3808
BEFga72DF3U,Kendrick Law,4.45,39.9567
BEFga72DF3U,Chase Roberts,0.0,0.0
BEFga72DF3U,Chase Roberts,0.05,0.0136
BEFga72DF3U,Chase Roberts,0.1,0.0533
BEFga72DF3U,Chase Roberts,0.15,0.118
BEFga72DF3U,Chase Roberts,0.2,0.2064
BEFga72DF3U,Chase Roberts,0.25,0.3172
BEFga72DF3U,Chase Roberts,0.3,0.4495
BEFga72DF3U,Chase Roberts,0.35,0.6022
BEFga72DF3U,Chase Roberts,0.4,0.7742
BEFga72DF3U,Chase Roberts,0.45,0.9645
BEFga72DF3U,Chase Roberts,0.5,1.1724
BEFga72DF3U,Chase Roberts,0.55,1.3969
BEFga72DF3U,Chase Roberts,0.6,1.6372
BEFga72DF3U,Chase Roberts,0.65,1.8925
BEFga72DF3U,Chase Roberts,0.7,2.1621
BEFga72DF3U,Chase Roberts,0.75,2.4452
BEFga72DF3U,Chase Roberts,0.8,2.7413
BEFga72DF3U,Chase Roberts,0.85,3.0496
BEFga72DF3U,Chase Roberts,0.9,3.3696
BEFga72DF3U,Chase Roberts,0.95,3.7007
BEFga72DF3U,Chase Roberts,1.0,4.0423
BEFga72DF3U,Chase Roberts,1.05,4.394
BEFga72DF3U,Chase Roberts,1.1,4.7552
BEFga72DF3U,Chase Roberts,1.15,5.1254
BEFga72DF3U,Chase Roberts,1.2,5.5042
BEFga72DF3U,Chase Roberts,1.25,5.8913
BEFga72DF3U,Chase Roberts,1.3,6.2861
BEFga72DF3U,Chase Roberts,1.35,6.6883
BEFga72DF3U,Chase Roberts,1.4,7.0975
BEFga72DF3U,Chase Roberts,1.45,7.5134
BEFga72DF3U,Chase Roberts,1.5,7.9357
BEFga72DF3U,Chase Roberts,1.55,8.364
BEFga72DF3U,Chase Roberts,1.6,8.7981
BEFga72DF3U,Chase Roberts,1.65,9.2376
BEFga72DF3U,Chase Roberts,1.7,9.6823
BEFga72DF3U,Chase Roberts,1.75,10.1319
BEFga72DF3U,Chase Roberts,1.8,10.5863
BEFga72DF3U,Chase Roberts,1.85,11.0451
BEFga72DF3U,Chase Roberts,1.9,11.5081
BEFga72DF3U,Chase Roberts,1.95,11.9751
BEFga72DF3U,Chase Roberts,2.0,12.446
BEFga72DF3U,Chase Roberts,2.05,12.9206
BEFga72DF3U,Chase Roberts,2.1,13.3986
BEFga72DF3U,Chase Roberts,2.15,13.8799
BEFga72DF3U,Chase Roberts,2.2,14.3643
BEFga72DF3U,Chase Roberts,2.25,14.8517
BEFga72DF3U,Chase Roberts,2.3,15.3419
BEFga72DF3U,Chase Roberts,2.35,15.8348
BEFga72DF3U,Chase Roberts,2.4,16.3303
BEFga72DF3U,Chase Roberts,2.45,16.8281
BEFga72DF3U,Chase Roberts,2.5,17.3283
BEFga72DF3U,Chase Roberts,2.55,17.8307
BEFga72DF3U,Chase Roberts,2.6,18.3352
BEFga72DF3U,Chase Roberts,2.65,18.8417
BEFga72DF3U,Chase Roberts,2.7,19.3501
BEFga72DF3U,Chase Roberts,2.75,19.8602
BEFga72DF3U,Chase Roberts,2.8,20.3721
BEFga72DF3U,Chase Roberts,2.85,20.8855
BEFga72DF3U,Chase Roberts,2.9,21.4006
BEFga72DF3U,Chase Roberts,2.95,21.917
BEFga72DF3U,Chase Roberts,3.0,22.4349
BEFga72DF3U,Chase Roberts,3.05,22.9541
BEFga72DF3U,Chase Roberts,3.1,23.4746
BEFga72DF3U,Chase Roberts,3.15,23.9962
BEFga72DF3U,Chase Roberts,3.2,24.519
BEFga72DF3U,Chase Roberts,3.25,25.0429
BEFga72DF3U,Chase Roberts,3.3,25.5678
BEFga72DF3U,Chase Roberts,3.35,26.0936
BEFga72DF3U,Chase Roberts,3.4,26.6205
BEFga72DF3U,Chase Roberts,3.45,27.1481
BEFga72DF3U,Chase Roberts,3.5,27.6767
BEFga72DF3U,Chase Roberts,3.55,28.206
BEFga72DF3U,Chase Roberts,3.6,28.7361
BEFga72DF3U,Chase Roberts,3.65,29.2669
BEFga72DF3U,Chase Roberts,3.7,29.7984
BEFga72DF3U,Chase Roberts,3.75,30.3305
BEFga72DF3U,Chase Roberts,3.8,30.8633
BEFga72DF3U,Chase Roberts,3.85,31.3966
BEFga72DF3U,Chase Roberts,3.9,31.9305
BEFga72DF3U,Chase Roberts,3.95,32.465
BEFga72DF3U,Chase Roberts,4.0,32.9999
BEFga72DF3U,Chase Roberts,4.05,33.5354
BEFga72DF3U,Chase Roberts,4.1,34.0713
BEFga72DF3U,Chase Roberts,4.15,34.6076
BEFga72DF3U,Chase Roberts,4.2,35.1443
BEFga72DF3U,Chase Roberts,4.25,35.6814
BEFga72DF3U,Chase Roberts,4.3,36.2189
BEFga72DF3U,Chase Roberts,4.35,36.7568
BEFga72DF3U,Chase Roberts,4.4,37.295
BEFga72DF3U,Chase Roberts,4.45,37.8335
BEFga72DF3U,Chase Roberts,4.5,38.3723
BEFga72DF3U,Chase Roberts,4.55,38.9114
BEFga72DF3U,Chase Roberts,4.6,39.4508
BEFga72DF3U,Chase Roberts,4.65,39.9905
BEFga72DF3U,J. Michael Sturdivant,0.0,0.0
BEFga72DF3U,J. Michael Sturdivant,0.05,0.0139
BEFga72DF3U,J. Michael Sturdivant,0.1,0.0547
BEFga72DF3U,J. Michael Sturdivant,0.15,0.1212
BEFga72DF3U,J. Michael Sturdivant,0.2,0.2121
BEFga72DF3U,J. Michael Sturdivant,0.25,0.3264
BEFga72DF3U,J. Michael Sturdivant,0.3,0.4629
BEFga72DF3U,J. Michael Sturdivant,0.35,0.6206
BEFga72DF3U,J. Michael Sturdivant,0.4,0.7985
BEFga72DF3U,J. Michael Sturdivant,0.45,0.9958
BEFga72DF3U,J. Michael Sturdivant,0.5,1.2114
BEFga72DF3U,J. Michael Sturdivant,0.55,1.4445
BEFga72DF3U,J. Michael Sturdivant,0.6,1.6943
BEFga72DF3U,J. Michael Sturdivant,0.65,1.9601
BEFga72DF3U,J. Michael Sturdivant,0.7,2.2411
BEFga72DF3U,J. Michael Sturdivant,0.75,2.5366
BEFga72DF3U,J. Michael Sturdivant,0.8,2.8458
BEFga72DF3U,J. Michael Sturdivant,0.85,3.1683
BEFga72DF3U,J. Michael Sturdivant,0.9,3.5033
BEFga72DF3U,J. Michael Sturdivant,0.95,3.8502
BEFga72DF3U,J. Michael Sturdivant,1.0,4.2086
BEFga72DF3U,J. Michael Sturdivant,1.05,4.5779
BEFga72DF3U,J. Michael Sturdivant,1.1,4.9575
BEFga72DF3U,J. Michael Sturdivant,1.15,5.347
BEFga72DF3U,J. Michael Sturdivant,1.2,5.746
BEFga72DF3U,J. Michael Sturdivant,1.25,6.154
BEFga72DF3U,J. Michael Sturdivant,1.3,6.5705
BEFga72DF3U,J. Michael Sturdivant,1.35,6.9952
BEFga72DF3U,J. Michael Sturdivant,1.4,7.4277
BEFga72DF3U,J. Michael Sturdivant,1.45,7.8677
BEFga72DF3U,J. Michael Sturdivant,1.5,8.3147
BEFga72DF3U,J. Michael Sturdivant,1.55,8.7685
BEFga72DF3U,J. Michael Sturdivant,1.6,9.2287
BEFga72DF3U,J. Michael Sturdivant,1.65,9.6951
BEFga72DF3U,J. Michael Sturdivant,1.7,10.1673
BEFga72DF3U,J. Michael Sturdivant,1.75,10.6451
BEFga72DF3U,J. Michael Sturdivant,1.8,11.1282
BEFga72DF3U,J. Michael Sturdivant,1.85,11.6165
BEFga72DF3U,J. Michael Sturdivant,1.9,12.1095
BEFga72DF3U,J. Michael Sturdivant,1.95,12.6072
BEFga72DF3U,J. Michael Sturdivant,2.0,13.1093
BEFga72DF3U,J. Michael Sturdivant,2.05,13.6155
BEFga72DF3U,J. Michael Sturdivant,2.1,14.1258
BEFga72DF3U,J. Michael Sturdivant,2.15,14.6399
BEFga72DF3U,J. Michael Sturdivant,2.2,15.1576
BEFga72DF3U,J. Michael Sturdivant,2.25,15.6788
BEFga72DF3U,J. Michael Sturdivant,2.3,16.2033
BEFga72DF3U,J. Michael Sturdivant,2.35,16.7309
BEFga72DF3U,J. Michael Sturdivant,2.4,17.2615
BEFga72DF3U,J. Michael Sturdivant,2.45,17.7951
BEFga72DF3U,J. Michael Sturdivant,2.5,18.3313
BEFga72DF3U,J. Michael Sturdivant,2.55,18.8702
BEFga72DF3U,J. Michael Sturdivant,2.6,19.4115
BEFga72DF3U,J. Michael Sturdivant,2.65,19.9552
BEFga72DF3U,J. Michael Sturdivant,2.7,20.5012
BEFga72DF3U,J. Michael Sturdivant,2.75,21.0493
BEFga72DF3U,J. Michael Sturdivant,2.8,21.5994
BEFga72DF3U,J. Michael Sturdivant,2.85,22.1516
BEFga72DF3U,J. Michael Sturdivant,2.9,22.7056
BEFga72DF3U,J. Michael Sturdivant,2.95,23.2613
BEFga72DF3U,J. Michael Sturdivant,3.0,23.8188
BEFga72DF3U,J. Michael Sturdivant,3.05,24.3779
BEFga72DF3U,J. Michael Sturdivant,3.1,24.9385
BEFga72DF3U,J. Michael Sturdivant,3.15,25.5006
BEFga72DF3U,J. Michael Sturdivant,3.2,26.0641
BEFga72DF3U,J. Michael Sturdivant,3.25,26.6289
BEFga72DF3U,J. Michael Sturdivant,3.3,27.195
BEFga72DF3U,J. Michael Sturdivant,3.35,27.7624
BEFga72DF3U,J. Michael Sturdivant,3.4,28.3308
BEFga72DF3U,J. Michael Sturdivant,3.45,28.9004
BEFga72DF3U,J. Michael Sturdivant,3.5,29.4711
BEFga72DF3U,J. Michael Sturdivant,3.55,30.0427
BEFga72DF3U,J. Michael Sturdivant,3.6,30.6153
BEFga72DF3U,J. Michael Sturdivant,3.65,31.1888
BEFga72DF3U,J. Michael Sturdivant,3.7,31.7632
BEFga72DF3U,J. Michael Sturdivant,3.75,32.3384
BEFga72DF3U,J. Michael Sturdivant,3.8,32.9145
BEFga72DF3U,J. Michael Sturdivant,3.85,33.4912
BEFga72DF3U,J. Michael Sturdivant,3.9,34.0687
BEFga72DF3U,J. Michael Sturdivant,3.95,34.6469
BEFga72DF3U,J. Michael Sturdivant,4.0,35.2257
BEFga72DF3U,J. Michael Sturdivant,4.05,35.8051
BEFga72DF3U,J. Michael Sturdivant,4.1,36.3852
BEFga72DF3U,J. Michael Sturdivant,4.15,36.9658
BEFga72DF3U,J. Michael Sturdivant,4.2,37.5469
BEFga72DF3U,J. Michael Sturdivant,4.25,38.1286
BEFga72DF3U,J. Michael Sturdivant,4.3,38.7107
BEFga72DF3U,J. Michael Sturdivant,4.35,39.2934
BEFga72DF3U,J. Michael Sturdivant,4.4,39.8764
BEFga72DF3U,Antonio Williams,0.0,0.0
BEFga72DF3U,Antonio Williams,0.05,0.0124
BEFga72DF3U,Antonio Williams,0.1,0.0489
BEFga72DF3U,Antonio Williams,0.15,0.1086
BEFga72DF3U,Antonio Williams,0.2,0.1906
BEFga72DF3U,Antonio Williams,0.25,0.2939
BEFga72DF3U,Antonio Williams,0.3,0.4177
BEFga72DF3U,Antonio Williams,0.35,0.5613
BEFga72DF3U,Antonio Williams,0.4,0.7238
BEFga72DF3U,Antonio Williams,0.45,0.9044
BEFga72DF3U,Antonio Williams,0.5,1.1026
BEFga72DF3U,Antonio Williams,0.55,1.3175
BEFga72DF3U,Antonio Williams,0.6,1.5485
BEFga72DF3U,Antonio Williams,0.65,1.795
BEFga72DF3U,Antonio Williams,0.7,2.0563
BEFga72DF3U,Antonio Williams,0.75,2.3319
BEFga72DF3U,Antonio Williams,0.8,2.6212
BEFga72DF3U,Antonio Williams,0.85,2.9236
BEFga72DF3U,Antonio Williams,0.9,3.2387
BEFga72DF3U,Antonio Williams,0.95,3.566
BEFga72DF3U,Antonio Williams,1.0,3.9049
BEFga72DF3U,Antonio Williams,1.05,4.2549
BEFga72DF3U,Antonio Williams,1.1,4.6158
BEFga72DF3U,Antonio Williams,1.15,4.9869
BEFga72DF3U,Antonio Williams,1.2,5.368
BEFga72DF3U,Antonio Williams,1.25,5.7586
BEFga72DF3U,Antonio Williams,1.3,6.1583
BEFga72DF3U,Antonio Williams,1.35,6.5669
BEFga72DF3U,Antonio Williams,1.4,6.9838
BEFga72DF3U,Antonio Williams,1.45,7.4089
BEFga72DF3U,Antonio Williams,1.5,7.8417
BEFga72DF3U,Antonio Williams,1.55,8.282
BEFga72DF3U,Antonio Williams,1.6,8.7295
BEFga72DF3U,Antonio Williams,1.65,9.1839
BEFga72DF3U,Antonio Williams,1.7,9.6449
BEFga72DF3U,Antonio Williams,1.75,10.1123
BEFga72DF3U,Antonio Williams,1.8,10.5857
BEFga72DF3U,Antonio Williams,1.85,11.0651
BEFga72DF3U,Antonio Williams,1.9,11.55
BEFga72DF3U,Antonio Williams,1.95,12.0404
BEFga72DF3U,Antonio Williams,2.0,12.536
BEFga72DF3U,Antonio Williams,2.05,13.0365
BEFga72DF3U,Antonio Williams,2.1,13.5418
BEFga72DF3U,Antonio Williams,2.15,14.0518
BEFga72DF3U,Antonio Williams,2.2,14.5661
BEFga72DF3U,Antonio Williams,2.25,15.0847
BEFga72DF3U,Antonio Williams,2.3,15.6074
BEFga72DF3U,Antonio Williams,2.35,16.134
BEFga72DF3U,Antonio Williams,2.4,16.6644
BEFga72DF3U,Antonio Williams,2.45,17.1983
BEFga72DF3U,Antonio Williams,2.5,17.7357
BEFga72DF3U,Antonio Williams,2.55,18.2765
BEFga72DF3U,Antonio Williams,2.6,18.8204
BEFga72DF3U,Antonio Williams,2.65,19.3675
BEFga72DF3U,Antonio Williams,2.7,19.9174
BEFga72DF3U,Antonio Williams,2.75,20.4702
BEFga72DF3U,Antonio Williams,2.8,21.0258
BEFga72DF3U,Antonio Williams,2.85,21.5839
BEFga72DF3U,Antonio Williams,2.9,22.1445
BEFga72DF3U,Antonio Williams,2.95,22.7076
BEFga72DF3U,Antonio Williams,3.0,23.273
BEFga72DF3U,Antonio Williams,3.05,23.8406
BEFga72DF3U,Antonio Williams,3.1,24.4103
BEFga72DF3U,Antonio Williams,3.15,24.9821
BEFga72DF3U,Antonio Williams,3.2,25.5558
BEFga72DF3U,Antonio Williams,3.25,26.1314
BEFga72DF3U,Antonio Williams,3.3,26.7089
BEFga72DF3U,Antonio Williams,3.35,27.2881
BEFga72DF3U,Antonio Williams,3.4,27.869
BEFga72DF3U,Antonio Williams,3.45,28.4514
BEFga72DF3U,Antonio Williams,3.5,29.0355
BEFga72DF3U,Antonio Williams,3.55,29.621
BEFga72DF3U,Antonio Williams,3.6,30.2079
BEFga72DF3U,Antonio Williams,3.65,30.7962
BEFga72DF3U,Antonio Williams,3.7,31.3858
BEFga72DF3U,Antonio Williams,3.75,31.9767
BEFga72DF3U,Antonio Williams,3.8,32.5688
BEFga72DF3U,Antonio Williams,3.85,33.162
BEFga72DF3U,Antonio Williams,3.9,33.7564
BEFga72DF3U,Antonio Williams,3.95,34.3518
BEFga72DF3U,Antonio Williams,4.0,34.9483
BEFga72DF3U,Antonio Williams,4.05,35.5458
BEFga72DF3U,Antonio Williams,4.1,36.1442
BEFga72DF3U,Antonio Williams,4.15,36.7435
BEFga72DF3U,Antonio Williams,4.2,37.3437
BEFga72DF3U,Antonio Williams,4.25,37.9448
BEFga72DF3U,Antonio Williams,4.3,38.5466
BEFga72DF3U,Antonio Williams,4.35,39.1493
BEFga72DF3U,Antonio Williams,4.4,39.7526
BEFga72DF3U,Ted Hurst,0.0,0.0
BEFga72DF3U,Ted Hurst,0.05,0.0113
BEFga72DF3U,Ted Hurst,0.1,0.0447
BEFga72DF3U,Ted Hurst,0.15,0.0995
BEFga72DF3U,Ted Hurst,0.2,0.1748
BEFga72DF3U,Ted Hurst,0.25,0.27
BEFga72DF3U,Ted Hurst,0.3,0.3844
BEFga72DF3U,Ted Hurst,0.35,0.5174
BEFga72DF3U,Ted Hurst,0.4,0.6682
BEFga72DF3U,Ted Hurst,0.45,0.8363
BEFga72DF3U,Ted Hurst,0.5,1.0211
BEFga72DF3U,Ted Hurst,0.55,1.2219
BEFga72DF3U,Ted Hurst,0.6,1.4383
BEFga72DF3U,Ted Hurst,0.65,1.6697
BEFga72DF3U,Ted Hurst,0.7,1.9156
BEFga72DF3U,Ted Hurst,0.75,2.1755
BEFga72DF3U,Ted Hurst,0.8,2.4489
BEFga72DF3U,Ted Hurst,0.85,2.7353
BEFga72DF3U,Ted Hurst,0.9,3.0342
BEFga72DF3U,Ted Hurst,0.95,3.3454
BEFga72DF3U,Ted Hurst,1.0,3.6682
BEFga72DF3U,Ted Hurst,1.05,4.0024
BEFga72DF3U,Ted Hurst,1.1,4.3475
BEFga72DF3U,Ted Hurst,1.15,4.7031
BEFga72DF3U,Ted Hurst,1.2,5.0689
BEFga72DF3U,Ted Hurst,1.25,5.4446
BEFga72DF3U,Ted Hurst,1.3,5.8297
BEFga72DF3U,Ted Hurst,1.35,6.224
BEFga72DF3U,Ted Hurst,1.4,6.6272
BEFga72DF3U,Ted Hurst,1.45,7.0389
BEFga72DF3U,Ted Hurst,1.5,7.4588
BEFga72DF3U,Ted Hurst,1.55,7.8867
BEFga72DF3U,Ted Hurst,1.6,8.3223
BEFga72DF3U,Ted Hurst,1.65,8.7653
BEFga72DF3U,Ted Hurst,1.7,9.2155
BEFga72DF3U,Ted Hurst,1.75,9.6726
BEFga72DF3U,Ted Hurst,1.8,10.1363
BEFga72DF3U,Ted Hurst,1.85,10.6065
BEFga72DF3U,Ted Hurst,1.9,11.0829
BEFga72DF3U,Ted Hurst,1.95,11.5654
BEFga72DF3U,Ted Hurst,2.0,12.0536
BEFga72DF3U,Ted Hurst,2.05,12.5474
BEFga72DF3U,Ted Hurst,2.1,13.0466
BEFga72DF3U,Ted Hurst,2.15,13.5511
BEFga72DF3U,Ted Hurst,2.2,14.0605
BEFga72DF3U,Ted Hurst,2.25,14.5749
BEFga72DF3U,Ted Hurst,2.3,15.0939
BEFga72DF3U,Ted Hurst,2.35,15.6175
BEFga72DF3U,Ted Hurst,2.4,16.1454
BEFga72DF3U,Ted Hurst,2.45,16.6775
BEFga72DF3U,Ted Hurst,2.5,17.2138
BEFga72DF3U,Ted Hurst,2.55,17.754
BEFga72DF3U,Ted Hurst,2.6,18.2979
BEFga72DF3U,Ted Hurst,2.65,18.8456
BEFga72DF3U,Ted Hurst,2.7,19.3967
BEFga72DF3U,Ted Hurst,2.75,19.9513
BEFga72DF3U,Ted Hurst,2.8,20.5092
BEFga72DF3U,Ted Hurst,2.85,21.0703
BEFga72DF3U,Ted Hurst,2.9,21.6345
BEFga72DF3U,Ted Hurst,2.95,22.2016
BEFga72DF3U,Ted Hurst,3.0,22.7716
BEFga72DF3U,Ted Hurst,3.05,23.3444
BEFga72DF3U,Ted Hurst,3.1,23.9198
BEFga72DF3U,Ted Hurst,3.15,24.4979
BEFga72DF3U,Ted Hurst,3.2,25.0784
BEFga72DF3U,Ted Hurst,3.25,25.6613
BEFga72DF3U,Ted Hurst,3.3,26.2465
BEFga72DF3U,Ted Hurst,3.35,26.834
BEFga72DF3U,Ted Hurst,3.4,27.4236
BEFga72DF3U,Ted Hurst,3.45,28.0153
BEFga72DF3U,Ted Hurst,3.5,28.6091
BEFga72DF3U,Ted Hurst,3.55,29.2048
BEFga72DF3U,Ted Hurst,3.6,29.8023
BEFga72DF3U,Ted Hurst,3.65,30.4017
BEFga72DF3U,Ted Hurst,3.7,31.0029
BEFga72DF3U,Ted Hurst,3.75,31.6057
BEFga72DF3U,Ted Hurst,3.8,32.2101
BEFga72DF3U,Ted Hurst,3.85,32.8162
BEFga72DF3U,Ted Hurst,3.9,33.4237
BEFga72DF3U,Ted Hurst,3.95,34.0328
BEFga72DF3U,Ted Hurst,4.0,34.6432
BEFga72DF3U,Ted Hurst,4.05,35.255
BEFga72DF3U,Ted Hurst,4.1,35.8681
BEFga72DF3U,Ted Hurst,4.15,36.4825
BEFga72DF3U,Ted Hurst,4.2,37.0982
BEFga72DF3U,Ted Hurst,4.25,37.715
BEFga72DF3U,Ted Hurst,4.3,38.333
BEFga72DF3U,Ted Hurst,4.35,38.952
BEFga72DF3U,Ted Hurst,4.4,39.5722
BEFga72DF3U,Bryce Lance,0.0,0.0
BEFga72DF3U,Bryce Lance,0.05,0.014
BEFga72DF3U,Bryce Lance,0.1,0.0552
BEFga72DF3U,Bryce Lance,0.15,0.1222
BEFga72DF3U,Bryce Lance,0.2,0.214
BEFga72DF3U,Bryce Lance,0.25,0.3292
BEFga72DF3U,Bryce Lance,0.3,0.4668
BEFga72DF3U,Bryce Lance,0.35,0.6258
BEFga72DF3U,Bryce Lance,0.4,0.8051
BEFga72DF3U,Bryce Lance,0.45,1.0037
BEFga72DF3U,Bryce Lance,0.5,1.2209
BEFga72DF3U,Bryce Lance,0.55,1.4557
BEFga72DF3U,Bryce Lance,0.6,1.7072
BEFga72DF3U,Bryce Lance,0.65,1.9747
BEFga72DF3U,Bryce Lance,0.7,2.2575
BEFga72DF3U,Bryce Lance,0.75,2.5548
BEFga72DF3U,Bryce Lance,0.8,2.8659
BEFga72DF3U,Bryce Lance,0.85,3.1902
BEFga72DF3U,Bryce Lance,0.9,3.5271
BEFga72DF3U,Bryce Lance,0.95,3.8759
BEFga72DF3U,Bryce Lance,1.0,4.2362
BEFga72DF3U,Bryce Lance,1.05,4.6073
BEFga72DF3U,Bryce Lance,1.1,4.9888
BEFga72DF3U,Bryce Lance,1.15,5.3802
BEFga72DF3U,Bryce Lance,1.2,5.781
BEFga72DF3U,Bryce Lance,1.25,6.1907
BEFga72DF3U,Bryce Lance,1.3,6.609
BEFga72DF3U,Bryce Lance,1.35,7.0355
BEFga72DF3U,Bryce Lance,1.4,7.4697
BEFga72DF3U,Bryce Lance,1.45,7.9113
BEFga72DF3U,Bryce Lance,1.5,8.36
BEFga72DF3U,Bryce Lance,1.55,8.8154
BEFga72DF3U,Bryce Lance,1.6,9.2772
BEFga72DF3U,Bryce Lance,1.65,9.7451
BEFga72DF3U,Bryce Lance,1.7,10.2188
BEFga72DF3U,Bryce Lance,1.75,10.698
BEFga72DF3U,Bryce Lance,1.8,11.1825
BEFga72DF3U,Bryce Lance,1.85,11.6721
BEFga72DF3U,Bryce Lance,1.9,12.1665
BEFga72DF3U,Bryce Lance,1.95,12.6654
BEFga72DF3U,Bryce Lance,2.0,13.1687
BEFga72DF3U,Bryce Lance,2.05,13.6761
BEFga72DF3U,Bryce Lance,2.1,14.1875
BEFga72DF3U,Bryce Lance,2.15,14.7027
BEFga72DF3U,Bryce Lance,2.2,15.2214
BEFga72DF3U,Bryce Lance,2.25,15.7436
BEFga72DF3U,Bryce Lance,2.3,16.269
BEFga72DF3U,Bryce Lance,2.35,16.7976
BEFga72DF3U,Bryce Lance,2.4,17.3291
BEFga72DF3U,Bryce Lance,2.45,17.8634
BEFga72DF3U,Bryce Lance,2.5,18.4005
BEFga72DF3U,Bryce Lance,2.55,18.9401
BEFga72DF3U,Bryce Lance,2.6,19.4821
BEFga72DF3U,Bryce Lance,2.65,20.0265
BEFga72DF3U,Bryce Lance,2.7,20.573
BEFga72DF3U,Bryce Lance,2.75,21.1217
BEFga72DF3U,Bryce Lance,2.8,21.6725
BEFga72DF3U,Bryce Lance,2.85,22.2251
BEFga72DF3U,Bryce Lance,2.9,22.7796
BEFga72DF3U,Bryce Lance,2.95,23.3358
BEFga72DF3U,Bryce Lance,3.0,23.8936
BEFga72DF3U,Bryce Lance,3.05,24.4531
BEFga72DF3U,Bryce Lance,3.1,25.0141
BEFga72DF3U,Bryce Lance,3.15,25.5765
BEFga72DF3U,Bryce Lance,3.2,26.1402
BEFga72DF3U,Bryce Lance,3.25,26.7053
BEFga72DF3U,Bryce Lance,3.3,27.2717
BEFga72DF3U,Bryce Lance,3.35,27.8392
BEFga72DF3U,Bryce Lance,3.4,28.4078
BEFga72DF3U,Bryce Lance,3.45,28.9775
BEFga72DF3U,Bryce Lance,3.5,29.5483
BEFga72DF3U,Bryce Lance,3.55,30.12
BEFga72DF3U,Bryce Lance,3.6,30.6927
BEFga72DF3U,Bryce Lance,3.65,31.2662
BEFga72DF3U,Bryce Lance,3.7,31.8406
BEFga72DF3U,Bryce Lance,3.75,32.4158
BEFga72DF3U,Bryce Lance,3.8,32.9918
BEFga72DF3U,Bryce Lance,3.85,33.5685
BEFga72DF3U,Bryce Lance,3.9,34.1459
BEFga72DF3U,Bryce Lance,3.95,34.724
BEFga72DF3U,Bryce Lance,4.0,35.3027
BEFga72DF3U,Bryce Lance,4.05,35.882
BEFga72DF3U,Bryce Lance,4.1,36.4619
BEFga72DF3U,Bryce Lance,4.15,37.0424
BEFga72DF3U,Bryce Lance,4.2,37.6233
BEFga72DF3U,Bryce Lance,4.25,38.2048
BEFga72DF3U,Bryce Lance,4.3,38.7867
BEFga72DF3U,Bryce Lance,4.35,39.3691
BEFga72DF3U,Ja'Kobi Lane,0.0,0.0
BEFga72DF3U,Ja'Kobi Lane,0.05,0.0122
BEFga72DF3U,Ja'Kobi Lane,0.1,0.0482
BEFga72DF3U,Ja'Kobi Lane,0.15,0.1071
BEFga72DF3U,Ja'Kobi Lane,0.2,0.1879
BEFga72DF3U,Ja'Kobi Lane,0.25,0.2898
BEFga72DF3U,Ja'Kobi Lane,0.3,0.4119
BEFga72DF3U,Ja'Kobi Lane,0.35,0.5535
BEFga72DF3U,Ja'Kobi Lane,0.4,0.7137
BEFga72DF3U,Ja'Kobi Lane,0.45,0.8918
BEFga72DF3U,Ja'Kobi Lane,0.5,1.0872
BEFga72DF3U,Ja'Kobi Lane,0.55,1.2991
BEFga72DF3U,Ja'Kobi Lane,0.6,1.5268
BEFga72DF3U,Ja'Kobi Lane,0.65,1.7699
BEFga72DF3U,Ja'Kobi Lane,0.7,2.0275
BEFga72DF3U,Ja'Kobi Lane,0.75,2.2992
BEFga72DF3U,Ja'Kobi Lane,0.8,2.5845
BEFga72DF3U,Ja'Kobi Lane,0.85,2.8826
BEFga72DF3U,Ja'Kobi Lane,0.9,3.1933
BEFga72DF3U,Ja'Kobi Lane,0.95,3.5159
BEFga72DF3U,Ja'Kobi Lane,1.0,3.85
BEFga72DF3U,Ja'Kobi Lane,1.05,4.1951
BEFga72DF3U,Ja'Kobi Lane,1.1,4.5508
BEFga72DF3U,Ja'Kobi Lane,1.15,4.9167
BEFga72DF3U,Ja'Kobi Lane,1.2,5.2924
BEFga72DF3U,Ja'Kobi Lane,1.25,5.6774
BEFga72DF3U,Ja'Kobi Lane,1.3,6.0715
BEFga72DF3U,Ja'Kobi Lane,1.35,6.4742
BEFga72DF3U,Ja'Kobi Lane,1.4,6.8852
BEFga72DF3U,Ja'Kobi Lane,1.45,7.3042
BEFga72DF3U,Ja'Kobi Lane,1.5,7.7309
BEFga72DF3U,Ja'Kobi Lane,1.55,8.1649
BEFga72DF3U,Ja'Kobi Lane,1.6,8.606
BEFga72DF3U,Ja'Kobi Lane,1.65,9.0539
BEFga72DF3U,Ja'Kobi Lane,1.7,9.5083
BEFga72DF3U,Ja'Kobi Lane,1.75,9.969
BEFga72DF3U,Ja'Kobi Lane,1.8,10.4357
BEFga72DF3U,Ja'Kobi Lane,1.85,10.9081
BEFga72DF3U,Ja'Kobi Lane,1.9,11.3861
BEFga72DF3U,Ja'Kobi Lane,1.95,11.8695
BEFga72DF3U,Ja'Kobi Lane,2.0,12.3579
BEFga72DF3U,Ja'Kobi Lane,2.05,12.8512
BEFga72DF3U,Ja'Kobi Lane,2.1,13.3493
BEFga72DF3U,Ja'Kobi Lane,2.15,13.8519
BEFga72DF3U,Ja'Kobi Lane,2.2,14.3589
BEFga72DF3U,Ja'Kobi Lane,2.25,14.87
BEFga72DF3U,Ja'Kobi Lane,2.3,15.3851
BEFga72DF3U,Ja'Kobi Lane,2.35,15.9041
BEFga72DF3U,Ja'Kobi Lane,2.4,16.4268
BEFga72DF3U,Ja'Kobi Lane,2.45,16.9531
BEFga72DF3U,Ja'Kobi Lane,2.5,17.4827
BEFga72DF3U,Ja'Kobi Lane,2.55,18.0157
BEFga72DF3U,Ja'Kobi Lane,2.6,18.5517
BEFga72DF3U,Ja'Kobi Lane,2.65,19.0908
BEFga72DF3U,Ja'Kobi Lane,2.7,19.6329
BEFga72DF3U,Ja'Kobi Lane,2.75,20.1777
BEFga72DF3U,Ja'Kobi Lane,2.8,20.7251
BEFga72DF3U,Ja'Kobi Lane,2.85,21.2752
BEFga72DF3U,Ja'Kobi Lane,2.9,21.8277
BEFga72DF3U,Ja'Kobi Lane,2.95,22.3826
BEFga72DF3U,Ja'Kobi Lane,3.0,22.9397
BEFga72DF3U,Ja'Kobi Lane,3.05,23.4991
BEFga72DF3U,Ja'Kobi Lane,3.1,24.0605
BEFga72DF3U,Ja'Kobi Lane,3.15,24.624
BEFga72DF3U,Ja'Kobi Lane,3.2,25.1894
BEFga72DF3U,Ja'Kobi Lane,3.25,25.7567
BEFga72DF3U,Ja'Kobi Lane,3.3,26.3257
BEFga72DF3U,Ja'Kobi Lane,3.35,26.8965
BEFga72DF3U,Ja'Kobi Lane,3.4,27.4689
BEFga72DF3U,Ja'Kobi Lane,3.45,28.0429
BEFga72DF3U,Ja'Kobi Lane,3.5,28.6184
BEFga72DF3U,Ja'Kobi Lane,3.55,29.1954
BEFga72DF3U,Ja'Kobi Lane,3.6,29.7738
BEFga72DF3U,Ja'Kobi Lane,3.65,30.3535
BEFga72DF3U,Ja'Kobi Lane,3.7,30.9345
BEFga72DF3U,Ja'Kobi Lane,3.75,31.5168
BEFga72DF3U,Ja'Kobi Lane,3.8,32.1002
BEFga72DF3U,Ja'Kobi Lane,3.85,32.6848
BEFga72DF3U,Ja'Kobi Lane,3.9,33.2705
BEFga72DF3U,Ja'Kobi Lane,3.95,33.8572
BEFga72DF3U,Ja'Kobi Lane,4.0,34.445
BEFga72DF3U,Ja'Kobi Lane,4.05,35.0337
BEFga72DF3U,Ja'Kobi Lane,4.1,35.6234
BEFga72DF3U,Ja'Kobi Lane,4.15,36.214
BEFga72DF3U,Ja'Kobi Lane,4.2,36.8054
BEFga72DF3U,Ja'Kobi Lane,4.25,37.3977
BEFga72DF3U,Ja'Kobi Lane,4.3,37.9907
BEFga72DF3U,Ja'Kobi Lane,4.35,38.5845
BEFga72DF3U,Ja'Kobi Lane,4.4,39.1791
BEFga72DF3U,Ja'Kobi Lane,4.45,39.7744
BEFga72DF3U,Kendrick Law,0.0,0.0
BEFga72DF3U,Kendrick Law,0.05,0.0111
BEFga72DF3U,Kendrick Law,0.1,0.0438
BEFga72DF3U,Kendrick Law,0.15,0.0974
BEFga72DF3U,Kendrick Law,0.2,0.1711
BEFga72DF3U,Kendrick Law,0.25,0.2644
BEFga72DF3U,Kendrick Law,0.3,0.3764
BEFga72DF3U,Kendrick Law,0.35,0.5065
BEFga72DF3U,Kendrick Law,0.4,0.6542
BEFga72DF3U,Kendrick Law,0.45,0.8188
BEFga72DF3U,Kendrick Law,0.5,0.9997
BEFga72DF3U,Kendrick Law,0.55,1.1964
BEFga72DF3U,Kendrick Law,0.6,1.4082
BEFga72DF3U,Kendrick Law,0.65,1.6348
BEFga72DF3U,Kendrick Law,0.7,1.8755
BEFga72DF3U,Kendrick Law,0.75,2.1299
BEFga72DF3U,Kendrick Law,0.8,2.3976
BEFga72DF3U,Kendrick Law,0.85,2.678
BEFga72DF3U,Kendrick Law,0.9,2.9707
BEFga72DF3U,Kendrick Law,0.95,3.2753
BEFga72DF3U,Kendrick Law,1.0,3.5913
BEFga72DF3U,Kendrick Law,1.05,3.9185
BEFga72DF3U,Kendrick Law,1.1,4.2563
BEFga72DF3U,Kendrick Law,1.15,4.6045
BEFga72DF3U,Kendrick Law,1.2,4.9626
BEFga72DF3U,Kendrick Law,1.25,5.3304
BEFga72DF3U,Kendrick Law,1.3,5.7075
BEFga72DF3U,Kendrick Law,1.35,6.0935
BEFga72DF3U,Kendrick Law,1.4,6.4882
BEFga72DF3U,Kendrick Law,1.45,6.8912
BEFga72DF3U,Kendrick Law,1.5,7.3023
BEFga72DF3U,Kendrick Law,1.55,7.7212
BEFga72DF3U,Kendrick Law,1.6,8.1476
BEFga72DF3U,Kendrick Law,1.65,8.5813
BEFga72DF3U,Kendrick Law,1.7,9.022
BEFga72DF3U,Kendrick Law,1.75,9.4695
BEFga72DF3U,Kendrick Law,1.8,9.9234
BEFga72DF3U,Kendrick Law,1.85,10.3837
BEFga72DF3U,Kendrick Law,1.9,10.8501
BEFga72DF3U,Kendrick Law,1.95,11.3224
BEFga72DF3U,Kendrick Law,2.0,11.8003
BEFga72DF3U,Kendrick Law,2.05,12.2837
BEFga72DF3U,Kendrick Law,2.1,12.7724
BEFga72DF3U,Kendrick Law,2.15,13.2662
BEFga72DF3U,Kendrick Law,2.2,13.765
BEFga72DF3U,Kendrick Law,2.25,14.2684
BEFga72DF3U,Kendrick Law,2.3,14.7765
BEFga72DF3U,Kendrick Law,2.35,15.289
BEFga72DF3U,Kendrick Law,2.4,15.8058
BEFga72DF3U,Kendrick Law,2.45,16.3268
BEFga72DF3U,Kendrick Law,2.5,16.8517
BEFga72DF3U,Kendrick Law,2.55,17.3805
BEFga72DF3U,Kendrick Law,2.6,17.9129
BEFga72DF3U,Kendrick Law,2.65,18.449
BEFga72DF3U,Kendrick Law,2.7,18.9886
BEFga72DF3U,Kendrick Law,2.75,19.5314
BEFga72DF3U,Kendrick Law,2.8,20.0776
BEFga72DF3U,Kendrick Law,2.85,20.6268
BEFga72DF3U,Kendrick Law,2.9,21.179
BEFga72DF3U,Kendrick Law,2.95,21.7342
BEFga72DF3U,Kendrick Law,3.0,22.2921
BEFga72DF3U,Kendrick Law,3.05,22.8528
BEFga72DF3U,Kendrick Law,3.1,23.4161
BEFga72DF3U,Kendrick Law,3.15,23.9819
BEFga72DF3U,Kendrick Law,3.2,24.5501
BEFga72DF3U,Kendrick Law,3.25,25.1207
BEFga72DF3U,Kendrick Law,3.3,25.6936
BEFga72DF3U,Kendrick Law,3.35,26.2686
BEFga72DF3U,Kendrick Law,3.4,26.8458
BEFga72DF3U,Kendrick Law,3.45,27.425
BEFga72DF3U,Kendrick Law,3.5,28.0062
BEFga72DF3U,Kendrick Law,3.55,28.5892
BEFga72DF3U,Kendrick Law,3.6,29.1742
BEFga72DF3U,Kendrick Law,3.65,29.7609
BEFga72DF3U,Kendrick Law,3.7,30.3493
BEFga72DF3U,Kendrick Law,3.75,30.9393
BEFga72DF3U,Kendrick Law,3.8,31.531
BEFga72DF3U,Kendrick Law,3.85,32.1242
BEFga72DF3U,Kendrick Law,3.9,32.7189
BEFga72DF3U,Kendrick Law,3.95,33.315
BEFga72DF3U,Kendrick Law,4.0,33.9125
BEFga72DF3U,Kendrick Law,4.05,34.5114
BEFga72DF3U,Kendrick Law,4.1,35.1115
BEFga72DF3U,Kendrick Law,4.15,35.7129
BEFga72DF3U,Kendrick Law,4.2,36.3155
BEFga72DF3U,Kendrick Law,4.25,36.9193
BEFga72DF3U,Kendrick Law,4.3,37.5242
BEFga72DF3U,Kendrick Law,4.35,38.1301
BEFga72DF3U,Kendrick Law,4.4,38.7371
BEFga72DF3U,Kendrick Law,4.45,39.3452
BEFga72DF3U,Kendrick Law,4.5,39.9542
BEFga72DF3U,Brenen Thompson,0.0,0.0
BEFga72DF3U,Brenen Thompson,0.05,0.0126
BEFga72DF3U,Brenen Thompson,0.1,0.0497
BEFga72DF3U,Brenen Thompson,0.15,0.1103
BEFga72DF3U,Brenen Thompson,0.2,0.1936
BEFga72DF3U,Brenen Thompson,0.25,0.2987
BEFga72DF3U,Brenen Thompson,0.3,0.4247
BEFga72DF3U,Brenen Thompson,0.35,0.5709
BEFga72DF3U,Brenen Thompson,0.4,0.7364
BEFga72DF3U,Brenen Thompson,0.45,0.9206
BEFga72DF3U,Brenen Thompson,0.5,1.1227
BEFga72DF3U,Brenen Thompson,0.55,1.342
BEFga72DF3U,Brenen Thompson,0.6,1.5778
BEFga72DF3U,Brenen Thompson,0.65,1.8296
BEFga72DF3U,Brenen Thompson,0.7,2.0967
BEFga72DF3U,Brenen Thompson,0.75,2.3785
BEFga72DF3U,Brenen Thompson,0.8,2.6744
BEFga72DF3U,Brenen Thompson,0.85,2.984
BEFga72DF3U,Brenen Thompson,0.9,3.3067
BEFga72DF3U,Brenen Thompson,0.95,3.6419
BEFga72DF3U,Brenen Thompson,1.0,3.9892
BEFga72DF3U,Brenen Thompson,1.05,4.3482
BEFga72DF3U,Brenen Thompson,1.1,4.7184
BEFga72DF3U,Brenen Thompson,1.15,5.0993
BEFga72DF3U,Brenen Thompson,1.2,5.4905
BEFga72DF3U,Brenen Thompson,1.25,5.8918
BEFga72DF3U,Brenen Thompson,1.3,6.3025
BEFga72DF3U,Brenen Thompson,1.35,6.7225
BEFga72DF3U,Brenen Thompson,1.4,7.1513
BEFga72DF3U,Brenen Thompson,1.45,7.5886
BEFga72DF3U,Brenen Thompson,1.5,8.0341
BEFga72DF3U,Brenen Thompson,1.55,8.4875
BEFga72DF3U,Brenen Thompson,1.6,8.9484
BEFga72DF3U,Brenen Thompson,1.65,9.4166
BEFga72DF3U,Brenen Thompson,1.7,9.8917
BEFga72DF3U,Brenen Thompson,1.75,10.3736
BEFga72DF3U,Brenen Thompson,1.8,10.862
BEFga72DF3U,Brenen Thompson,1.85,11.3566
BEFga72DF3U,Brenen Thompson,1.9,11.8571
BEFga72DF3U,Brenen Thompson,1.95,12.3634
BEFga72DF3U,Brenen Thompson,2.0,12.8752
BEFga72DF3U,Brenen Thompson,2.05,13.3923
BEFga72DF3U,Brenen Thompson,2.1,13.9146
BEFga72DF3U,Brenen Thompson,2.15,14.4417
BEFga72DF3U,Brenen Thompson,2.2,14.9736
BEFga72DF3U,Brenen Thompson,2.25,15.51
BEFga72DF3U,Brenen Thompson,2.3,16.0508
BEFga72DF3U,Brenen Thompson,2.35,16.5958
BEFga72DF3U,Brenen Thompson,2.4,17.1448
BEFga72DF3U,Brenen Thompson,2.45,17.6977
BEFga72DF3U,Brenen Thompson,2.5,18.2543
BEFga72DF3U,Brenen Thompson,2.55,18.8145
BEFga72DF3U,Brenen Thompson,2.6,19.3782
BEFga72DF3U,Brenen Thompson,2.65,19.9452
BEFga72DF3U,Brenen Thompson,2.7,20.5154
BEFga72DF3U,Brenen Thompson,2.75,21.0886
BEFga72DF3U,Brenen Thompson,2.8,21.6648
BEFga72DF3U,Brenen Thompson,2.85,22.2438
BEFga72DF3U,Brenen Thompson,2.9,22.8256
BEFga72DF3U,Brenen Thompson,2.95,23.41
BEFga72DF3U,Brenen Thompson,3.0,23.9969
BEFga72DF3U,Brenen Thompson,3.05,24.5862
BEFga72DF3U,Brenen Thompson,3.1,25.1779
BEFga72DF3U,Brenen Thompson,3.15,25.7718
BEFga72DF3U,Brenen Thompson,3.2,26.3679
BEFga72DF3U,Brenen Thompson,3.25,26.966
BEFga72DF3U,Brenen Thompson,3.3,27.5661
BEFga72DF3U,Brenen Thompson,3.35,28.1682
BEFga72DF3U,Brenen Thompson,3.4,28.7721
BEFga72DF3U,Brenen Thompson,3.45,29.3777
BEFga72DF3U,Brenen Thompson,3.5,29.9851
BEFga72DF3U,Brenen Thompson,3.55,30.5941
BEFga72DF3U,Brenen Thompson,3.6,31.2047
BEFga72DF3U,Brenen Thompson,3.65,31.8168
BEFga72DF3U,Brenen Thompson,3.7,32.4304
BEFga72DF3U,Brenen Thompson,3.75,33.0453
BEFga72DF3U,Brenen Thompson,3.8,33.6616
BEFga72DF3U,Brenen Thompson,3.85,34.2792
BEFga72DF3U,Brenen Thompson,3.9,34.8981
BEFga72DF3U,Brenen Thompson,3.95,35.5181
BEFga72DF3U,Brenen Thompson,4.0,36.1393
BEFga72DF3U,Brenen Thompson,4.05,36.7616
BEFga72DF3U,Brenen Thompson,4.1,37.385
BEFga72DF3U,Brenen Thompson,4.15,38.0094
BEFga72DF3U,Brenen Thompson,4.2,38.6348
BEFga72DF3U,Brenen Thompson,4.25,39.2611
BEFga72DF3U,Colbie Young,0.0,0.0
BEFga72DF3U,Colbie Young,0.05,0.0111
BEFga72DF3U,Colbie Young,0.1,0.0438
BEFga72DF3U,Colbie Young,0.15,0.0975
BEFga72DF3U,Colbie Young,0.2,0.1714
BEFga72DF3U,Colbie Young,0.25,0.2647
BEFga72DF3U,Colbie Young,0.3,0.3769
BEFga72DF3U,Colbie Young,0.35,0.5072
BEFga72DF3U,Colbie Young,0.4,0.6551
BEFga72DF3U,Colbie Young,0.45,0.8199
BEFga72DF3U,Colbie Young,0.5,1.001
BEFga72DF3U,Colbie Young,0.55,1.1979
BEFga72DF3U,Colbie Young,0.6,1.41
BEFga72DF3U,Colbie Young,0.65,1.6368
BEFga72DF3U,Colbie Young,0.7,1.8778
BEFga72DF3U,Colbie Young,0.75,2.1325
BEFga72DF3U,Colbie Young,0.8,2.4004
BEFga72DF3U,Colbie Young,0.85,2.6811
BEFga72DF3U,Colbie Young,0.9,2.974
BEFga72DF3U,Colbie Young,0.95,3.2789
BEFga72DF3U,Colbie Young,1.0,3.5953
BEFga72DF3U,Colbie Young,1.05,3.9227
BEFga72DF3U,Colbie Young,1.1,4.2608
BEFga72DF3U,Colbie Young,1.15,4.6092
BEFga72DF3U,Colbie Young,1.2,4.9677
BEFga72DF3U,Colbie Young,1.25,5.3357
BEFga72DF3U,Colbie Young,1.3,5.713
BEFga72DF3U,Colbie Young,1.35,6.0993
BEFga72DF3U,Colbie Young,1.4,6.4942
BEFga72DF3U,Colbie Young,1.45,6.8975
BEFga72DF3U,Colbie Young,1.5,7.3089
BEFga72DF3U,Colbie Young,1.55,7.728
BEFga72DF3U,Colbie Young,1.6,8.1546
BEFga72DF3U,Colbie Young,1.65,8.5885
BEFga72DF3U,Colbie Young,1.7,9.0294
BEFga72DF3U,Colbie Young,1.75,9.4771
BEFga72DF3U,Colbie Young,1.8,9.9313
BEFga72DF3U,Colbie Young,1.85,10.3918
BEFga72DF3U,Colbie Young,1.9,10.8583
BEFga72DF3U,Colbie Young,1.95,11.3308
BEFga72DF3U,Colbie Young,2.0,11.8088
BEFga72DF3U,Colbie Young,2.05,12.2924
BEFga72DF3U,Colbie Young,2.1,12.7813
BEFga72DF3U,Colbie Young,2.15,13.2752
BEFga72DF3U,Colbie Young,2.2,13.774
BEFga72DF3U,Colbie Young,2.25,14.2777
BEFga72DF3U,Colbie Young,2.3,14.7858
BEFga72DF3U,Colbie Young,2.35,15.2985
BEFga72DF3U,Colbie Young,2.4,15.8153
BEFga72DF3U,Colbie Young,2.45,16.3363
BEFga72DF3U,Colbie Young,2.5,16.8613
BEFga72DF3U,Colbie Young,2.55,17.3902
BEFga72DF3U,Colbie Young,2.6,17.9227
BEFga72DF3U,Colbie Young,2.65,18.4588
BEFga72DF3U,Colbie Young,2.7,18.9984
BEFga72DF3U,Colbie Young,2.75,19.5413
BEFga72DF3U,Colbie Young,2.8,20.0874
BEFga72DF3U,Colbie Young,2.85,20.6367
BEFga72DF3U,Colbie Young,2.9,21.1889
BEFga72DF3U,Colbie Young,2.95,21.744
BEFga72DF3U,Colbie Young,3.0,22.302
BEFga72DF3U,Colbie Young,3.05,22.8626
BEFga72DF3U,Colbie Young,3.1,23.4258
BEFga72DF3U,Colbie Young,3.15,23.9916
BEFga72DF3U,Colbie Young,3.2,24.5598
BEFga72DF3U,Colbie Young,3.25,25.1303
BEFga72DF3U,Colbie Young,3.3,25.7031
BEFga72DF3U,Colbie Young,3.35,26.2781
BEFga72DF3U,Colbie Young,3.4,26.8551
BEFga72DF3U,Colbie Young,3.45,27.4342
BEFga72DF3U,Colbie Young,3.5,28.0153
BEFga72DF3U,Colbie Young,3.55,28.5983
BEFga72DF3U,Colbie Young,3.6,29.1831
BEFga72DF3U,Colbie Young,3.65,29.7697
BEFga72DF3U,Colbie Young,3.7,30.358
BEFga72DF3U,Colbie Young,3.75,30.9479
BEFga72DF3U,Colbie Young,3.8,31.5394
BEFga72DF3U,Colbie Young,3.85,32.1324
BEFga72DF3U,Colbie Young,3.9,32.727
BEFga72DF3U,Colbie Young,3.95,33.3229
BEFga72DF3U,Colbie Young,4.0,33.9203
BEFga72DF3U,Colbie Young,4.05,34.5189
BEFga72DF3U,Colbie Young,4.1,35.1189
BEFga72DF3U,Colbie Young,4.15,35.7201
BEFga72DF3U,Colbie Young,4.2,36.3225
BEFga72DF3U,Colbie Young,4.25,36.926
BEFga72DF3U,Colbie Young,4.3,37.5307
BEFga72DF3U,Colbie Young,4.35,38.1365
BEFga72DF3U,Colbie Young,4.4,38.7432
BEFga72DF3U,Colbie Young,4.45,39.351
LDqozfzjaNU,Marvin Jones Jr.,0.0,0.0
LDqozfzjaNU,Marvin Jones Jr.,0.05,0.0114
LDqozfzjaNU,Marvin Jones Jr.,0.1,0.0449
LDqozfzjaNU,Marvin Jones Jr.,0.15,0.0997
LDqozfzjaNU,Marvin Jones Jr.,0.2,0.175
LDqozfzjaNU,Marvin Jones Jr.,0.25,0.2698
LDqozfzjaNU,Marvin Jones Jr.,0.3,0.3835
LDqozfzjaNU,Marvin Jones Jr.,0.35,0.5153
LDqozfzjaNU,Marvin Jones Jr.,0.4,0.6644
LDqozfzjaNU,Marvin Jones Jr.,0.45,0.8302
LDqozfzjaNU,Marvin Jones Jr.,0.5,1.0119
LDqozfzjaNU,Marvin Jones Jr.,0.55,1.2091
LDqozfzjaNU,Marvin Jones Jr.,0.6,1.4209
LDqozfzjaNU,Marvin Jones Jr.,0.65,1.647
LDqozfzjaNU,Marvin Jones Jr.,0.7,1.8866
LDqozfzjaNU,Marvin Jones Jr.,0.75,2.1392
LDqozfzjaNU,Marvin Jones Jr.,0.8,2.4044
LDqozfzjaNU,Marvin Jones Jr.,0.85,2.6816
LDqozfzjaNU,Marvin Jones Jr.,0.9,2.9704
LDqozfzjaNU,Marvin Jones Jr.,0.95,3.2703
LDqozfzjaNU,Marvin Jones Jr.,1.0,3.5807
LDqozfzjaNU,Marvin Jones Jr.,1.05,3.9015
LDqozfzjaNU,Marvin Jones Jr.,1.1,4.232
LDqozfzjaNU,Marvin Jones Jr.,1.15,4.5719
LDqozfzjaNU,Marvin Jones Jr.,1.2,4.9209
LDqozfzjaNU,Marvin Jones Jr.,1.25,5.2785
LDqozfzjaNU,Marvin Jones Jr.,1.3,5.6445
LDqozfzjaNU,Marvin Jones Jr.,1.35,6.0185
LDqozfzjaNU,Marvin Jones Jr.,1.4,6.4002
LDqozfzjaNU,Marvin Jones Jr.,1.45,6.7893
LDqozfzjaNU,Marvin Jones Jr.,1.5,7.1854
LDqozfzjaNU,Marvin Jones Jr.,1.55,7.5883
LDqozfzjaNU,Marvin Jones Jr.,1.6,7.9978
LDqozfzjaNU,Marvin Jones Jr.,1.65,8.4135
LDqozfzjaNU,Marvin Jones Jr.,1.7,8.8352
LDqozfzjaNU,Marvin Jones Jr.,1.75,9.2628
LDqozfzjaNU,Marvin Jones Jr.,1.8,9.6958
LDqozfzjaNU,Marvin Jones Jr.,1.85,10.1342
LDqozfzjaNU,Marvin Jones Jr.,1.9,10.5777
LDqozfzjaNU,Marvin Jones Jr.,1.95,11.0261
LDqozfzjaNU,Marvin Jones Jr.,2.0,11.4792
LDqozfzjaNU,Marvin Jones Jr.,2.05,11.9369
LDqozfzjaNU,Marvin Jones Jr.,2.1,12.3988
LDqozfzjaNU,Marvin Jones Jr.,2.15,12.865
LDqozfzjaNU,Marvin Jones Jr.,2.2,13.3351
LDqozfzjaNU,Marvin Jones Jr.,2.25,13.8091
LDqozfzjaNU,Marvin Jones Jr.,2.3,14.2868
LDqozfzjaNU,Marvin Jones Jr.,2.35,14.768
LDqozfzjaNU,Marvin Jones Jr.,2.4,15.2527
LDqozfzjaNU,Marvin Jones Jr.,2.45,15.7406
LDqozfzjaNU,Marvin Jones Jr.,2.5,16.2316
LDqozfzjaNU,Marvin Jones Jr.,2.55,16.7256
LDqozfzjaNU,Marvin Jones Jr.,2.6,17.2226
LDqozfzjaNU,Marvin Jones Jr.,2.65,17.7223
LDqozfzjaNU,Marvin Jones Jr.,2.7,18.2246
LDqozfzjaNU,Marvin Jones Jr.,2.75,18.7295
LDqozfzjaNU,Marvin Jones Jr.,2.8,19.2369
LDqozfzjaNU,Marvin Jones Jr.,2.85,19.7466
LDqozfzjaNU,Marvin Jones Jr.,2.9,20.2586
LDqozfzjaNU,Marvin Jones Jr.,2.95,20.7728
LDqozfzjaNU,Marvin Jones Jr.,3.0,21.2891
LDqozfzjaNU,Marvin Jones Jr.,3.05,21.8073
LDqozfzjaNU,Marvin Jones Jr.,3.1,22.3275
LDqozfzjaNU,Marvin Jones Jr.,3.15,22.8495
LDqozfzjaNU,Marvin Jones Jr.,3.2,23.3733
LDqozfzjaNU,Marvin Jones Jr.,3.25,23.8988
LDqozfzjaNU,Marvin Jones Jr.,3.3,24.4259
LDqozfzjaNU,Marvin Jones Jr.,3.35,24.9546
LDqozfzjaNU,Marvin Jones Jr.,3.4,25.4848
LDqozfzjaNU,Marvin Jones Jr.,3.45,26.0165
LDqozfzjaNU,Marvin Jones Jr.,3.5,26.5495
LDqozfzjaNU,Marvin Jones Jr.,3.55,27.0839
LDqozfzjaNU,Marvin Jones Jr.,3.6,27.6195
LDqozfzjaNU,Marvin Jones Jr.,3.65,28.1564
LDqozfzjaNU,Marvin Jones Jr.,3.7,28.6945
LDqozfzjaNU,Marvin Jones Jr.,3.75,29.2336
LDqozfzjaNU,Marvin Jones Jr.,3.8,29.7739
LDqozfzjaNU,Marvin Jones Jr.,3.85,30.3152
LDqozfzjaNU,Marvin Jones Jr.,3.9,30.8575
LDqozfzjaNU,Marvin Jones Jr.,3.95,31.4008
LDqozfzjaNU,Marvin Jones Jr.,4.0,31.945
LDqozfzjaNU,Marvin Jones Jr.,4.05,32.4901
LDqozfzjaNU,Marvin Jones Jr.,4.1,33.036
LDqozfzjaNU,Marvin Jones Jr.,4.15,33.5828
LDqozfzjaNU,Marvin Jones Jr.,4.2,34.1303
LDqozfzjaNU,Marvin Jones Jr.,4.25,34.6786
LDqozfzjaNU,Marvin Jones Jr.,4.3,35.2277
LDqozfzjaNU,Marvin Jones Jr.,4.35,35.7774
LDqozfzjaNU,Marvin Jones Jr.,4.4,36.3277
LDqozfzjaNU,Marvin Jones Jr.,4.45,36.8788
LDqozfzjaNU,Marvin Jones Jr.,4.5,37.4304
LDqozfzjaNU,Marvin Jones Jr.,4.55,37.9826
LDqozfzjaNU,Marvin Jones Jr.,4.6,38.5354
LDqozfzjaNU,Marvin Jones Jr.,4.65,39.0887
LDqozfzjaNU,Marvin Jones Jr.,4.7,39.6426
LDqozfzjaNU,Malachi Lawrence,0.0,0.0
LDqozfzjaNU,Malachi Lawrence,0.05,0.0142
LDqozfzjaNU,Malachi Lawrence,0.1,0.0558
LDqozfzjaNU,Malachi Lawrence,0.15,0.1235
LDqozfzjaNU,Malachi Lawrence,0.2,0.216
LDqozfzjaNU,Malachi Lawrence,0.25,0.332
LDqozfzjaNU,Malachi Lawrence,0.3,0.4703
LDqozfzjaNU,Malachi Lawrence,0.35,0.6298
LDqozfzjaNU,Malachi Lawrence,0.4,0.8094
LDqozfzjaNU,Malachi Lawrence,0.45,1.0082
LDqozfzjaNU,Malachi Lawrence,0.5,1.2252
LDqozfzjaNU,Malachi Lawrence,0.55,1.4594
LDqozfzjaNU,Malachi Lawrence,0.6,1.71
LDqozfzjaNU,Malachi Lawrence,0.65,1.9761
LDqozfzjaNU,Malachi Lawrence,0.7,2.2571
LDqozfzjaNU,Malachi Lawrence,0.75,2.5521
LDqozfzjaNU,Malachi Lawrence,0.8,2.8604
LDqozfzjaNU,Malachi Lawrence,0.85,3.1814
LDqozfzjaNU,Malachi Lawrence,0.9,3.5144
LDqozfzjaNU,Malachi Lawrence,0.95,3.8589
LDqozfzjaNU,Malachi Lawrence,1.0,4.2142
LDqozfzjaNU,Malachi Lawrence,1.05,4.5798
LDqozfzjaNU,Malachi Lawrence,1.1,4.9552
LDqozfzjaNU,Malachi Lawrence,1.15,5.3398
LDqozfzjaNU,Malachi Lawrence,1.2,5.7334
LDqozfzjaNU,Malachi Lawrence,1.25,6.1353
LDqozfzjaNU,Malachi Lawrence,1.3,6.5451
LDqozfzjaNU,Malachi Lawrence,1.35,6.9626
LDqozfzjaNU,Malachi Lawrence,1.4,7.3872
LDqozfzjaNU,Malachi Lawrence,1.45,7.8186
LDqozfzjaNU,Malachi Lawrence,1.5,8.2565
LDqozfzjaNU,Malachi Lawrence,1.55,8.7006
LDqozfzjaNU,Malachi Lawrence,1.6,9.1505
LDqozfzjaNU,Malachi Lawrence,1.65,9.606
LDqozfzjaNU,Malachi Lawrence,1.7,10.0668
LDqozfzjaNU,Malachi Lawrence,1.75,10.5325
LDqozfzjaNU,Malachi Lawrence,1.8,11.003
LDqozfzjaNU,Malachi Lawrence,1.85,11.4781
LDqozfzjaNU,Malachi Lawrence,1.9,11.9574
LDqozfzjaNU,Malachi Lawrence,1.95,12.4408
LDqozfzjaNU,Malachi Lawrence,2.0,12.928
LDqozfzjaNU,Malachi Lawrence,2.05,13.419
LDqozfzjaNU,Malachi Lawrence,2.1,13.9134
LDqozfzjaNU,Malachi Lawrence,2.15,14.4112
LDqozfzjaNU,Malachi Lawrence,2.2,14.9121
LDqozfzjaNU,Malachi Lawrence,2.25,15.416
LDqozfzjaNU,Malachi Lawrence,2.3,15.9227
LDqozfzjaNU,Malachi Lawrence,2.35,16.4321
LDqozfzjaNU,Malachi Lawrence,2.4,16.9441
LDqozfzjaNU,Malachi Lawrence,2.45,17.4585
LDqozfzjaNU,Malachi Lawrence,2.5,17.9753
LDqozfzjaNU,Malachi Lawrence,2.55,18.4942
LDqozfzjaNU,Malachi Lawrence,2.6,19.0152
LDqozfzjaNU,Malachi Lawrence,2.65,19.5382
LDqozfzjaNU,Malachi Lawrence,2.7,20.0631
LDqozfzjaNU,Malachi Lawrence,2.75,20.5898
LDqozfzjaNU,Malachi Lawrence,2.8,21.1181
LDqozfzjaNU,Malachi Lawrence,2.85,21.6481
LDqozfzjaNU,Malachi Lawrence,2.9,22.1796
LDqozfzjaNU,Malachi Lawrence,2.95,22.7125
LDqozfzjaNU,Malachi Lawrence,3.0,23.2469
LDqozfzjaNU,Malachi Lawrence,3.05,23.7825
LDqozfzjaNU,Malachi Lawrence,3.1,24.3194
LDqozfzjaNU,Malachi Lawrence,3.15,24.8575
LDqozfzjaNU,Malachi Lawrence,3.2,25.3967
LDqozfzjaNU,Malachi Lawrence,3.25,25.937
LDqozfzjaNU,Malachi Lawrence,3.3,26.4782
LDqozfzjaNU,Malachi Lawrence,3.35,27.0205
LDqozfzjaNU,Malachi Lawrence,3.4,27.5636
LDqozfzjaNU,Malachi Lawrence,3.45,28.1077
LDqozfzjaNU,Malachi Lawrence,3.5,28.6525
LDqozfzjaNU,Malachi Lawrence,3.55,29.1981
LDqozfzjaNU,Malachi Lawrence,3.6,29.7445
LDqozfzjaNU,Malachi Lawrence,3.65,30.2916
LDqozfzjaNU,Malachi Lawrence,3.7,30.8393
LDqozfzjaNU,Malachi Lawrence,3.75,31.3877
LDqozfzjaNU,Malachi Lawrence,3.8,31.9367
LDqozfzjaNU,Malachi Lawrence,3.85,32.4863
LDqozfzjaNU,Malachi Lawrence,3.9,33.0364
LDqozfzjaNU,Malachi Lawrence,3.95,33.587
LDqozfzjaNU,Malachi Lawrence,4.0,34.1382
LDqozfzjaNU,Malachi Lawrence,4.05,34.6898
LDqozfzjaNU,Malachi Lawrence,4.1,35.2418
LDqozfzjaNU,Malachi Lawrence,4.15,35.7943
LDqozfzjaNU,Malachi Lawrence,4.2,36.3471
LDqozfzjaNU,Malachi Lawrence,4.25,36.9004
LDqozfzjaNU,Malachi Lawrence,4.3,37.454
LDqozfzjaNU,Malachi Lawrence,4.35,38.0079
LDqozfzjaNU,Malachi Lawrence,4.4,38.5622
LDqozfzjaNU,Malachi Lawrence,4.45,39.1168
LDqozfzjaNU,Malachi Lawrence,4.5,39.6716
LDqozfzjaNU,Trey Moore,0.0,0.0
LDqozfzjaNU,Trey Moore,0.05,0.0138
LDqozfzjaNU,Trey Moore,0.1,0.0544
LDqozfzjaNU,Trey Moore,0.15,0.1205
LDqozfzjaNU,Trey Moore,0.2,0.2108
LDqozfzjaNU,Trey Moore,0.25,0.3241
LDqozfzjaNU,Trey Moore,0.3,0.4593
LDqozfzjaNU,Trey Moore,0.35,0.6153
LDqozfzjaNU,Trey Moore,0.4,0.7911
LDqozfzjaNU,Trey Moore,0.45,0.9857
LDqozfzjaNU,Trey Moore,0.5,1.1983
LDqozfzjaNU,Trey Moore,0.55,1.4278
LDqozfzjaNU,Trey Moore,0.6,1.6736
LDqozfzjaNU,Trey Moore,0.65,1.9347
LDqozfzjaNU,Trey Moore,0.7,2.2105
LDqozfzjaNU,Trey Moore,0.75,2.5002
LDqozfzjaNU,Trey Moore,0.8,2.8032
LDqozfzjaNU,Trey Moore,0.85,3.1188
LDqozfzjaNU,Trey Moore,0.9,3.4463
LDqozfzjaNU,Trey Moore,0.95,3.7852
LDqozfzjaNU,Trey Moore,1.0,4.135
LDqozfzjaNU,Trey Moore,1.05,4.495
LDqozfzjaNU,Trey Moore,1.1,4.8648
LDqozfzjaNU,Trey Moore,1.15,5.244
LDqozfzjaNU,Trey Moore,1.2,5.632
LDqozfzjaNU,Trey Moore,1.25,6.0284
LDqozfzjaNU,Trey Moore,1.3,6.4329
LDqozfzjaNU,Trey Moore,1.35,6.8449
LDqozfzjaNU,Trey Moore,1.4,7.2642
LDqozfzjaNU,Trey Moore,1.45,7.6904
LDqozfzjaNU,Trey Moore,1.5,8.1231
LDqozfzjaNU,Trey Moore,1.55,8.5621
LDqozfzjaNU,Trey Moore,1.6,9.007
LDqozfzjaNU,Trey Moore,1.65,9.4575
LDqozfzjaNU,Trey Moore,1.7,9.9134
LDqozfzjaNU,Trey Moore,1.75,10.3744
LDqozfzjaNU,Trey Moore,1.8,10.8402
LDqozfzjaNU,Trey Moore,1.85,11.3106
LDqozfzjaNU,Trey Moore,1.9,11.7854
LDqozfzjaNU,Trey Moore,1.95,12.2644
LDqozfzjaNU,Trey Moore,2.0,12.7473
LDqozfzjaNU,Trey Moore,2.05,13.234
LDqozfzjaNU,Trey Moore,2.1,13.7243
LDqozfzjaNU,Trey Moore,2.15,14.218
LDqozfzjaNU,Trey Moore,2.2,14.7149
LDqozfzjaNU,Trey Moore,2.25,15.2149
LDqozfzjaNU,Trey Moore,2.3,15.7179
LDqozfzjaNU,Trey Moore,2.35,16.2236
LDqozfzjaNU,Trey Moore,2.4,16.732
LDqozfzjaNU,Trey Moore,2.45,17.2429
LDqozfzjaNU,Trey Moore,2.5,17.7562
LDqozfzjaNU,Trey Moore,2.55,18.2718
LDqozfzjaNU,Trey Moore,2.6,18.7895
LDqozfzjaNU,Trey Moore,2.65,19.3093
LDqozfzjaNU,Trey Moore,2.7,19.8311
LDqozfzjaNU,Trey Moore,2.75,20.3547
LDqozfzjaNU,Trey Moore,2.8,20.8801
LDqozfzjaNU,Trey Moore,2.85,21.4072
LDqozfzjaNU,Trey Moore,2.9,21.9359
LDqozfzjaNU,Trey Moore,2.95,22.4661
LDqozfzjaNU,Trey Moore,3.0,22.9977
LDqozfzjaNU,Trey Moore,3.05,23.5308
LDqozfzjaNU,Trey Moore,3.1,24.0651
LDqozfzjaNU,Trey Moore,3.15,24.6007
LDqozfzjaNU,Trey Moore,3.2,25.1375
LDqozfzjaNU,Trey Moore,3.25,25.6754
LDqozfzjaNU,Trey Moore,3.3,26.2144
LDqozfzjaNU,Trey Moore,3.35,26.7544
LDqozfzjaNU,Trey Moore,3.4,27.2954
LDqozfzjaNU,Trey Moore,3.45,27.8372
LDqozfzjaNU,Trey Moore,3.5,28.38
LDqozfzjaNU,Trey Moore,3.55,28.9236
LDqozfzjaNU,Trey Moore,3.6,29.468
LDqozfzjaNU,Trey Moore,3.65,30.0132
LDqozfzjaNU,Trey Moore,3.7,30.559
LDqozfzjaNU,Trey Moore,3.75,31.1056
LDqozfzjaNU,Trey Moore,3.8,31.6528
LDqozfzjaNU,Trey Moore,3.85,32.2006
LDqozfzjaNU,Trey Moore,3.9,32.749
LDqozfzjaNU,Trey Moore,3.95,33.2979
LDqozfzjaNU,Trey Moore,4.0,33.8474
LDqozfzjaNU,Trey Moore,4.05,34.3974
LDqozfzjaNU,Trey Moore,4.1,34.9479
LDqozfzjaNU,Trey Moore,4.15,35.4988
LDqozfzjaNU,Trey Moore,4.2,36.0502
LDqozfzjaNU,Trey Moore,4.25,36.6019
LDqozfzjaNU,Trey Moore,4.3,37.1541
LDqozfzjaNU,Trey Moore,4.35,37.7066
LDqozfzjaNU,Trey Moore,4.4,38.2595
LDqozfzjaNU,Trey Moore,4.45,38.8127
LDqozfzjaNU,Trey Moore,4.5,39.3663
LDqozfzjaNU,Trey Moore,4.55,39.9201
LDqozfzjaNU,Tomarrion Parker,0.0,0.0
LDqozfzjaNU,Tomarrion Parker,0.05,0.013
LDqozfzjaNU,Tomarrion Parker,0.1,0.0511
LDqozfzjaNU,Tomarrion Parker,0.15,0.1132
LDqozfzjaNU,Tomarrion Parker,0.2,0.1981
LDqozfzjaNU,Tomarrion Parker,0.25,0.3048
LDqozfzjaNU,Tomarrion Parker,0.3,0.4322
LDqozfzjaNU,Tomarrion Parker,0.35,0.5794
LDqozfzjaNU,Tomarrion Parker,0.4,0.7453
LDqozfzjaNU,Tomarrion Parker,0.45,0.9292
LDqozfzjaNU,Tomarrion Parker,0.5,1.1302
LDqozfzjaNU,Tomarrion Parker,0.55,1.3475
LDqozfzjaNU,Tomarrion Parker,0.6,1.5803
LDqozfzjaNU,Tomarrion Parker,0.65,1.8278
LDqozfzjaNU,Tomarrion Parker,0.7,2.0895
LDqozfzjaNU,Tomarrion Parker,0.75,2.3645
LDqozfzjaNU,Tomarrion Parker,0.8,2.6524
LDqozfzjaNU,Tomarrion Parker,0.85,2.9524
LDqozfzjaNU,Tomarrion Parker,0.9,3.2641
LDqozfzjaNU,Tomarrion Parker,0.95,3.5867
LDqozfzjaNU,Tomarrion Parker,1.0,3.92
LDqozfzjaNU,Tomarrion Parker,1.05,4.2633
LDqozfzjaNU,Tomarrion Parker,1.1,4.6161
LDqozfzjaNU,Tomarrion Parker,1.15,4.9781
LDqozfzjaNU,Tomarrion Parker,1.2,5.3487
LDqozfzjaNU,Tomarrion Parker,1.25,5.7276
LDqozfzjaNU,Tomarrion Parker,1.3,6.1144
LDqozfzjaNU,Tomarrion Parker,1.35,6.5087
LDqozfzjaNU,Tomarrion Parker,1.4,6.9102
LDqozfzjaNU,Tomarrion Parker,1.45,7.3185
LDqozfzjaNU,Tomarrion Parker,1.5,7.7333
LDqozfzjaNU,Tomarrion Parker,1.55,8.1543
LDqozfzjaNU,Tomarrion Parker,1.6,8.5812
LDqozfzjaNU,Tomarrion Parker,1.65,9.0137
LDqozfzjaNU,Tomarrion Parker,1.7,9.4516
LDqozfzjaNU,Tomarrion Parker,1.75,9.8946
LDqozfzjaNU,Tomarrion Parker,1.8,10.3425
LDqozfzjaNU,Tomarrion Parker,1.85,10.7949
LDqozfzjaNU,Tomarrion Parker,1.9,11.2518
LDqozfzjaNU,Tomarrion Parker,1.95,11.7129
LDqozfzjaNU,Tomarrion Parker,2.0,12.1781
LDqozfzjaNU,Tomarrion Parker,2.05,12.647
LDqozfzjaNU,Tomarrion Parker,2.1,13.1196
LDqozfzjaNU,Tomarrion Parker,2.15,13.5956
LDqozfzjaNU,Tomarrion Parker,2.2,14.075
LDqozfzjaNU,Tomarrion Parker,2.25,14.5575
LDqozfzjaNU,Tomarrion Parker,2.3,15.043
LDqozfzjaNU,Tomarrion Parker,2.35,15.5313
LDqozfzjaNU,Tomarrion Parker,2.4,16.0224
LDqozfzjaNU,Tomarrion Parker,2.45,16.5161
LDqozfzjaNU,Tomarrion Parker,2.5,17.0122
LDqozfzjaNU,Tomarrion Parker,2.55,17.5107
LDqozfzjaNU,Tomarrion Parker,2.6,18.0115
LDqozfzjaNU,Tomarrion Parker,2.65,18.5144
LDqozfzjaNU,Tomarrion Parker,2.7,19.0193
LDqozfzjaNU,Tomarrion Parker,2.75,19.5262
LDqozfzjaNU,Tomarrion Parker,2.8,20.0349
LDqozfzjaNU,Tomarrion Parker,2.85,20.5454
LDqozfzjaNU,Tomarrion Parker,2.9,21.0576
LDqozfzjaNU,Tomarrion Parker,2.95,21.5713
LDqozfzjaNU,Tomarrion Parker,3.0,22.0866
LDqozfzjaNU,Tomarrion Parker,3.05,22.6034
LDqozfzjaNU,Tomarrion Parker,3.1,23.1215
LDqozfzjaNU,Tomarrion Parker,3.15,23.641
LDqozfzjaNU,Tomarrion Parker,3.2,24.1617
LDqozfzjaNU,Tomarrion Parker,3.25,24.6836
LDqozfzjaNU,Tomarrion Parker,3.3,25.2066
LDqozfzjaNU,Tomarrion Parker,3.35,25.7308
LDqozfzjaNU,Tomarrion Parker,3.4,26.2559
LDqozfzjaNU,Tomarrion Parker,3.45,26.7821
LDqozfzjaNU,Tomarrion Parker,3.5,27.3092
LDqozfzjaNU,Tomarrion Parker,3.55,27.8372
LDqozfzjaNU,Tomarrion Parker,3.6,28.366
LDqozfzjaNU,Tomarrion Parker,3.65,28.8957
LDqozfzjaNU,Tomarrion Parker,3.7,29.4261
LDqozfzjaNU,Tomarrion Parker,3.75,29.9573
LDqozfzjaNU,Tomarrion Parker,3.8,30.4892
LDqozfzjaNU,Tomarrion Parker,3.85,31.0218
LDqozfzjaNU,Tomarrion Parker,3.9,31.5549
LDqozfzjaNU,Tomarrion Parker,3.95,32.0887
LDqozfzjaNU,Tomarrion Parker,4.0,32.6231
LDqozfzjaNU,Tomarrion Parker,4.05,33.1581
LDqozfzjaNU,Tomarrion Parker,4.1,33.6935
LDqozfzjaNU,Tomarrion Parker,4.15,34.2295
LDqozfzjaNU,Tomarrion Parker,4.2,34.7659
LDqozfzjaNU,Tomarrion Parker,4.25,35.3028
LDqozfzjaNU,Tomarrion Parker,4.3,35.8402
LDqozfzjaNU,Tomarrion Parker,4.35,36.3779
LDqozfzjaNU,Tomarrion Parker,4.4,36.9161
LDqozfzjaNU,Tomarrion Parker,4.45,37.4546
LDqozfzjaNU,Tomarrion Parker,4.5,37.9935
LDqozfzjaNU,Tomarrion Parker,4.55,38.5327
LDqozfzjaNU,Tomarrion Parker,4.6,39.0722
LDqozfzjaNU,Tomarrion Parker,4.65,39.6121
LDqozfzjaNU,Vincent Anthony Jr.,0.0,0.0
LDqozfzjaNU,Vincent Anthony Jr.,0.05,0.0447
LDqozfzjaNU,Vincent Anthony Jr.,0.1,0.1667
LDqozfzjaNU,Vincent Anthony Jr.,0.15,0.3508
LDqozfzjaNU,Vincent Anthony Jr.,0.2,0.5846
LDqozfzjaNU,Vincent Anthony Jr.,0.25,0.8584
LDqozfzjaNU,Vincent Anthony Jr.,0.3,1.1641
LDqozfzjaNU,Vincent Anthony Jr.,0.35,1.4955
LDqozfzjaNU,Vincent Anthony Jr.,0.4,1.8475
LDqozfzjaNU,Vincent Anthony Jr.,0.45,2.216
LDqozfzjaNU,Vincent Anthony Jr.,0.5,2.5977
LDqozfzjaNU,Vincent Anthony Jr.,0.55,2.99
LDqozfzjaNU,Vincent Anthony Jr.,0.6,3.3909
LDqozfzjaNU,Vincent Anthony Jr.,0.65,3.7986
LDqozfzjaNU,Vincent Anthony Jr.,0.7,4.2117
LDqozfzjaNU,Vincent Anthony Jr.,0.75,4.6293
LDqozfzjaNU,Vincent Anthony Jr.,0.8,5.0503
LDqozfzjaNU,Vincent Anthony Jr.,0.85,5.4742
LDqozfzjaNU,Vincent Anthony Jr.,0.9,5.9004
LDqozfzjaNU,Vincent Anthony Jr.,0.95,6.3283
LDqozfzjaNU,Vincent Anthony Jr.,1.0,6.7578
LDqozfzjaNU,Vincent Anthony Jr.,1.05,7.1884
LDqozfzjaNU,Vincent Anthony Jr.,1.1,7.6199
LDqozfzjaNU,Vincent Anthony Jr.,1.15,8.0522
LDqozfzjaNU,Vincent Anthony Jr.,1.2,8.4851
LDqozfzjaNU,Vincent Anthony Jr.,1.25,8.9185
LDqozfzjaNU,Vincent Anthony Jr.,1.3,9.3522
LDqozfzjaNU,Vincent Anthony Jr.,1.35,9.7863
LDqozfzjaNU,Vincent Anthony Jr.,1.4,10.2206
LDqozfzjaNU,Vincent Anthony Jr.,1.45,10.6551
LDqozfzjaNU,Vincent Anthony Jr.,1.5,11.0898
LDqozfzjaNU,Vincent Anthony Jr.,1.55,11.5246
LDqozfzjaNU,Vincent Anthony Jr.,1.6,11.9595
LDqozfzjaNU,Vincent Anthony Jr.,1.65,12.3945
LDqozfzjaNU,Vincent Anthony Jr.,1.7,12.8296
LDqozfzjaNU,Vincent Anthony Jr.,1.75,13.2647
LDqozfzjaNU,Vincent Anthony Jr.,1.8,13.6998
LDqozfzjaNU,Vincent Anthony Jr.,1.85,14.135
LDqozfzjaNU,Vincent Anthony Jr.,1.9,14.5702
LDqozfzjaNU,Vincent Anthony Jr.,1.95,15.0055
LDqozfzjaNU,Vincent Anthony Jr.,2.0,15.4407
LDqozfzjaNU,Vincent Anthony Jr.,2.05,15.876
LDqozfzjaNU,Vincent Anthony Jr.,2.1,16.3113
LDqozfzjaNU,Vincent Anthony Jr.,2.15,16.7466
LDqozfzjaNU,Vincent Anthony Jr.,2.2,17.1819
LDqozfzjaNU,Vincent Anthony Jr.,2.25,17.6172
LDqozfzjaNU,Vincent Anthony Jr.,2.3,18.0525
LDqozfzjaNU,Vincent Anthony Jr.,2.35,18.4878
LDqozfzjaNU,Vincent Anthony Jr.,2.4,18.9231
LDqozfzjaNU,Vincent Anthony Jr.,2.45,19.3584
LDqozfzjaNU,Vincent Anthony Jr.,2.5,19.7938
LDqozfzjaNU,Vincent Anthony Jr.,2.55,20.2291
LDqozfzjaNU,Vincent Anthony Jr.,2.6,20.6644
LDqozfzjaNU,Vincent Anthony Jr.,2.65,21.0997
LDqozfzjaNU,Vincent Anthony Jr.,2.7,21.5351
LDqozfzjaNU,Vincent Anthony Jr.,2.75,21.9704
LDqozfzjaNU,Vincent Anthony Jr.,2.8,22.4057
LDqozfzjaNU,Vincent Anthony Jr.,2.85,22.841
LDqozfzjaNU,Vincent Anthony Jr.,2.9,23.2764
LDqozfzjaNU,Vincent Anthony Jr.,2.95,23.7117
LDqozfzjaNU,Vincent Anthony Jr.,3.0,24.147
LDqozfzjaNU,Vincent Anthony Jr.,3.05,24.5823
LDqozfzjaNU,Vincent Anthony Jr.,3.1,25.0177
LDqozfzjaNU,Vincent Anthony Jr.,3.15,25.453
LDqozfzjaNU,Vincent Anthony Jr.,3.2,25.8883
LDqozfzjaNU,Vincent Anthony Jr.,3.25,26.3236
LDqozfzjaNU,Vincent Anthony Jr.,3.3,26.759
LDqozfzjaNU,Vincent Anthony Jr.,3.35,27.1943
LDqozfzjaNU,Vincent Anthony Jr.,3.4,27.6296
LDqozfzjaNU,Vincent Anthony Jr.,3.45,28.065
LDqozfzjaNU,Vincent Anthony Jr.,3.5,28.5003
LDqozfzjaNU,Vincent Anthony Jr.,3.55,28.9356
LDqozfzjaNU,Vincent Anthony Jr.,3.6,29.3709
LDqozfzjaNU,Vincent Anthony Jr.,3.65,29.8063
LDqozfzjaNU,Vincent Anthony Jr.,3.7,30.2416
LDqozfzjaNU,Vincent Anthony Jr.,3.75,30.6769
LDqozfzjaNU,Vincent Anthony Jr.,3.8,31.1123
LDqozfzjaNU,Vincent Anthony Jr.,3.85,31.5476
LDqozfzjaNU,Vincent Anthony Jr.,3.9,31.9829
LDqozfzjaNU,Vincent Anthony Jr.,3.95,32.4182
LDqozfzjaNU,Vincent Anthony Jr.,4.0,32.8536
LDqozfzjaNU,Vincent Anthony Jr.,4.05,33.2889
LDqozfzjaNU,Vincent Anthony Jr.,4.1,33.7242
LDqozfzjaNU,Vincent Anthony Jr.,4.15,34.1596
LDqozfzjaNU,Vincent Anthony Jr.,4.2,34.5949
LDqozfzjaNU,Vincent Anthony Jr.,4.25,35.0302
LDqozfzjaNU,Vincent Anthony Jr.,4.3,35.4655
LDqozfzjaNU,Vincent Anthony Jr.,4.35,35.9009
LDqozfzjaNU,Vincent Anthony Jr.,4.4,36.3362
LDqozfzjaNU,Vincent Anthony Jr.,4.45,36.7715
LDqozfzjaNU,Vincent Anthony Jr.,4.5,37.2068
LDqozfzjaNU,Vincent Anthony Jr.,4.55,37.6422
LDqozfzjaNU,Vincent Anthony Jr.,4.6,38.0775
LDqozfzjaNU,Vincent Anthony Jr.,4.65,38.5128
LDqozfzjaNU,Vincent Anthony Jr.,4.7,38.9482
LDqozfzjaNU,Vincent Anthony Jr.,4.75,39.3835
LDqozfzjaNU,Vincent Anthony Jr.,4.8,39.8188
LDqozfzjaNU,Vincent Anthony Jr.,4.85,40.2541
Sr-Q6UjJq6g,Cameron Ball,0.0,0.0
Sr-Q6UjJq6g,Cameron Ball,0.05,0.012
Sr-Q6UjJq6g,Cameron Ball,0.1,0.0472
Sr-Q6UjJq6g,Cameron Ball,0.15,0.1046
Sr-Q6UjJq6g,Cameron Ball,0.2,0.1829
Sr-Q6UjJq6g,Cameron Ball,0.25,0.2811
Sr-Q6UjJq6g,Cameron Ball,0.3,0.3984
Sr-Q6UjJq6g,Cameron Ball,0.35,0.5337
Sr-Q6UjJq6g,Cameron Ball,0.4,0.6862
Sr-Q6UjJq6g,Cameron Ball,0.45,0.8549
Sr-Q6UjJq6g,Cameron Ball,0.5,1.0392
Sr-Q6UjJq6g,Cameron Ball,0.55,1.2383
Sr-Q6UjJq6g,Cameron Ball,0.6,1.4513
Sr-Q6UjJq6g,Cameron Ball,0.65,1.6777
Sr-Q6UjJq6g,Cameron Ball,0.7,1.9168
Sr-Q6UjJq6g,Cameron Ball,0.75,2.168
Sr-Q6UjJq6g,Cameron Ball,0.8,2.4306
Sr-Q6UjJq6g,Cameron Ball,0.85,2.7041
Sr-Q6UjJq6g,Cameron Ball,0.9,2.9879
Sr-Q6UjJq6g,Cameron Ball,0.95,3.2817
Sr-Q6UjJq6g,Cameron Ball,1.0,3.5847
Sr-Q6UjJq6g,Cameron Ball,1.05,3.8967
Sr-Q6UjJq6g,Cameron Ball,1.1,4.2172
Sr-Q6UjJq6g,Cameron Ball,1.15,4.5457
Sr-Q6UjJq6g,Cameron Ball,1.2,4.8819
Sr-Q6UjJq6g,Cameron Ball,1.25,5.2253
Sr-Q6UjJq6g,Cameron Ball,1.3,5.5757
Sr-Q6UjJq6g,Cameron Ball,1.35,5.9327
Sr-Q6UjJq6g,Cameron Ball,1.4,6.2959
Sr-Q6UjJq6g,Cameron Ball,1.45,6.6651
Sr-Q6UjJq6g,Cameron Ball,1.5,7.0399
Sr-Q6UjJq6g,Cameron Ball,1.55,7.4201
Sr-Q6UjJq6g,Cameron Ball,1.6,7.8054
Sr-Q6UjJq6g,Cameron Ball,1.65,8.1956
Sr-Q6UjJq6g,Cameron Ball,1.7,8.5904
Sr-Q6UjJq6g,Cameron Ball,1.75,8.9896
Sr-Q6UjJq6g,Cameron Ball,1.8,9.393
Sr-Q6UjJq6g,Cameron Ball,1.85,9.8003
Sr-Q6UjJq6g,Cameron Ball,1.9,10.2115
Sr-Q6UjJq6g,Cameron Ball,1.95,10.6262
Sr-Q6UjJq6g,Cameron Ball,2.0,11.0443
Sr-Q6UjJq6g,Cameron Ball,2.05,11.4657
Sr-Q6UjJq6g,Cameron Ball,2.1,11.8902
Sr-Q6UjJq6g,Cameron Ball,2.15,12.3176
Sr-Q6UjJq6g,Cameron Ball,2.2,12.7478
Sr-Q6UjJq6g,Cameron Ball,2.25,13.1807
Sr-Q6UjJq6g,Cameron Ball,2.3,13.6161
Sr-Q6UjJq6g,Cameron Ball,2.35,14.0539
Sr-Q6UjJq6g,Cameron Ball,2.4,14.494
Sr-Q6UjJq6g,Cameron Ball,2.45,14.9362
Sr-Q6UjJq6g,Cameron Ball,2.5,15.3805
Sr-Q6UjJq6g,Cameron Ball,2.55,15.8268
Sr-Q6UjJq6g,Cameron Ball,2.6,16.2749
Sr-Q6UjJq6g,Cameron Ball,2.65,16.7248
Sr-Q6UjJq6g,Cameron Ball,2.7,17.1764
Sr-Q6UjJq6g,Cameron Ball,2.75,17.6296
Sr-Q6UjJq6g,Cameron Ball,2.8,18.0843
Sr-Q6UjJq6g,Cameron Ball,2.85,18.5405
Sr-Q6UjJq6g,Cameron Ball,2.9,18.9981
Sr-Q6UjJq6g,Cameron Ball,2.95,19.4569
Sr-Q6UjJq6g,Cameron Ball,3.0,19.917
Sr-Q6UjJq6g,Cameron Ball,3.05,20.3783
Sr-Q6UjJq6g,Cameron Ball,3.1,20.8407
Sr-Q6UjJq6g,Cameron Ball,3.15,21.3042
Sr-Q6UjJq6g,Cameron Ball,3.2,21.7687
Sr-Q6UjJq6g,Cameron Ball,3.25,22.2342
Sr-Q6UjJq6g,Cameron Ball,3.3,22.7006
Sr-Q6UjJq6g,Cameron Ball,3.35,23.1679
Sr-Q6UjJq6g,Cameron Ball,3.4,23.636
Sr-Q6UjJq6g,Cameron Ball,3.45,24.1049
Sr-Q6UjJq6g,Cameron Ball,3.5,24.5745
Sr-Q6UjJq6g,Cameron Ball,3.55,25.0449
Sr-Q6UjJq6g,Cameron Ball,3.6,25.5159
Sr-Q6UjJq6g,Cameron Ball,3.65,25.9876
Sr-Q6UjJq6g,Cameron Ball,3.7,26.4599
Sr-Q6UjJq6g,Cameron Ball,3.75,26.9328
Sr-Q6UjJq6g,Cameron Ball,3.8,27.4062
Sr-Q6UjJq6g,Cameron Ball,3.85,27.8802
Sr-Q6UjJq6g,Cameron Ball,3.9,28.3547
Sr-Q6UjJq6g,Cameron Ball,3.95,28.8296
Sr-Q6UjJq6g,Cameron Ball,4.0,29.305
Sr-Q6UjJq6g,Cameron Ball,4.05,29.7809
Sr-Q6UjJq6g,Cameron Ball,4.1,30.2571
Sr-Q6UjJq6g,Cameron Ball,4.15,30.7338
Sr-Q6UjJq6g,Cameron Ball,4.2,31.2108
Sr-Q6UjJq6g,Cameron Ball,4.25,31.6882
Sr-Q6UjJq6g,Cameron Ball,4.3,32.1659
Sr-Q6UjJq6g,Cameron Ball,4.35,32.6439
Sr-Q6UjJq6g,Cameron Ball,4.4,33.1222
Sr-Q6UjJq6g,Cameron Ball,4.45,33.6008
Sr-Q6UjJq6g,Cameron Ball,4.5,34.0797
Sr-Q6UjJq6g,Cameron Ball,4.55,34.5589
Sr-Q6UjJq6g,Cameron Ball,4.6,35.0383
Sr-Q6UjJq6g,Cameron Ball,4.65,35.5179
Sr-Q6UjJq6g,Cameron Ball,4.7,35.9977
Sr-Q6UjJq6g,Cameron Ball,4.75,36.4778
Sr-Q6UjJq6g,Cameron Ball,4.8,36.9581
Sr-Q6UjJq6g,Cameron Ball,4.85,37.4386
Sr-Q6UjJq6g,Cameron Ball,4.9,37.9192
Sr-Q6UjJq6g,Cameron Ball,4.95,38.4
Sr-Q6UjJq6g,Cameron Ball,5.0,38.881
Sr-Q6UjJq6g,Cameron Ball,5.05,39.3622
Sr-Q6UjJq6g,Cameron Ball,5.1,39.8435
Sr-Q6UjJq6g,Brandon Cleveland,0.0,0.0
Sr-Q6UjJq6g,Brandon Cleveland,0.05,0.0117
Sr-Q6UjJq6g,Brandon Cleveland,0.1,0.0459
Sr-Q6UjJq6g,Brandon Cleveland,0.15,0.1017
Sr-Q6UjJq6g,Brandon Cleveland,0.2,0.1779
Sr-Q6UjJq6g,Brandon Cleveland,0.25,0.2736
Sr-Q6UjJq6g,Brandon Cleveland,0.3,0.3879
Sr-Q6UjJq6g,Brandon Cleveland,0.35,0.5199
Sr-Q6UjJq6g,Brandon Cleveland,0.4,0.6687
Sr-Q6UjJq6g,Brandon Cleveland,0.45,0.8335
Sr-Q6UjJq6g,Brandon Cleveland,0.5,1.0136
Sr-Q6UjJq6g,Brandon Cleveland,0.55,1.2083
Sr-Q6UjJq6g,Brandon Cleveland,0.6,1.4168
Sr-Q6UjJq6g,Brandon Cleveland,0.65,1.6385
Sr-Q6UjJq6g,Brandon Cleveland,0.7,1.8727
Sr-Q6UjJq6g,Brandon Cleveland,0.75,2.1189
Sr-Q6UjJq6g,Brandon Cleveland,0.8,2.3765
Sr-Q6UjJq6g,Brandon Cleveland,0.85,2.6449
Sr-Q6UjJq6g,Brandon Cleveland,0.9,2.9236
Sr-Q6UjJq6g,Brandon Cleveland,0.95,3.2122
Sr-Q6UjJq6g,Brandon Cleveland,1.0,3.5102
Sr-Q6UjJq6g,Brandon Cleveland,1.05,3.817
Sr-Q6UjJq6g,Brandon Cleveland,1.1,4.1324
Sr-Q6UjJq6g,Brandon Cleveland,1.15,4.4558
Sr-Q6UjJq6g,Brandon Cleveland,1.2,4.7869
Sr-Q6UjJq6g,Brandon Cleveland,1.25,5.1254
Sr-Q6UjJq6g,Brandon Cleveland,1.3,5.4708
Sr-Q6UjJq6g,Brandon Cleveland,1.35,5.8229
Sr-Q6UjJq6g,Brandon Cleveland,1.4,6.1813
Sr-Q6UjJq6g,Brandon Cleveland,1.45,6.5458
Sr-Q6UjJq6g,Brandon Cleveland,1.5,6.916
Sr-Q6UjJq6g,Brandon Cleveland,1.55,7.2916
Sr-Q6UjJq6g,Brandon Cleveland,1.6,7.6725
Sr-Q6UjJq6g,Brandon Cleveland,1.65,8.0583
Sr-Q6UjJq6g,Brandon Cleveland,1.7,8.4489
Sr-Q6UjJq6g,Brandon Cleveland,1.75,8.8439
Sr-Q6UjJq6g,Brandon Cleveland,1.8,9.2432
Sr-Q6UjJq6g,Brandon Cleveland,1.85,9.6466
Sr-Q6UjJq6g,Brandon Cleveland,1.9,10.0539
Sr-Q6UjJq6g,Brandon Cleveland,1.95,10.4649
Sr-Q6UjJq6g,Brandon Cleveland,2.0,10.8794
Sr-Q6UjJq6g,Brandon Cleveland,2.05,11.2972
Sr-Q6UjJq6g,Brandon Cleveland,2.1,11.7182
Sr-Q6UjJq6g,Brandon Cleveland,2.15,12.1423
Sr-Q6UjJq6g,Brandon Cleveland,2.2,12.5693
Sr-Q6UjJq6g,Brandon Cleveland,2.25,12.999
Sr-Q6UjJq6g,Brandon Cleveland,2.3,13.4314
Sr-Q6UjJq6g,Brandon Cleveland,2.35,13.8662
Sr-Q6UjJq6g,Brandon Cleveland,2.4,14.3034
Sr-Q6UjJq6g,Brandon Cleveland,2.45,14.7429
Sr-Q6UjJq6g,Brandon Cleveland,2.5,15.1846
Sr-Q6UjJq6g,Brandon Cleveland,2.55,15.6283
Sr-Q6UjJq6g,Brandon Cleveland,2.6,16.074
Sr-Q6UjJq6g,Brandon Cleveland,2.65,16.5215
Sr-Q6UjJq6g,Brandon Cleveland,2.7,16.9708
Sr-Q6UjJq6g,Brandon Cleveland,2.75,17.4218
Sr-Q6UjJq6g,Brandon Cleveland,2.8,17.8744
Sr-Q6UjJq6g,Brandon Cleveland,2.85,18.3286
Sr-Q6UjJq6g,Brandon Cleveland,2.9,18.7842
Sr-Q6UjJq6g,Brandon Cleveland,2.95,19.2411
Sr-Q6UjJq6g,Brandon Cleveland,3.0,19.6995
Sr-Q6UjJq6g,Brandon Cleveland,3.05,20.159
Sr-Q6UjJq6g,Brandon Cleveland,3.1,20.6198
Sr-Q6UjJq6g,Brandon Cleveland,3.15,21.0817
Sr-Q6UjJq6g,Brandon Cleveland,3.2,21.5447
Sr-Q6UjJq6g,Brandon Cleveland,3.25,22.0088
Sr-Q6UjJq6g,Brandon Cleveland,3.3,22.4738
Sr-Q6UjJq6g,Brandon Cleveland,3.35,22.9397
Sr-Q6UjJq6g,Brandon Cleveland,3.4,23.4066
Sr-Q6UjJq6g,Brandon Cleveland,3.45,23.8743
Sr-Q6UjJq6g,Brandon Cleveland,3.5,24.3428
Sr-Q6UjJq6g,Brandon Cleveland,3.55,24.8121
Sr-Q6UjJq6g,Brandon Cleveland,3.6,25.2822
Sr-Q6UjJq6g,Brandon Cleveland,3.65,25.7529
Sr-Q6UjJq6g,Brandon Cleveland,3.7,26.2243
Sr-Q6UjJq6g,Brandon Cleveland,3.75,26.6964
Sr-Q6UjJq6g,Brandon Cleveland,3.8,27.169
Sr-Q6UjJq6g,Brandon Cleveland,3.85,27.6422
Sr-Q6UjJq6g,Brandon Cleveland,3.9,28.116
Sr-Q6UjJq6g,Brandon Cleveland,3.95,28.5903
Sr-Q6UjJq6g,Brandon Cleveland,4.0,29.0651
Sr-Q6UjJq6g,Brandon Cleveland,4.05,29.5403
Sr-Q6UjJq6g,Brandon Cleveland,4.1,30.016
Sr-Q6UjJq6g,Brandon Cleveland,4.15,30.4922
Sr-Q6UjJq6g,Brandon Cleveland,4.2,30.9687
Sr-Q6UjJq6g,Brandon Cleveland,4.25,31.4457
Sr-Q6UjJq6g,Brandon Cleveland,4.3,31.923
Sr-Q6UjJq6g,Brandon Cleveland,4.35,32.4007
Sr-Q6UjJq6g,Brandon Cleveland,4.4,32.8787
Sr-Q6UjJq6g,Brandon Cleveland,4.45,33.357
Sr-Q6UjJq6g,Brandon Cleveland,4.5,33.8356
Sr-Q6UjJq6g,Brandon Cleveland,4.55,34.3145
Sr-Q6UjJq6g,Brandon Cleveland,4.6,34.7937
Sr-Q6UjJq6g,Brandon Cleveland,4.65,35.2732
Sr-Q6UjJq6g,Brandon Cleveland,4.7,35.7529
Sr-Q6UjJq6g,Brandon Cleveland,4.75,36.2328
Sr-Q6UjJq6g,Brandon Cleveland,4.8,36.713
Sr-Q6UjJq6g,Brandon Cleveland,4.85,37.1934
Sr-Q6UjJq6g,Brandon Cleveland,4.9,37.674
Sr-Q6UjJq6g,Brandon Cleveland,4.95,38.1548
Sr-Q6UjJq6g,Brandon Cleveland,5.0,38.6358
Sr-Q6UjJq6g,Brandon Cleveland,5.05,39.1169
Sr-Q6UjJq6g,Brandon Cleveland,5.1,39.5983
Sr-Q6UjJq6g,Gracen Halton,0.0,0.0
Sr-Q6UjJq6g,Gracen Halton,0.05,0.0125
Sr-Q6UjJq6g,Gracen Halton,0.1,0.0491
Sr-Q6UjJq6g,Gracen Halton,0.15,0.1088
Sr-Q6UjJq6g,Gracen Halton,0.2,0.1904
Sr-Q6UjJq6g,Gracen Halton,0.25,0.2929
Sr-Q6UjJq6g,Gracen Halton,0.3,0.4153
Sr-Q6UjJq6g,Gracen Halton,0.35,0.5568
Sr-Q6UjJq6g,Gracen Halton,0.4,0.7163
Sr-Q6UjJq6g,Gracen Halton,0.45,0.8931
Sr-Q6UjJq6g,Gracen Halton,0.5,1.0864
Sr-Q6UjJq6g,Gracen Halton,0.55,1.2953
Sr-Q6UjJq6g,Gracen Halton,0.6,1.5191
Sr-Q6UjJq6g,Gracen Halton,0.65,1.7572
Sr-Q6UjJq6g,Gracen Halton,0.7,2.0088
Sr-Q6UjJq6g,Gracen Halton,0.75,2.2734
Sr-Q6UjJq6g,Gracen Halton,0.8,2.5502
Sr-Q6UjJq6g,Gracen Halton,0.85,2.8389
Sr-Q6UjJq6g,Gracen Halton,0.9,3.1387
Sr-Q6UjJq6g,Gracen Halton,0.95,3.4491
Sr-Q6UjJq6g,Gracen Halton,1.0,3.7698
Sr-Q6UjJq6g,Gracen Halton,1.05,4.1001
Sr-Q6UjJq6g,Gracen Halton,1.1,4.4396
Sr-Q6UjJq6g,Gracen Halton,1.15,4.788
Sr-Q6UjJq6g,Gracen Halton,1.2,5.1447
Sr-Q6UjJq6g,Gracen Halton,1.25,5.5094
Sr-Q6UjJq6g,Gracen Halton,1.3,5.8817
Sr-Q6UjJq6g,Gracen Halton,1.35,6.2613
Sr-Q6UjJq6g,Gracen Halton,1.4,6.6478
Sr-Q6UjJq6g,Gracen Halton,1.45,7.0409
Sr-Q6UjJq6g,Gracen Halton,1.5,7.4402
Sr-Q6UjJq6g,Gracen Halton,1.55,7.8456
Sr-Q6UjJq6g,Gracen Halton,1.6,8.2566
Sr-Q6UjJq6g,Gracen Halton,1.65,8.6731
Sr-Q6UjJq6g,Gracen Halton,1.7,9.0948
Sr-Q6UjJq6g,Gracen Halton,1.75,9.5214
Sr-Q6UjJq6g,Gracen Halton,1.8,9.9527
Sr-Q6UjJq6g,Gracen Halton,1.85,10.3885
Sr-Q6UjJq6g,Gracen Halton,1.9,10.8286
Sr-Q6UjJq6g,Gracen Halton,1.95,11.2727
Sr-Q6UjJq6g,Gracen Halton,2.0,11.7208
Sr-Q6UjJq6g,Gracen Halton,2.05,12.1725
Sr-Q6UjJq6g,Gracen Halton,2.1,12.6277
Sr-Q6UjJq6g,Gracen Halton,2.15,13.0863
Sr-Q6UjJq6g,Gracen Halton,2.2,13.5482
Sr-Q6UjJq6g,Gracen Halton,2.25,14.013
Sr-Q6UjJq6g,Gracen Halton,2.3,14.4808
Sr-Q6UjJq6g,Gracen Halton,2.35,14.9513
Sr-Q6UjJq6g,Gracen Halton,2.4,15.4245
Sr-Q6UjJq6g,Gracen Halton,2.45,15.9002
Sr-Q6UjJq6g,Gracen Halton,2.5,16.3783
Sr-Q6UjJq6g,Gracen Halton,2.55,16.8587
Sr-Q6UjJq6g,Gracen Halton,2.6,17.3413
Sr-Q6UjJq6g,Gracen Halton,2.65,17.8259
Sr-Q6UjJq6g,Gracen Halton,2.7,18.3126
Sr-Q6UjJq6g,Gracen Halton,2.75,18.8011
Sr-Q6UjJq6g,Gracen Halton,2.8,19.2914
Sr-Q6UjJq6g,Gracen Halton,2.85,19.7834
Sr-Q6UjJq6g,Gracen Halton,2.9,20.277
Sr-Q6UjJq6g,Gracen Halton,2.95,20.7723
Sr-Q6UjJq6g,Gracen Halton,3.0,21.269
Sr-Q6UjJq6g,Gracen Halton,3.05,21.7671
Sr-Q6UjJq6g,Gracen Halton,3.1,22.2665
Sr-Q6UjJq6g,Gracen Halton,3.15,22.7672
Sr-Q6UjJq6g,Gracen Halton,3.2,23.2692
Sr-Q6UjJq6g,Gracen Halton,3.25,23.7723
Sr-Q6UjJq6g,Gracen Halton,3.3,24.2766
Sr-Q6UjJq6g,Gracen Halton,3.35,24.7819
Sr-Q6UjJq6g,Gracen Halton,3.4,25.2882
Sr-Q6UjJq6g,Gracen Halton,3.45,25.7954
Sr-Q6UjJq6g,Gracen Halton,3.5,26.3036
Sr-Q6UjJq6g,Gracen Halton,3.55,26.8127
Sr-Q6UjJq6g,Gracen Halton,3.6,27.3225
Sr-Q6UjJq6g,Gracen Halton,3.65,27.8332
Sr-Q6UjJq6g,Gracen Halton,3.7,28.3447
Sr-Q6UjJq6g,Gracen Halton,3.75,28.8568
Sr-Q6UjJq6g,Gracen Halton,3.8,29.3697
Sr-Q6UjJq6g,Gracen Halton,3.85,29.8832
Sr-Q6UjJq6g,Gracen Halton,3.9,30.3973
Sr-Q6UjJq6g,Gracen Halton,3.95,30.912
Sr-Q6UjJq6g,Gracen Halton,4.0,31.4273
Sr-Q6UjJq6g,Gracen Halton,4.05,31.9431
Sr-Q6UjJq6g,Gracen Halton,4.1,32.4594
Sr-Q6UjJq6g,Gracen Halton,4.15,32.9763
Sr-Q6UjJq6g,Gracen Halton,4.2,33.4935
Sr-Q6UjJq6g,Gracen Halton,4.25,34.0113
Sr-Q6UjJq6g,Gracen Halton,4.3,34.5294
Sr-Q6UjJq6g,Gracen Halton,4.35,35.048
Sr-Q6UjJq6g,Gracen Halton,4.4,35.567
Sr-Q6UjJq6g,Gracen Halton,4.45,36.0863
Sr-Q6UjJq6g,Gracen Halton,4.5,36.606
Sr-Q6UjJq6g,Gracen Halton,4.55,37.126
Sr-Q6UjJq6g,Gracen Halton,4.6,37.6463
Sr-Q6UjJq6g,Gracen Halton,4.65,38.1669
Sr-Q6UjJq6g,Gracen Halton,4.7,38.6878
Sr-Q6UjJq6g,Gracen Halton,4.75,39.209
Sr-Q6UjJq6g,Gracen Halton,4.8,39.7305
Sr-Q6UjJq6g,Jackie Marshall,0.0,0.0
Sr-Q6UjJq6g,Jackie Marshall,0.05,0.0121
Sr-Q6UjJq6g,Jackie Marshall,0.1,0.0475
Sr-Q6UjJq6g,Jackie Marshall,0.15,0.1052
Sr-Q6UjJq6g,Jackie Marshall,0.2,0.1843
Sr-Q6UjJq6g,Jackie Marshall,0.25,0.2836
Sr-Q6UjJq6g,Jackie Marshall,0.3,0.4023
Sr-Q6UjJq6g,Jackie Marshall,0.35,0.5396
Sr-Q6UjJq6g,Jackie Marshall,0.4,0.6944
Sr-Q6UjJq6g,Jackie Marshall,0.45,0.8661
Sr-Q6UjJq6g,Jackie Marshall,0.5,1.0539
Sr-Q6UjJq6g,Jackie Marshall,0.55,1.257
Sr-Q6UjJq6g,Jackie Marshall,0.6,1.4747
Sr-Q6UjJq6g,Jackie Marshall,0.65,1.7064
Sr-Q6UjJq6g,Jackie Marshall,0.7,1.9514
Sr-Q6UjJq6g,Jackie Marshall,0.75,2.2091
Sr-Q6UjJq6g,Jackie Marshall,0.8,2.4789
Sr-Q6UjJq6g,Jackie Marshall,0.85,2.7603
Sr-Q6UjJq6g,Jackie Marshall,0.9,3.0527
Sr-Q6UjJq6g,Jackie Marshall,0.95,3.3556
Sr-Q6UjJq6g,Jackie Marshall,1.0,3.6687
Sr-Q6UjJq6g,Jackie Marshall,1.05,3.9913
Sr-Q6UjJq6g,Jackie Marshall,1.1,4.323
Sr-Q6UjJq6g,Jackie Marshall,1.15,4.6635
Sr-Q6UjJq6g,Jackie Marshall,1.2,5.0123
Sr-Q6UjJq6g,Jackie Marshall,1.25,5.369
Sr-Q6UjJq6g,Jackie Marshall,1.3,5.7334
Sr-Q6UjJq6g,Jackie Marshall,1.35,6.105
Sr-Q6UjJq6g,Jackie Marshall,1.4,6.4835
Sr-Q6UjJq6g,Jackie Marshall,1.45,6.8685
Sr-Q6UjJq6g,Jackie Marshall,1.5,7.2599
Sr-Q6UjJq6g,Jackie Marshall,1.55,7.6573
Sr-Q6UjJq6g,Jackie Marshall,1.6,8.0604
Sr-Q6UjJq6g,Jackie Marshall,1.65,8.4689
Sr-Q6UjJq6g,Jackie Marshall,1.7,8.8827
Sr-Q6UjJq6g,Jackie Marshall,1.75,9.3014
Sr-Q6UjJq6g,Jackie Marshall,1.8,9.7249
Sr-Q6UjJq6g,Jackie Marshall,1.85,10.1529
Sr-Q6UjJq6g,Jackie Marshall,1.9,10.5852
Sr-Q6UjJq6g,Jackie Marshall,1.95,11.0217
Sr-Q6UjJq6g,Jackie Marshall,2.0,11.462
Sr-Q6UjJq6g,Jackie Marshall,2.05,11.9062
Sr-Q6UjJq6g,Jackie Marshall,2.1,12.3539
Sr-Q6UjJq6g,Jackie Marshall,2.15,12.805
Sr-Q6UjJq6g,Jackie Marshall,2.2,13.2594
Sr-Q6UjJq6g,Jackie Marshall,2.25,13.7169
Sr-Q6UjJq6g,Jackie Marshall,2.3,14.1774
Sr-Q6UjJq6g,Jackie Marshall,2.35,14.6407
Sr-Q6UjJq6g,Jackie Marshall,2.4,15.1067
Sr-Q6UjJq6g,Jackie Marshall,2.45,15.5753
Sr-Q6UjJq6g,Jackie Marshall,2.5,16.0463
Sr-Q6UjJq6g,Jackie Marshall,2.55,16.5197
Sr-Q6UjJq6g,Jackie Marshall,2.6,16.9954
Sr-Q6UjJq6g,Jackie Marshall,2.65,17.4731
Sr-Q6UjJq6g,Jackie Marshall,2.7,17.9529
Sr-Q6UjJq6g,Jackie Marshall,2.75,18.4347
Sr-Q6UjJq6g,Jackie Marshall,2.8,18.9183
Sr-Q6UjJq6g,Jackie Marshall,2.85,19.4037
Sr-Q6UjJq6g,Jackie Marshall,2.9,19.8908
Sr-Q6UjJq6g,Jackie Marshall,2.95,20.3795
Sr-Q6UjJq6g,Jackie Marshall,3.0,20.8697
Sr-Q6UjJq6g,Jackie Marshall,3.05,21.3614
Sr-Q6UjJq6g,Jackie Marshall,3.1,21.8545
Sr-Q6UjJq6g,Jackie Marshall,3.15,22.3489
Sr-Q6UjJq6g,Jackie Marshall,3.2,22.8447
Sr-Q6UjJq6g,Jackie Marshall,3.25,23.3416
Sr-Q6UjJq6g,Jackie Marshall,3.3,23.8397
Sr-Q6UjJq6g,Jackie Marshall,3.35,24.3389
Sr-Q6UjJq6g,Jackie Marshall,3.4,24.8391
Sr-Q6UjJq6g,Jackie Marshall,3.45,25.3404
Sr-Q6UjJq6g,Jackie Marshall,3.5,25.8427
Sr-Q6UjJq6g,Jackie Marshall,3.55,26.3458
Sr-Q6UjJq6g,Jackie Marshall,3.6,26.8498
Sr-Q6UjJq6g,Jackie Marshall,3.65,27.3547
Sr-Q6UjJq6g,Jackie Marshall,3.7,27.8604
Sr-Q6UjJq6g,Jackie Marshall,3.75,28.3668
Sr-Q6UjJq6g,Jackie Marshall,3.8,28.8739
Sr-Q6UjJq6g,Jackie Marshall,3.85,29.3818
Sr-Q6UjJq6g,Jackie Marshall,3.9,29.8903
Sr-Q6UjJq6g,Jackie Marshall,3.95,30.3994
Sr-Q6UjJq6g,Jackie Marshall,4.0,30.9092
Sr-Q6UjJq6g,Jackie Marshall,4.05,31.4195
Sr-Q6UjJq6g,Jackie Marshall,4.1,31.9303
Sr-Q6UjJq6g,Jackie Marshall,4.15,32.4417
Sr-Q6UjJq6g,Jackie Marshall,4.2,32.9536
Sr-Q6UjJq6g,Jackie Marshall,4.25,33.466
Sr-Q6UjJq6g,Jackie Marshall,4.3,33.9788
Sr-Q6UjJq6g,Jackie Marshall,4.35,34.4921
Sr-Q6UjJq6g,Jackie Marshall,4.4,35.0057
Sr-Q6UjJq6g,Jackie Marshall,4.45,35.5198
Sr-Q6UjJq6g,Jackie Marshall,4.5,36.0342
Sr-Q6UjJq6g,Jackie Marshall,4.55,36.549
Sr-Q6UjJq6g,Jackie Marshall,4.6,37.0642
Sr-Q6UjJq6g,Jackie Marshall,4.65,37.5796
Sr-Q6UjJq6g,Jackie Marshall,4.7,38.0954
Sr-Q6UjJq6g,Jackie Marshall,4.75,38.6115
Sr-Q6UjJq6g,Jackie Marshall,4.8,39.1278
Sr-Q6UjJq6g,Jackie Marshall,4.85,39.6445
Sr-Q6UjJq6g,Chris McClellan,0.0,0.0
Sr-Q6UjJq6g,Chris McClellan,0.05,0.0108
Sr-Q6UjJq6g,Chris McClellan,0.1,0.0427
Sr-Q6UjJq6g,Chris McClellan,0.15,0.0947
Sr-Q6UjJq6g,Chris McClellan,0.2,0.166
Sr-Q6UjJq6g,Chris McClellan,0.25,0.2558
Sr-Q6UjJq6g,Chris McClellan,0.3,0.3633
Sr-Q6UjJq6g,Chris McClellan,0.35,0.4878
Sr-Q6UjJq6g,Chris McClellan,0.4,0.6286
Sr-Q6UjJq6g,Chris McClellan,0.45,0.7849
Sr-Q6UjJq6g,Chris McClellan,0.5,0.9561
Sr-Q6UjJq6g,Chris McClellan,0.55,1.1417
Sr-Q6UjJq6g,Chris McClellan,0.6,1.3409
Sr-Q6UjJq6g,Chris McClellan,0.65,1.5533
Sr-Q6UjJq6g,Chris McClellan,0.7,1.7783
Sr-Q6UjJq6g,Chris McClellan,0.75,2.0152
Sr-Q6UjJq6g,Chris McClellan,0.8,2.2638
Sr-Q6UjJq6g,Chris McClellan,0.85,2.5233
Sr-Q6UjJq6g,Chris McClellan,0.9,2.7935
Sr-Q6UjJq6g,Chris McClellan,0.95,3.0738
Sr-Q6UjJq6g,Chris McClellan,1.0,3.3638
Sr-Q6UjJq6g,Chris McClellan,1.05,3.6632
Sr-Q6UjJq6g,Chris McClellan,1.1,3.9714
Sr-Q6UjJq6g,Chris McClellan,1.15,4.2882
Sr-Q6UjJq6g,Chris McClellan,1.2,4.6132
Sr-Q6UjJq6g,Chris McClellan,1.25,4.946
Sr-Q6UjJq6g,Chris McClellan,1.3,5.2864
Sr-Q6UjJq6g,Chris McClellan,1.35,5.6339
Sr-Q6UjJq6g,Chris McClellan,1.4,5.9884
Sr-Q6UjJq6g,Chris McClellan,1.45,6.3494
Sr-Q6UjJq6g,Chris McClellan,1.5,6.7168
Sr-Q6UjJq6g,Chris McClellan,1.55,7.0902
Sr-Q6UjJq6g,Chris McClellan,1.6,7.4694
Sr-Q6UjJq6g,Chris McClellan,1.65,7.8542
Sr-Q6UjJq6g,Chris McClellan,1.7,8.2444
Sr-Q6UjJq6g,Chris McClellan,1.75,8.6396
Sr-Q6UjJq6g,Chris McClellan,1.8,9.0397
Sr-Q6UjJq6g,Chris McClellan,1.85,9.4446
Sr-Q6UjJq6g,Chris McClellan,1.9,9.8539
Sr-Q6UjJq6g,Chris McClellan,1.95,10.2675
Sr-Q6UjJq6g,Chris McClellan,2.0,10.6852
Sr-Q6UjJq6g,Chris McClellan,2.05,11.1069
Sr-Q6UjJq6g,Chris McClellan,2.1,11.5324
Sr-Q6UjJq6g,Chris McClellan,2.15,11.9615
Sr-Q6UjJq6g,Chris McClellan,2.2,12.394
Sr-Q6UjJq6g,Chris McClellan,2.25,12.8299
Sr-Q6UjJq6g,Chris McClellan,2.3,13.269
Sr-Q6UjJq6g,Chris McClellan,2.35,13.7111
Sr-Q6UjJq6g,Chris McClellan,2.4,14.1561
Sr-Q6UjJq6g,Chris McClellan,2.45,14.604
Sr-Q6UjJq6g,Chris McClellan,2.5,15.0545
Sr-Q6UjJq6g,Chris McClellan,2.55,15.5076
Sr-Q6UjJq6g,Chris McClellan,2.6,15.9632
Sr-Q6UjJq6g,Chris McClellan,2.65,16.4211
Sr-Q6UjJq6g,Chris McClellan,2.7,16.8813
Sr-Q6UjJq6g,Chris McClellan,2.75,17.3436
Sr-Q6UjJq6g,Chris McClellan,2.8,17.8081
Sr-Q6UjJq6g,Chris McClellan,2.85,18.2745
Sr-Q6UjJq6g,Chris McClellan,2.9,18.7428
Sr-Q6UjJq6g,Chris McClellan,2.95,19.2129
Sr-Q6UjJq6g,Chris McClellan,3.0,19.6848
Sr-Q6UjJq6g,Chris McClellan,3.05,20.1584
Sr-Q6UjJq6g,Chris McClellan,3.1,20.6336
Sr-Q6UjJq6g,Chris McClellan,3.15,21.1103
Sr-Q6UjJq6g,Chris McClellan,3.2,21.5884
Sr-Q6UjJq6g,Chris McClellan,3.25,22.068
Sr-Q6UjJq6g,Chris McClellan,3.3,22.5489
Sr-Q6UjJq6g,Chris McClellan,3.35,23.0312
Sr-Q6UjJq6g,Chris McClellan,3.4,23.5147
Sr-Q6UjJq6g,Chris McClellan,3.45,23.9993
Sr-Q6UjJq6g,Chris McClellan,3.5,24.4851
Sr-Q6UjJq6g,Chris McClellan,3.55,24.972
Sr-Q6UjJq6g,Chris McClellan,3.6,25.4599
Sr-Q6UjJq6g,Chris McClellan,3.65,25.9489
Sr-Q6UjJq6g,Chris McClellan,3.7,26.4387
Sr-Q6UjJq6g,Chris McClellan,3.75,26.9296
Sr-Q6UjJq6g,Chris McClellan,3.8,27.4212
Sr-Q6UjJq6g,Chris McClellan,3.85,27.9138
Sr-Q6UjJq6g,Chris McClellan,3.9,28.4071
Sr-Q6UjJq6g,Chris McClellan,3.95,28.9012
Sr-Q6UjJq6g,Chris McClellan,4.0,29.3961
Sr-Q6UjJq6g,Chris McClellan,4.05,29.8916
Sr-Q6UjJq6g,Chris McClellan,4.1,30.3879
Sr-Q6UjJq6g,Chris McClellan,4.15,30.8848
Sr-Q6UjJq6g,Chris McClellan,4.2,31.3823
Sr-Q6UjJq6g,Chris McClellan,4.25,31.8804
Sr-Q6UjJq6g,Chris McClellan,4.3,32.3791
Sr-Q6UjJq6g,Chris McClellan,4.35,32.8783
Sr-Q6UjJq6g,Chris McClellan,4.4,33.3781
Sr-Q6UjJq6g,Chris McClellan,4.45,33.8784
Sr-Q6UjJq6g,Chris McClellan,4.5,34.3791
Sr-Q6UjJq6g,Chris McClellan,4.55,34.8803
Sr-Q6UjJq6g,Chris McClellan,4.6,35.382
Sr-Q6UjJq6g,Chris McClellan,4.65,35.8841
Sr-Q6UjJq6g,Chris McClellan,4.7,36.3866
Sr-Q6UjJq6g,Chris McClellan,4.75,36.8894
Sr-Q6UjJq6g,Chris McClellan,4.8,37.3927
Sr-Q6UjJq6g,Chris McClellan,4.85,37.8963
Sr-Q6UjJq6g,Chris McClellan,4.9,38.4002
Sr-Q6UjJq6g,Chris McClellan,4.95,38.9045
Sr-Q6UjJq6g,Chris McClellan,5.0,39.4091
Sr-Q6UjJq6g,Chris McClellan,5.05,39.914
Sr-Q6UjJq6g,Albert Regis,0.0,0.0
Sr-Q6UjJq6g,Albert Regis,0.05,0.0133
Sr-Q6UjJq6g,Albert Regis,0.1,0.0524
Sr-Q6UjJq6g,Albert Regis,0.15,0.1157
Sr-Q6UjJq6g,Albert Regis,0.2,0.2022
Sr-Q6UjJq6g,Albert Regis,0.25,0.3105
Sr-Q6UjJq6g,Albert Regis,0.3,0.4395
Sr-Q6UjJq6g,Albert Regis,0.35,0.588
Sr-Q6UjJq6g,Albert Regis,0.4,0.7552
Sr-Q6UjJq6g,Albert Regis,0.45,0.9399
Sr-Q6UjJq6g,Albert Regis,0.5,1.1413
Sr-Q6UjJq6g,Albert Regis,0.55,1.3584
Sr-Q6UjJq6g,Albert Regis,0.6,1.5905
Sr-Q6UjJq6g,Albert Regis,0.65,1.8368
Sr-Q6UjJq6g,Albert Regis,0.7,2.0964
Sr-Q6UjJq6g,Albert Regis,0.75,2.3688
Sr-Q6UjJq6g,Albert Regis,0.8,2.6532
Sr-Q6UjJq6g,Albert Regis,0.85,2.9489
Sr-Q6UjJq6g,Albert Regis,0.9,3.2555
Sr-Q6UjJq6g,Albert Regis,0.95,3.5723
Sr-Q6UjJq6g,Albert Regis,1.0,3.8987
Sr-Q6UjJq6g,Albert Regis,1.05,4.2344
Sr-Q6UjJq6g,Albert Regis,1.1,4.5787
Sr-Q6UjJq6g,Albert Regis,1.15,4.9312
Sr-Q6UjJq6g,Albert Regis,1.2,5.2916
Sr-Q6UjJq6g,Albert Regis,1.25,5.6593
Sr-Q6UjJq6g,Albert Regis,1.3,6.034
Sr-Q6UjJq6g,Albert Regis,1.35,6.4153
Sr-Q6UjJq6g,Albert Regis,1.4,6.8029
Sr-Q6UjJq6g,Albert Regis,1.45,7.1964
Sr-Q6UjJq6g,Albert Regis,1.5,7.5956
Sr-Q6UjJq6g,Albert Regis,1.55,8.0001
Sr-Q6UjJq6g,Albert Regis,1.6,8.4096
Sr-Q6UjJq6g,Albert Regis,1.65,8.8239
Sr-Q6UjJq6g,Albert Regis,1.7,9.2428
Sr-Q6UjJq6g,Albert Regis,1.75,9.6659
Sr-Q6UjJq6g,Albert Regis,1.8,10.0931
Sr-Q6UjJq6g,Albert Regis,1.85,10.5241
Sr-Q6UjJq6g,Albert Regis,1.9,10.9588
Sr-Q6UjJq6g,Albert Regis,1.95,11.397
Sr-Q6UjJq6g,Albert Regis,2.0,11.8384
Sr-Q6UjJq6g,Albert Regis,2.05,12.2829
Sr-Q6UjJq6g,Albert Regis,2.1,12.7304
Sr-Q6UjJq6g,Albert Regis,2.15,13.1806
Sr-Q6UjJq6g,Albert Regis,2.2,13.6334
Sr-Q6UjJq6g,Albert Regis,2.25,14.0888
Sr-Q6UjJq6g,Albert Regis,2.3,14.5465
Sr-Q6UjJq6g,Albert Regis,2.35,15.0064
Sr-Q6UjJq6g,Albert Regis,2.4,15.4685
Sr-Q6UjJq6g,Albert Regis,2.45,15.9326
Sr-Q6UjJq6g,Albert Regis,2.5,16.3986
Sr-Q6UjJq6g,Albert Regis,2.55,16.8663
Sr-Q6UjJq6g,Albert Regis,2.6,17.3358
Sr-Q6UjJq6g,Albert Regis,2.65,17.8069
Sr-Q6UjJq6g,Albert Regis,2.7,18.2795
Sr-Q6UjJq6g,Albert Regis,2.75,18.7536
Sr-Q6UjJq6g,Albert Regis,2.8,19.2291
Sr-Q6UjJq6g,Albert Regis,2.85,19.7058
Sr-Q6UjJq6g,Albert Regis,2.9,20.1838
Sr-Q6UjJq6g,Albert Regis,2.95,20.6629
Sr-Q6UjJq6g,Albert Regis,3.0,21.1432
Sr-Q6UjJq6g,Albert Regis,3.05,21.6245
Sr-Q6UjJq6g,Albert Regis,3.1,22.1068
Sr-Q6UjJq6g,Albert Regis,3.15,22.59
Sr-Q6UjJq6g,Albert Regis,3.2,23.0741
Sr-Q6UjJq6g,Albert Regis,3.25,23.559
Sr-Q6UjJq6g,Albert Regis,3.3,24.0448
Sr-Q6UjJq6g,Albert Regis,3.35,24.5313
Sr-Q6UjJq6g,Albert Regis,3.4,25.0185
Sr-Q6UjJq6g,Albert Regis,3.45,25.5064
Sr-Q6UjJq6g,Albert Regis,3.5,25.995
Sr-Q6UjJq6g,Albert Regis,3.55,26.4841
Sr-Q6UjJq6g,Albert Regis,3.6,26.9739
Sr-Q6UjJq6g,Albert Regis,3.65,27.4641
Sr-Q6UjJq6g,Albert Regis,3.7,27.9549
Sr-Q6UjJq6g,Albert Regis,3.75,28.4462
Sr-Q6UjJq6g,Albert Regis,3.8,28.938
Sr-Q6UjJq6g,Albert Regis,3.85,29.4302
Sr-Q6UjJq6g,Albert Regis,3.9,29.9228
Sr-Q6UjJq6g,Albert Regis,3.95,30.4157
Sr-Q6UjJq6g,Albert Regis,4.0,30.9091
Sr-Q6UjJq6g,Albert Regis,4.05,31.4028
Sr-Q6UjJq6g,Albert Regis,4.1,31.8969
Sr-Q6UjJq6g,Albert Regis,4.15,32.3913
Sr-Q6UjJq6g,Albert Regis,4.2,32.8859
Sr-Q6UjJq6g,Albert Regis,4.25,33.3809
Sr-Q6UjJq6g,Albert Regis,4.3,33.8761
Sr-Q6UjJq6g,Albert Regis,4.35,34.3716
Sr-Q6UjJq6g,Albert Regis,4.4,34.8673
Sr-Q6UjJq6g,Albert Regis,4.45,35.3633
Sr-Q6UjJq6g,Albert Regis,4.5,35.8595
Sr-Q6UjJq6g,Albert Regis,4.55,36.3558
Sr-Q6UjJq6g,Albert Regis,4.6,36.8524
Sr-Q6UjJq6g,Albert Regis,4.65,37.3492
Sr-Q6UjJq6g,Albert Regis,4.7,37.8461
Sr-Q6UjJq6g,Albert Regis,4.75,38.3432
Sr-Q6UjJq6g,Albert Regis,4.8,38.8404
Sr-Q6UjJq6g,Albert Regis,4.85,39.3378
Sr-Q6UjJq6g,Albert Regis,4.9,39.8354
Sr-Q6UjJq6g,Cameron Ball,0.0,0.0
Sr-Q6UjJq6g,Cameron Ball,0.05,0.0112
Sr-Q6UjJq6g,Cameron Ball,0.1,0.0443
Sr-Q6UjJq6g,Cameron Ball,0.15,0.0982
Sr-Q6UjJq6g,Cameron Ball,0.2,0.1719
Sr-Q6UjJq6g,Cameron Ball,0.25,0.2646
Sr-Q6UjJq6g,Cameron Ball,0.3,0.3755
Sr-Q6UjJq6g,Cameron Ball,0.35,0.5036
Sr-Q6UjJq6g,Cameron Ball,0.4,0.6482
Sr-Q6UjJq6g,Cameron Ball,0.45,0.8086
Sr-Q6UjJq6g,Cameron Ball,0.5,0.9841
Sr-Q6UjJq6g,Cameron Ball,0.55,1.1739
Sr-Q6UjJq6g,Cameron Ball,0.6,1.3775
Sr-Q6UjJq6g,Cameron Ball,0.65,1.5941
Sr-Q6UjJq6g,Cameron Ball,0.7,1.8232
Sr-Q6UjJq6g,Cameron Ball,0.75,2.0643
Sr-Q6UjJq6g,Cameron Ball,0.8,2.3168
Sr-Q6UjJq6g,Cameron Ball,0.85,2.5801
Sr-Q6UjJq6g,Cameron Ball,0.9,2.8539
Sr-Q6UjJq6g,Cameron Ball,0.95,3.1375
Sr-Q6UjJq6g,Cameron Ball,1.0,3.4307
Sr-Q6UjJq6g,Cameron Ball,1.05,3.7328
Sr-Q6UjJq6g,Cameron Ball,1.1,4.0436
Sr-Q6UjJq6g,Cameron Ball,1.15,4.3626
Sr-Q6UjJq6g,Cameron Ball,1.2,4.6895
Sr-Q6UjJq6g,Cameron Ball,1.25,5.0239
Sr-Q6UjJq6g,Cameron Ball,1.3,5.3655
Sr-Q6UjJq6g,Cameron Ball,1.35,5.7139
Sr-Q6UjJq6g,Cameron Ball,1.4,6.0689
Sr-Q6UjJq6g,Cameron Ball,1.45,6.4301
Sr-Q6UjJq6g,Cameron Ball,1.5,6.7972
Sr-Q6UjJq6g,Cameron Ball,1.55,7.17
Sr-Q6UjJq6g,Cameron Ball,1.6,7.5483
Sr-Q6UjJq6g,Cameron Ball,1.65,7.9317
Sr-Q6UjJq6g,Cameron Ball,1.7,8.3201
Sr-Q6UjJq6g,Cameron Ball,1.75,8.7132
Sr-Q6UjJq6g,Cameron Ball,1.8,9.1108
Sr-Q6UjJq6g,Cameron Ball,1.85,9.5127
Sr-Q6UjJq6g,Cameron Ball,1.9,9.9188
Sr-Q6UjJq6g,Cameron Ball,1.95,10.3287
Sr-Q6UjJq6g,Cameron Ball,2.0,10.7424
Sr-Q6UjJq6g,Cameron Ball,2.05,11.1597
Sr-Q6UjJq6g,Cameron Ball,2.1,11.5804
Sr-Q6UjJq6g,Cameron Ball,2.15,12.0044
Sr-Q6UjJq6g,Cameron Ball,2.2,12.4314
Sr-Q6UjJq6g,Cameron Ball,2.25,12.8615
Sr-Q6UjJq6g,Cameron Ball,2.3,13.2943
Sr-Q6UjJq6g,Cameron Ball,2.35,13.7299
Sr-Q6UjJq6g,Cameron Ball,2.4,14.1681
Sr-Q6UjJq6g,Cameron Ball,2.45,14.6087
Sr-Q6UjJq6g,Cameron Ball,2.5,15.0517
Sr-Q6UjJq6g,Cameron Ball,2.55,15.4969
Sr-Q6UjJq6g,Cameron Ball,2.6,15.9443
Sr-Q6UjJq6g,Cameron Ball,2.65,16.3938
Sr-Q6UjJq6g,Cameron Ball,2.7,16.8452
Sr-Q6UjJq6g,Cameron Ball,2.75,17.2984
Sr-Q6UjJq6g,Cameron Ball,2.8,17.7535
Sr-Q6UjJq6g,Cameron Ball,2.85,18.2102
Sr-Q6UjJq6g,Cameron Ball,2.9,18.6686
Sr-Q6UjJq6g,Cameron Ball,2.95,19.1286
Sr-Q6UjJq6g,Cameron Ball,3.0,19.59
Sr-Q6UjJq6g,Cameron Ball,3.05,20.0528
Sr-Q6UjJq6g,Cameron Ball,3.1,20.517
Sr-Q6UjJq6g,Cameron Ball,3.15,20.9825
Sr-Q6UjJq6g,Cameron Ball,3.2,21.4492
Sr-Q6UjJq6g,Cameron Ball,3.25,21.917
Sr-Q6UjJq6g,Cameron Ball,3.3,22.386
Sr-Q6UjJq6g,Cameron Ball,3.35,22.8561
Sr-Q6UjJq6g,Cameron Ball,3.4,23.3272
Sr-Q6UjJq6g,Cameron Ball,3.45,23.7993
Sr-Q6UjJq6g,Cameron Ball,3.5,24.2723
Sr-Q6UjJq6g,Cameron Ball,3.55,24.7462
Sr-Q6UjJq6g,Cameron Ball,3.6,25.2209
Sr-Q6UjJq6g,Cameron Ball,3.65,25.6965
Sr-Q6UjJq6g,Cameron Ball,3.7,26.1728
Sr-Q6UjJq6g,Cameron Ball,3.75,26.6499
Sr-Q6UjJq6g,Cameron Ball,3.8,27.1277
Sr-Q6UjJq6g,Cameron Ball,3.85,27.6061
Sr-Q6UjJq6g,Cameron Ball,3.9,28.0852
Sr-Q6UjJq6g,Cameron Ball,3.95,28.5649
Sr-Q6UjJq6g,Cameron Ball,4.0,29.0452
Sr-Q6UjJq6g,Cameron Ball,4.05,29.5261
Sr-Q6UjJq6g,Cameron Ball,4.1,30.0075
Sr-Q6UjJq6g,Cameron Ball,4.15,30.4894
Sr-Q6UjJq6g,Cameron Ball,4.2,30.9718
Sr-Q6UjJq6g,Cameron Ball,4.25,31.4546
Sr-Q6UjJq6g,Cameron Ball,4.3,31.9379
Sr-Q6UjJq6g,Cameron Ball,4.35,32.4216
Sr-Q6UjJq6g,Cameron Ball,4.4,32.9058
Sr-Q6UjJq6g,Cameron Ball,4.45,33.3903
Sr-Q6UjJq6g,Cameron Ball,4.5,33.8752
Sr-Q6UjJq6g,Cameron Ball,4.55,34.3604
Sr-Q6UjJq6g,Cameron Ball,4.6,34.846
Sr-Q6UjJq6g,Cameron Ball,4.65,35.3319
Sr-Q6UjJq6g,Cameron Ball,4.7,35.8181
Sr-Q6UjJq6g,Cameron Ball,4.75,36.3046
Sr-Q6UjJq6g,Cameron Ball,4.8,36.7913
Sr-Q6UjJq6g,Cameron Ball,4.85,37.2784
Sr-Q6UjJq6g,Cameron Ball,4.9,37.7657
Sr-Q6UjJq6g,Cameron Ball,4.95,38.2532
Sr-Q6UjJq6g,Cameron Ball,5.0,38.741
Sr-Q6UjJq6g,Cameron Ball,5.05,39.229
Sr-Q6UjJq6g,Cameron Ball,5.1,39.7172
Sr-Q6UjJq6g,DeMonte Capehart,0.0,0.0
Sr-Q6UjJq6g,DeMonte Capehart,0.05,0.0126
Sr-Q6UjJq6g,DeMonte Capehart,0.1,0.0497
Sr-Q6UjJq6g,DeMonte Capehart,0.15,0.1099
Sr-Q6UjJq6g,DeMonte Capehart,0.2,0.1923
Sr-Q6UjJq6g,DeMonte Capehart,0.25,0.2958
Sr-Q6UjJq6g,DeMonte Capehart,0.3,0.4193
Sr-Q6UjJq6g,DeMonte Capehart,0.35,0.5618
Sr-Q6UjJq6g,DeMonte Capehart,0.4,0.7225
Sr-Q6UjJq6g,DeMonte Capehart,0.45,0.9005
Sr-Q6UjJq6g,DeMonte Capehart,0.5,1.0949
Sr-Q6UjJq6g,DeMonte Capehart,0.55,1.3049
Sr-Q6UjJq6g,DeMonte Capehart,0.6,1.5298
Sr-Q6UjJq6g,DeMonte Capehart,0.65,1.7689
Sr-Q6UjJq6g,DeMonte Capehart,0.7,2.0215
Sr-Q6UjJq6g,DeMonte Capehart,0.75,2.2869
Sr-Q6UjJq6g,DeMonte Capehart,0.8,2.5645
Sr-Q6UjJq6g,DeMonte Capehart,0.85,2.8537
Sr-Q6UjJq6g,DeMonte Capehart,0.9,3.154
Sr-Q6UjJq6g,DeMonte Capehart,0.95,3.4648
Sr-Q6UjJq6g,DeMonte Capehart,1.0,3.7857
Sr-Q6UjJq6g,DeMonte Capehart,1.05,4.1161
Sr-Q6UjJq6g,DeMonte Capehart,1.1,4.4555
Sr-Q6UjJq6g,DeMonte Capehart,1.15,4.8036
Sr-Q6UjJq6g,DeMonte Capehart,1.2,5.1599
Sr-Q6UjJq6g,DeMonte Capehart,1.25,5.524
Sr-Q6UjJq6g,DeMonte Capehart,1.3,5.8956
Sr-Q6UjJq6g,DeMonte Capehart,1.35,6.2742
Sr-Q6UjJq6g,DeMonte Capehart,1.4,6.6596
Sr-Q6UjJq6g,DeMonte Capehart,1.45,7.0514
Sr-Q6UjJq6g,DeMonte Capehart,1.5,7.4493
Sr-Q6UjJq6g,DeMonte Capehart,1.55,7.8531
Sr-Q6UjJq6g,DeMonte Capehart,1.6,8.2623
Sr-Q6UjJq6g,DeMonte Capehart,1.65,8.6768
Sr-Q6UjJq6g,DeMonte Capehart,1.7,9.0964
Sr-Q6UjJq6g,DeMonte Capehart,1.75,9.5207
Sr-Q6UjJq6g,DeMonte Capehart,1.8,9.9495
Sr-Q6UjJq6g,DeMonte Capehart,1.85,10.3826
Sr-Q6UjJq6g,DeMonte Capehart,1.9,10.8199
Sr-Q6UjJq6g,DeMonte Capehart,1.95,11.2611
Sr-Q6UjJq6g,DeMonte Capehart,2.0,11.706
Sr-Q6UjJq6g,DeMonte Capehart,2.05,12.1544
Sr-Q6UjJq6g,DeMonte Capehart,2.1,12.6062
Sr-Q6UjJq6g,DeMonte Capehart,2.15,13.0612
Sr-Q6UjJq6g,DeMonte Capehart,2.2,13.5193
Sr-Q6UjJq6g,DeMonte Capehart,2.25,13.9803
Sr-Q6UjJq6g,DeMonte Capehart,2.3,14.444
Sr-Q6UjJq6g,DeMonte Capehart,2.35,14.9104
Sr-Q6UjJq6g,DeMonte Capehart,2.4,15.3793
Sr-Q6UjJq6g,DeMonte Capehart,2.45,15.8505
Sr-Q6UjJq6g,DeMonte Capehart,2.5,16.3241
Sr-Q6UjJq6g,DeMonte Capehart,2.55,16.7998
Sr-Q6UjJq6g,DeMonte Capehart,2.6,17.2775
Sr-Q6UjJq6g,DeMonte Capehart,2.65,17.7572
Sr-Q6UjJq6g,DeMonte Capehart,2.7,18.2388
Sr-Q6UjJq6g,DeMonte Capehart,2.75,18.7221
Sr-Q6UjJq6g,DeMonte Capehart,2.8,19.2071
Sr-Q6UjJq6g,DeMonte Capehart,2.85,19.6938
Sr-Q6UjJq6g,DeMonte Capehart,2.9,20.1819
Sr-Q6UjJq6g,DeMonte Capehart,2.95,20.6715
Sr-Q6UjJq6g,DeMonte Capehart,3.0,21.1625
Sr-Q6UjJq6g,DeMonte Capehart,3.05,21.6548
Sr-Q6UjJq6g,DeMonte Capehart,3.1,22.1484
Sr-Q6UjJq6g,DeMonte Capehart,3.15,22.6431
Sr-Q6UjJq6g,DeMonte Capehart,3.2,23.139
Sr-Q6UjJq6g,DeMonte Capehart,3.25,23.636
Sr-Q6UjJq6g,DeMonte Capehart,3.3,24.1339
Sr-Q6UjJq6g,DeMonte Capehart,3.35,24.6329
Sr-Q6UjJq6g,DeMonte Capehart,3.4,25.1328
Sr-Q6UjJq6g,DeMonte Capehart,3.45,25.6336
Sr-Q6UjJq6g,DeMonte Capehart,3.5,26.1352
Sr-Q6UjJq6g,DeMonte Capehart,3.55,26.6377
Sr-Q6UjJq6g,DeMonte Capehart,3.6,27.1409
Sr-Q6UjJq6g,DeMonte Capehart,3.65,27.6448
Sr-Q6UjJq6g,DeMonte Capehart,3.7,28.1494
Sr-Q6UjJq6g,DeMonte Capehart,3.75,28.6547
Sr-Q6UjJq6g,DeMonte Capehart,3.8,29.1606
Sr-Q6UjJq6g,DeMonte Capehart,3.85,29.667
Sr-Q6UjJq6g,DeMonte Capehart,3.9,30.1741
Sr-Q6UjJq6g,DeMonte Capehart,3.95,30.6817
Sr-Q6UjJq6g,DeMonte Capehart,4.0,31.1898
Sr-Q6UjJq6g,DeMonte Capehart,4.05,31.6984
Sr-Q6UjJq6g,DeMonte Capehart,4.1,32.2075
Sr-Q6UjJq6g,DeMonte Capehart,4.15,32.717
Sr-Q6UjJq6g,DeMonte Capehart,4.2,33.2269
Sr-Q6UjJq6g,DeMonte Capehart,4.25,33.7373
Sr-Q6UjJq6g,DeMonte Capehart,4.3,34.248
Sr-Q6UjJq6g,DeMonte Capehart,4.35,34.7591
Sr-Q6UjJq6g,DeMonte Capehart,4.4,35.2705
Sr-Q6UjJq6g,DeMonte Capehart,4.45,35.7822
Sr-Q6UjJq6g,DeMonte Capehart,4.5,36.2943
Sr-Q6UjJq6g,DeMonte Capehart,4.55,36.8067
Sr-Q6UjJq6g,DeMonte Capehart,4.6,37.3193
Sr-Q6UjJq6g,DeMonte Capehart,4.65,37.8323
Sr-Q6UjJq6g,DeMonte Capehart,4.7,38.3454
Sr-Q6UjJq6g,DeMonte Capehart,4.75,38.8588
Sr-Q6UjJq6g,DeMonte Capehart,4.8,39.3725
Sr-Q6UjJq6g,DeMonte Capehart,4.85,39.8864
Sr-Q6UjJq6g,Gracen Halton,0.0,0.0
Sr-Q6UjJq6g,Gracen Halton,0.05,0.0127
Sr-Q6UjJq6g,Gracen Halton,0.1,0.0499
Sr-Q6UjJq6g,Gracen Halton,0.15,0.1105
Sr-Q6UjJq6g,Gracen Halton,0.2,0.1934
Sr-Q6UjJq6g,Gracen Halton,0.25,0.2974
Sr-Q6UjJq6g,Gracen Halton,0.3,0.4215
Sr-Q6UjJq6g,Gracen Halton,0.35,0.5649
Sr-Q6UjJq6g,Gracen Halton,0.4,0.7265
Sr-Q6UjJq6g,Gracen Halton,0.45,0.9054
Sr-Q6UjJq6g,Gracen Halton,0.5,1.1009
Sr-Q6UjJq6g,Gracen Halton,0.55,1.3122
Sr-Q6UjJq6g,Gracen Halton,0.6,1.5384
Sr-Q6UjJq6g,Gracen Halton,0.65,1.7788
Sr-Q6UjJq6g,Gracen Halton,0.7,2.0329
Sr-Q6UjJq6g,Gracen Halton,0.75,2.2998
Sr-Q6UjJq6g,Gracen Halton,0.8,2.5791
Sr-Q6UjJq6g,Gracen Halton,0.85,2.87
Sr-Q6UjJq6g,Gracen Halton,0.9,3.1721
Sr-Q6UjJq6g,Gracen Halton,0.95,3.4848
Sr-Q6UjJq6g,Gracen Halton,1.0,3.8076
Sr-Q6UjJq6g,Gracen Halton,1.05,4.14
Sr-Q6UjJq6g,Gracen Halton,1.1,4.4815
Sr-Q6UjJq6g,Gracen Halton,1.15,4.8317
Sr-Q6UjJq6g,Gracen Halton,1.2,5.1902
Sr-Q6UjJq6g,Gracen Halton,1.25,5.5566
Sr-Q6UjJq6g,Gracen Halton,1.3,5.9305
Sr-Q6UjJq6g,Gracen Halton,1.35,6.3115
Sr-Q6UjJq6g,Gracen Halton,1.4,6.6993
Sr-Q6UjJq6g,Gracen Halton,1.45,7.0936
Sr-Q6UjJq6g,Gracen Halton,1.5,7.494
Sr-Q6UjJq6g,Gracen Halton,1.55,7.9003
Sr-Q6UjJq6g,Gracen Halton,1.6,8.3122
Sr-Q6UjJq6g,Gracen Halton,1.65,8.7294
Sr-Q6UjJq6g,Gracen Halton,1.7,9.1516
Sr-Q6UjJq6g,Gracen Halton,1.75,9.5786
Sr-Q6UjJq6g,Gracen Halton,1.8,10.0102
Sr-Q6UjJq6g,Gracen Halton,1.85,10.4462
Sr-Q6UjJq6g,Gracen Halton,1.9,10.8863
Sr-Q6UjJq6g,Gracen Halton,1.95,11.3304
Sr-Q6UjJq6g,Gracen Halton,2.0,11.7782
Sr-Q6UjJq6g,Gracen Halton,2.05,12.2296
Sr-Q6UjJq6g,Gracen Halton,2.1,12.6844
Sr-Q6UjJq6g,Gracen Halton,2.15,13.1424
Sr-Q6UjJq6g,Gracen Halton,2.2,13.6035
Sr-Q6UjJq6g,Gracen Halton,2.25,14.0676
Sr-Q6UjJq6g,Gracen Halton,2.3,14.5344
Sr-Q6UjJq6g,Gracen Halton,2.35,15.0039
Sr-Q6UjJq6g,Gracen Halton,2.4,15.476
Sr-Q6UjJq6g,Gracen Halton,2.45,15.9504
Sr-Q6UjJq6g,Gracen Halton,2.5,16.4271
Sr-Q6UjJq6g,Gracen Halton,2.55,16.906
Sr-Q6UjJq6g,Gracen Halton,2.6,17.387
Sr-Q6UjJq6g,Gracen Halton,2.65,17.87
Sr-Q6UjJq6g,Gracen Halton,2.7,18.3548
Sr-Q6UjJq6g,Gracen Halton,2.75,18.8415
Sr-Q6UjJq6g,Gracen Halton,2.8,19.3298
Sr-Q6UjJq6g,Gracen Halton,2.85,19.8198
Sr-Q6UjJq6g,Gracen Halton,2.9,20.3113
Sr-Q6UjJq6g,Gracen Halton,2.95,20.8042
Sr-Q6UjJq6g,Gracen Halton,3.0,21.2986
Sr-Q6UjJq6g,Gracen Halton,3.05,21.7943
Sr-Q6UjJq6g,Gracen Halton,3.1,22.2913
Sr-Q6UjJq6g,Gracen Halton,3.15,22.7894
Sr-Q6UjJq6g,Gracen Halton,3.2,23.2888
Sr-Q6UjJq6g,Gracen Halton,3.25,23.7892
Sr-Q6UjJq6g,Gracen Halton,3.3,24.2906
Sr-Q6UjJq6g,Gracen Halton,3.35,24.7931
Sr-Q6UjJq6g,Gracen Halton,3.4,25.2964
Sr-Q6UjJq6g,Gracen Halton,3.45,25.8007
Sr-Q6UjJq6g,Gracen Halton,3.5,26.3058
Sr-Q6UjJq6g,Gracen Halton,3.55,26.8118
Sr-Q6UjJq6g,Gracen Halton,3.6,27.3185
Sr-Q6UjJq6g,Gracen Halton,3.65,27.826
Sr-Q6UjJq6g,Gracen Halton,3.7,28.3341
Sr-Q6UjJq6g,Gracen Halton,3.75,28.8429
Sr-Q6UjJq6g,Gracen Halton,3.8,29.3524
Sr-Q6UjJq6g,Gracen Halton,3.85,29.8624
Sr-Q6UjJq6g,Gracen Halton,3.9,30.3731
Sr-Q6UjJq6g,Gracen Halton,3.95,30.8842
Sr-Q6UjJq6g,Gracen Halton,4.0,31.3959
Sr-Q6UjJq6g,Gracen Halton,4.05,31.9081
Sr-Q6UjJq6g,Gracen Halton,4.1,32.4208
Sr-Q6UjJq6g,Gracen Halton,4.15,32.9339
Sr-Q6UjJq6g,Gracen Halton,4.2,33.4474
Sr-Q6UjJq6g,Gracen Halton,4.25,33.9614
Sr-Q6UjJq6g,Gracen Halton,4.3,34.4757
Sr-Q6UjJq6g,Gracen Halton,4.35,34.9904
Sr-Q6UjJq6g,Gracen Halton,4.4,35.5055
Sr-Q6UjJq6g,Gracen Halton,4.45,36.0209
Sr-Q6UjJq6g,Gracen Halton,4.5,36.5366
Sr-Q6UjJq6g,Gracen Halton,4.55,37.0526
Sr-Q6UjJq6g,Gracen Halton,4.6,37.5689
Sr-Q6UjJq6g,Gracen Halton,4.65,38.0854
Sr-Q6UjJq6g,Gracen Halton,4.7,38.6023
Sr-Q6UjJq6g,Gracen Halton,4.75,39.1193
Sr-Q6UjJq6g,Gracen Halton,4.8,39.6367
Sr-Q6UjJq6g,Gracen Halton,4.85,40.1542
Sr-Q6UjJq6g,Chris McClellan,0.0,0.0
Sr-Q6UjJq6g,Chris McClellan,0.05,0.0111
Sr-Q6UjJq6g,Chris McClellan,0.1,0.0436
Sr-Q6UjJq6g,Chris McClellan,0.15,0.0968
Sr-Q6UjJq6g,Chris McClellan,0.2,0.1696
Sr-Q6UjJq6g,Chris McClellan,0.25,0.2612
Sr-Q6UjJq6g,Chris McClellan,0.3,0.3707
Sr-Q6UjJq6g,Chris McClellan,0.35,0.4975
Sr-Q6UjJq6g,Chris McClellan,0.4,0.6407
Sr-Q6UjJq6g,Chris McClellan,0.45,0.7996
Sr-Q6UjJq6g,Chris McClellan,0.5,0.9735
Sr-Q6UjJq6g,Chris McClellan,0.55,1.1619
Sr-Q6UjJq6g,Chris McClellan,0.6,1.3639
Sr-Q6UjJq6g,Chris McClellan,0.65,1.5792
Sr-Q6UjJq6g,Chris McClellan,0.7,1.807
Sr-Q6UjJq6g,Chris McClellan,0.75,2.0468
Sr-Q6UjJq6g,Chris McClellan,0.8,2.2981
Sr-Q6UjJq6g,Chris McClellan,0.85,2.5604
Sr-Q6UjJq6g,Chris McClellan,0.9,2.8332
Sr-Q6UjJq6g,Chris McClellan,0.95,3.116
Sr-Q6UjJq6g,Chris McClellan,1.0,3.4085
Sr-Q6UjJq6g,Chris McClellan,1.05,3.7102
Sr-Q6UjJq6g,Chris McClellan,1.1,4.0206
Sr-Q6UjJq6g,Chris McClellan,1.15,4.3395
Sr-Q6UjJq6g,Chris McClellan,1.2,4.6664
Sr-Q6UjJq6g,Chris McClellan,1.25,5.001
Sr-Q6UjJq6g,Chris McClellan,1.3,5.3429
Sr-Q6UjJq6g,Chris McClellan,1.35,5.6919
Sr-Q6UjJq6g,Chris McClellan,1.4,6.0476
Sr-Q6UjJq6g,Chris McClellan,1.45,6.4097
Sr-Q6UjJq6g,Chris McClellan,1.5,6.778
Sr-Q6UjJq6g,Chris McClellan,1.55,7.1521
Sr-Q6UjJq6g,Chris McClellan,1.6,7.5319
Sr-Q6UjJq6g,Chris McClellan,1.65,7.917
Sr-Q6UjJq6g,Chris McClellan,1.7,8.3073
Sr-Q6UjJq6g,Chris McClellan,1.75,8.7025
Sr-Q6UjJq6g,Chris McClellan,1.8,9.1024
Sr-Q6UjJq6g,Chris McClellan,1.85,9.5068
Sr-Q6UjJq6g,Chris McClellan,1.9,9.9154
Sr-Q6UjJq6g,Chris McClellan,1.95,10.3282
Sr-Q6UjJq6g,Chris McClellan,2.0,10.745
Sr-Q6UjJq6g,Chris McClellan,2.05,11.1655
Sr-Q6UjJq6g,Chris McClellan,2.1,11.5895
Sr-Q6UjJq6g,Chris McClellan,2.15,12.017
Sr-Q6UjJq6g,Chris McClellan,2.2,12.4478
Sr-Q6UjJq6g,Chris McClellan,2.25,12.8818
Sr-Q6UjJq6g,Chris McClellan,2.3,13.3187
Sr-Q6UjJq6g,Chris McClellan,2.35,13.7586
Sr-Q6UjJq6g,Chris McClellan,2.4,14.2011
Sr-Q6UjJq6g,Chris McClellan,2.45,14.6463
Sr-Q6UjJq6g,Chris McClellan,2.5,15.094
Sr-Q6UjJq6g,Chris McClellan,2.55,15.5442
Sr-Q6UjJq6g,Chris McClellan,2.6,15.9966
Sr-Q6UjJq6g,Chris McClellan,2.65,16.4512
Sr-Q6UjJq6g,Chris McClellan,2.7,16.9079
Sr-Q6UjJq6g,Chris McClellan,2.75,17.3666
Sr-Q6UjJq6g,Chris McClellan,2.8,17.8273
Sr-Q6UjJq6g,Chris McClellan,2.85,18.2897
Sr-Q6UjJq6g,Chris McClellan,2.9,18.754
Sr-Q6UjJq6g,Chris McClellan,2.95,19.2199
Sr-Q6UjJq6g,Chris McClellan,3.0,19.6874
Sr-Q6UjJq6g,Chris McClellan,3.05,20.1565
Sr-Q6UjJq6g,Chris McClellan,3.1,20.627
Sr-Q6UjJq6g,Chris McClellan,3.15,21.099
Sr-Q6UjJq6g,Chris McClellan,3.2,21.5723
Sr-Q6UjJq6g,Chris McClellan,3.25,22.0468
Sr-Q6UjJq6g,Chris McClellan,3.3,22.5226
Sr-Q6UjJq6g,Chris McClellan,3.35,22.9996
Sr-Q6UjJq6g,Chris McClellan,3.4,23.4777
Sr-Q6UjJq6g,Chris McClellan,3.45,23.9569
Sr-Q6UjJq6g,Chris McClellan,3.5,24.437
Sr-Q6UjJq6g,Chris McClellan,3.55,24.9182
Sr-Q6UjJq6g,Chris McClellan,3.6,25.4003
Sr-Q6UjJq6g,Chris McClellan,3.65,25.8834
Sr-Q6UjJq6g,Chris McClellan,3.7,26.3672
Sr-Q6UjJq6g,Chris McClellan,3.75,26.8519
Sr-Q6UjJq6g,Chris McClellan,3.8,27.3374
Sr-Q6UjJq6g,Chris McClellan,3.85,27.8237
Sr-Q6UjJq6g,Chris McClellan,3.9,28.3106
Sr-Q6UjJq6g,Chris McClellan,3.95,28.7983
Sr-Q6UjJq6g,Chris McClellan,4.0,29.2866
Sr-Q6UjJq6g,Chris McClellan,4.05,29.7755
Sr-Q6UjJq6g,Chris McClellan,4.1,30.265
Sr-Q6UjJq6g,Chris McClellan,4.15,30.7551
Sr-Q6UjJq6g,Chris McClellan,4.2,31.2458
Sr-Q6UjJq6g,Chris McClellan,4.25,31.7369
Sr-Q6UjJq6g,Chris McClellan,4.3,32.2286
Sr-Q6UjJq6g,Chris McClellan,4.35,32.7208
Sr-Q6UjJq6g,Chris McClellan,4.4,33.2134
Sr-Q6UjJq6g,Chris McClellan,4.45,33.7065
Sr-Q6UjJq6g,Chris McClellan,4.5,34.1999
Sr-Q6UjJq6g,Chris McClellan,4.55,34.6938
Sr-Q6UjJq6g,Chris McClellan,4.6,35.1881
Sr-Q6UjJq6g,Chris McClellan,4.65,35.6827
Sr-Q6UjJq6g,Chris McClellan,4.7,36.1777
Sr-Q6UjJq6g,Chris McClellan,4.75,36.673
Sr-Q6UjJq6g,Chris McClellan,4.8,37.1687
Sr-Q6UjJq6g,Chris McClellan,4.85,37.6646
Sr-Q6UjJq6g,Chris McClellan,4.9,38.1609
Sr-Q6UjJq6g,Chris McClellan,4.95,38.6574
Sr-Q6UjJq6g,Chris McClellan,5.0,39.1542
Sr-Q6UjJq6g,Chris McClellan,5.05,39.6512
Sr-Q6UjJq6g,Kaleb Proctor,0.0,0.0
Sr-Q6UjJq6g,Kaleb Proctor,0.05,0.0107
Sr-Q6UjJq6g,Kaleb Proctor,0.1,0.0424
Sr-Q6UjJq6g,Kaleb Proctor,0.15,0.0942
Sr-Q6UjJq6g,Kaleb Proctor,0.2,0.1653
Sr-Q6UjJq6g,Kaleb Proctor,0.25,0.255
Sr-Q6UjJq6g,Kaleb Proctor,0.3,0.3626
Sr-Q6UjJq6g,Kaleb Proctor,0.35,0.4874
Sr-Q6UjJq6g,Kaleb Proctor,0.4,0.6288
Sr-Q6UjJq6g,Kaleb Proctor,0.45,0.7861
Sr-Q6UjJq6g,Kaleb Proctor,0.5,0.9587
Sr-Q6UjJq6g,Kaleb Proctor,0.55,1.146
Sr-Q6UjJq6g,Kaleb Proctor,0.6,1.3475
Sr-Q6UjJq6g,Kaleb Proctor,0.65,1.5626
Sr-Q6UjJq6g,Kaleb Proctor,0.7,1.7908
Sr-Q6UjJq6g,Kaleb Proctor,0.75,2.0316
Sr-Q6UjJq6g,Kaleb Proctor,0.8,2.2845
Sr-Q6UjJq6g,Kaleb Proctor,0.85,2.549
Sr-Q6UjJq6g,Kaleb Proctor,0.9,2.8248
Sr-Q6UjJq6g,Kaleb Proctor,0.95,3.1113
Sr-Q6UjJq6g,Kaleb Proctor,1.0,3.4082
Sr-Q6UjJq6g,Kaleb Proctor,1.05,3.715
Sr-Q6UjJq6g,Kaleb Proctor,1.1,4.0314
Sr-Q6UjJq6g,Kaleb Proctor,1.15,4.3571
Sr-Q6UjJq6g,Kaleb Proctor,1.2,4.6916
Sr-Q6UjJq6g,Kaleb Proctor,1.25,5.0346
Sr-Q6UjJq6g,Kaleb Proctor,1.3,5.3858
Sr-Q6UjJq6g,Kaleb Proctor,1.35,5.745
Sr-Q6UjJq6g,Kaleb Proctor,1.4,6.1117
Sr-Q6UjJq6g,Kaleb Proctor,1.45,6.4856
Sr-Q6UjJq6g,Kaleb Proctor,1.5,6.8666
Sr-Q6UjJq6g,Kaleb Proctor,1.55,7.2544
Sr-Q6UjJq6g,Kaleb Proctor,1.6,7.6486
Sr-Q6UjJq6g,Kaleb Proctor,1.65,8.0491
Sr-Q6UjJq6g,Kaleb Proctor,1.7,8.4556
Sr-Q6UjJq6g,Kaleb Proctor,1.75,8.8678
Sr-Q6UjJq6g,Kaleb Proctor,1.8,9.2856
Sr-Q6UjJq6g,Kaleb Proctor,1.85,9.7087
Sr-Q6UjJq6g,Kaleb Proctor,1.9,10.137
Sr-Q6UjJq6g,Kaleb Proctor,1.95,10.5701
Sr-Q6UjJq6g,Kaleb Proctor,2.0,11.0081
Sr-Q6UjJq6g,Kaleb Proctor,2.05,11.4506
Sr-Q6UjJq6g,Kaleb Proctor,2.1,11.8975
Sr-Q6UjJq6g,Kaleb Proctor,2.15,12.3486
Sr-Q6UjJq6g,Kaleb Proctor,2.2,12.8038
Sr-Q6UjJq6g,Kaleb Proctor,2.25,13.2628
Sr-Q6UjJq6g,Kaleb Proctor,2.3,13.7257
Sr-Q6UjJq6g,Kaleb Proctor,2.35,14.1921
Sr-Q6UjJq6g,Kaleb Proctor,2.4,14.662
Sr-Q6UjJq6g,Kaleb Proctor,2.45,15.1353
Sr-Q6UjJq6g,Kaleb Proctor,2.5,15.6118
Sr-Q6UjJq6g,Kaleb Proctor,2.55,16.0914
Sr-Q6UjJq6g,Kaleb Proctor,2.6,16.5739
Sr-Q6UjJq6g,Kaleb Proctor,2.65,17.0593
Sr-Q6UjJq6g,Kaleb Proctor,2.7,17.5474
Sr-Q6UjJq6g,Kaleb Proctor,2.75,18.0382
Sr-Q6UjJq6g,Kaleb Proctor,2.8,18.5315
Sr-Q6UjJq6g,Kaleb Proctor,2.85,19.0273
Sr-Q6UjJq6g,Kaleb Proctor,2.9,19.5254
Sr-Q6UjJq6g,Kaleb Proctor,2.95,20.0258
Sr-Q6UjJq6g,Kaleb Proctor,3.0,20.5284
Sr-Q6UjJq6g,Kaleb Proctor,3.05,21.033
Sr-Q6UjJq6g,Kaleb Proctor,3.1,21.5397
Sr-Q6UjJq6g,Kaleb Proctor,3.15,22.0483
Sr-Q6UjJq6g,Kaleb Proctor,3.2,22.5587
Sr-Q6UjJq6g,Kaleb Proctor,3.25,23.071
Sr-Q6UjJq6g,Kaleb Proctor,3.3,23.5849
Sr-Q6UjJq6g,Kaleb Proctor,3.35,24.1006
Sr-Q6UjJq6g,Kaleb Proctor,3.4,24.6178
Sr-Q6UjJq6g,Kaleb Proctor,3.45,25.1365
Sr-Q6UjJq6g,Kaleb Proctor,3.5,25.6567
Sr-Q6UjJq6g,Kaleb Proctor,3.55,26.1784
Sr-Q6UjJq6g,Kaleb Proctor,3.6,26.7014
Sr-Q6UjJq6g,Kaleb Proctor,3.65,27.2257
Sr-Q6UjJq6g,Kaleb Proctor,3.7,27.7512
Sr-Q6UjJq6g,Kaleb Proctor,3.75,28.278
Sr-Q6UjJq6g,Kaleb Proctor,3.8,28.8059
Sr-Q6UjJq6g,Kaleb Proctor,3.85,29.335
Sr-Q6UjJq6g,Kaleb Proctor,3.9,29.8651
Sr-Q6UjJq6g,Kaleb Proctor,3.95,30.3963
Sr-Q6UjJq6g,Kaleb Proctor,4.0,30.9284
Sr-Q6UjJq6g,Kaleb Proctor,4.05,31.4616
Sr-Q6UjJq6g,Kaleb Proctor,4.1,31.9956
Sr-Q6UjJq6g,Kaleb Proctor,4.15,32.5305
Sr-Q6UjJq6g,Kaleb Proctor,4.2,33.0663
Sr-Q6UjJq6g,Kaleb Proctor,4.25,33.6029
Sr-Q6UjJq6g,Kaleb Proctor,4.3,34.1403
Sr-Q6UjJq6g,Kaleb Proctor,4.35,34.6785
Sr-Q6UjJq6g,Kaleb Proctor,4.4,35.2173
Sr-Q6UjJq6g,Kaleb Proctor,4.45,35.7569
Sr-Q6UjJq6g,Kaleb Proctor,4.5,36.2972
Sr-Q6UjJq6g,Kaleb Proctor,4.55,36.8381
Sr-Q6UjJq6g,Kaleb Proctor,4.6,37.3796
Sr-Q6UjJq6g,Kaleb Proctor,4.65,37.9217
Sr-Q6UjJq6g,Kaleb Proctor,4.7,38.4644
Sr-Q6UjJq6g,Kaleb Proctor,4.75,39.0077
Sr-Q6UjJq6g,Kaleb Proctor,4.8,39.5515
Sr-Q6UjJq6g,Albert Regis,0.0,0.0
Sr-Q6UjJq6g,Albert Regis,0.05,0.0118
Sr-Q6UjJq6g,Albert Regis,0.1,0.0463
Sr-Q6UjJq6g,Albert Regis,0.15,0.1026
Sr-Q6UjJq6g,Albert Regis,0.2,0.1798
Sr-Q6UjJq6g,Albert Regis,0.25,0.2768
Sr-Q6UjJq6g,Albert Regis,0.3,0.3928
Sr-Q6UjJq6g,Albert Regis,0.35,0.5269
Sr-Q6UjJq6g,Albert Regis,0.4,0.6783
Sr-Q6UjJq6g,Albert Regis,0.45,0.8463
Sr-Q6UjJq6g,Albert Regis,0.5,1.03
Sr-Q6UjJq6g,Albert Regis,0.55,1.2289
Sr-Q6UjJq6g,Albert Regis,0.6,1.4421
Sr-Q6UjJq6g,Albert Regis,0.65,1.6692
Sr-Q6UjJq6g,Albert Regis,0.7,1.9093
Sr-Q6UjJq6g,Albert Regis,0.75,2.1621
Sr-Q6UjJq6g,Albert Regis,0.8,2.4268
Sr-Q6UjJq6g,Albert Regis,0.85,2.703
Sr-Q6UjJq6g,Albert Regis,0.9,2.9901
Sr-Q6UjJq6g,Albert Regis,0.95,3.2877
Sr-Q6UjJq6g,Albert Regis,1.0,3.5953
Sr-Q6UjJq6g,Albert Regis,1.05,3.9124
Sr-Q6UjJq6g,Albert Regis,1.1,4.2386
Sr-Q6UjJq6g,Albert Regis,1.15,4.5735
Sr-Q6UjJq6g,Albert Regis,1.2,4.9167
Sr-Q6UjJq6g,Albert Regis,1.25,5.2679
Sr-Q6UjJq6g,Albert Regis,1.3,5.6266
Sr-Q6UjJq6g,Albert Regis,1.35,5.9926
Sr-Q6UjJq6g,Albert Regis,1.4,6.3655
Sr-Q6UjJq6g,Albert Regis,1.45,6.745
Sr-Q6UjJq6g,Albert Regis,1.5,7.1308
Sr-Q6UjJq6g,Albert Regis,1.55,7.5226
Sr-Q6UjJq6g,Albert Regis,1.6,7.9202
Sr-Q6UjJq6g,Albert Regis,1.65,8.3233
Sr-Q6UjJq6g,Albert Regis,1.7,8.7317
Sr-Q6UjJq6g,Albert Regis,1.75,9.145
Sr-Q6UjJq6g,Albert Regis,1.8,9.5632
Sr-Q6UjJq6g,Albert Regis,1.85,9.9859
Sr-Q6UjJq6g,Albert Regis,1.9,10.413
Sr-Q6UjJq6g,Albert Regis,1.95,10.8443
Sr-Q6UjJq6g,Albert Regis,2.0,11.2796
Sr-Q6UjJq6g,Albert Regis,2.05,11.7187
Sr-Q6UjJq6g,Albert Regis,2.1,12.1614
Sr-Q6UjJq6g,Albert Regis,2.15,12.6076
Sr-Q6UjJq6g,Albert Regis,2.2,13.0571
Sr-Q6UjJq6g,Albert Regis,2.25,13.5098
Sr-Q6UjJq6g,Albert Regis,2.3,13.9655
Sr-Q6UjJq6g,Albert Regis,2.35,14.4241
Sr-Q6UjJq6g,Albert Regis,2.4,14.8855
Sr-Q6UjJq6g,Albert Regis,2.45,15.3495
Sr-Q6UjJq6g,Albert Regis,2.5,15.816
Sr-Q6UjJq6g,Albert Regis,2.55,16.2849
Sr-Q6UjJq6g,Albert Regis,2.6,16.7562
Sr-Q6UjJq6g,Albert Regis,2.65,17.2296
Sr-Q6UjJq6g,Albert Regis,2.7,17.7051
Sr-Q6UjJq6g,Albert Regis,2.75,18.1827
Sr-Q6UjJq6g,Albert Regis,2.8,18.6621
Sr-Q6UjJq6g,Albert Regis,2.85,19.1434
Sr-Q6UjJq6g,Albert Regis,2.9,19.6264
Sr-Q6UjJq6g,Albert Regis,2.95,20.1111
Sr-Q6UjJq6g,Albert Regis,3.0,20.5974
Sr-Q6UjJq6g,Albert Regis,3.05,21.0852
Sr-Q6UjJq6g,Albert Regis,3.1,21.5745
Sr-Q6UjJq6g,Albert Regis,3.15,22.0651
Sr-Q6UjJq6g,Albert Regis,3.2,22.5571
Sr-Q6UjJq6g,Albert Regis,3.25,23.0503
Sr-Q6UjJq6g,Albert Regis,3.3,23.5448
Sr-Q6UjJq6g,Albert Regis,3.35,24.0404
Sr-Q6UjJq6g,Albert Regis,3.4,24.5371
Sr-Q6UjJq6g,Albert Regis,3.45,25.0349
Sr-Q6UjJq6g,Albert Regis,3.5,25.5336
Sr-Q6UjJq6g,Albert Regis,3.55,26.0334
Sr-Q6UjJq6g,Albert Regis,3.6,26.534
Sr-Q6UjJq6g,Albert Regis,3.65,27.0356
Sr-Q6UjJq6g,Albert Regis,3.7,27.5379
Sr-Q6UjJq6g,Albert Regis,3.75,28.0411
Sr-Q6UjJq6g,Albert Regis,3.8,28.545
Sr-Q6UjJq6g,Albert Regis,3.85,29.0497
Sr-Q6UjJq6g,Albert Regis,3.9,29.5551
Sr-Q6UjJq6g,Albert Regis,3.95,30.0611
Sr-Q6UjJq6g,Albert Regis,4.0,30.5677
Sr-Q6UjJq6g,Albert Regis,4.05,31.075
Sr-Q6UjJq6g,Albert Regis,4.1,31.5829
Sr-Q6UjJq6g,Albert Regis,4.15,32.0913
Sr-Q6UjJq6g,Albert Regis,4.2,32.6002
Sr-Q6UjJq6g,Albert Regis,4.25,33.1097
Sr-Q6UjJq6g,Albert Regis,4.3,33.6196
Sr-Q6UjJq6g,Albert Regis,4.35,34.13
Sr-Q6UjJq6g,Albert Regis,4.4,34.6408
Sr-Q6UjJq6g,Albert Regis,4.45,35.1521
Sr-Q6UjJq6g,Albert Regis,4.5,35.6637
Sr-Q6UjJq6g,Albert Regis,4.55,36.1757
Sr-Q6UjJq6g,Albert Regis,4.6,36.6882
Sr-Q6UjJq6g,Albert Regis,4.65,37.2009
Sr-Q6UjJq6g,Albert Regis,4.7,37.714
Sr-Q6UjJq6g,Albert Regis,4.75,38.2274
Sr-Q6UjJq6g,Albert Regis,4.8,38.7411
Sr-Q6UjJq6g,Albert Regis,4.85,39.2551
Sr-Q6UjJq6g,Albert Regis,4.9,39.7694
UcatZ1FYe5E,Xavier Nwankpa,0.0,0.0
UcatZ1FYe5E,Xavier Nwankpa,0.05,0.0141
UcatZ1FYe5E,Xavier Nwankpa,0.1,0.0554
UcatZ1FYe5E,Xavier Nwankpa,0.15,0.1227
UcatZ1FYe5E,Xavier Nwankpa,0.2,0.2147
UcatZ1FYe5E,Xavier Nwankpa,0.25,0.3301
UcatZ1FYe5E,Xavier Nwankpa,0.3,0.4678
UcatZ1FYe5E,Xavier Nwankpa,0.35,0.6267
UcatZ1FYe5E,Xavier Nwankpa,0.4,0.8059
UcatZ1FYe5E,Xavier Nwankpa,0.45,1.0042
UcatZ1FYe5E,Xavier Nwankpa,0.5,1.2208
UcatZ1FYe5E,Xavier Nwankpa,0.55,1.4548
UcatZ1FYe5E,Xavier Nwankpa,0.6,1.7053
UcatZ1FYe5E,Xavier Nwankpa,0.65,1.9715
UcatZ1FYe5E,Xavier Nwankpa,0.7,2.2526
UcatZ1FYe5E,Xavier Nwankpa,0.75,2.548
UcatZ1FYe5E,Xavier Nwankpa,0.8,2.8569
UcatZ1FYe5E,Xavier Nwankpa,0.85,3.1786
UcatZ1FYe5E,Xavier Nwankpa,0.9,3.5126
UcatZ1FYe5E,Xavier Nwankpa,0.95,3.8583
UcatZ1FYe5E,Xavier Nwankpa,1.0,4.215
UcatZ1FYe5E,Xavier Nwankpa,1.05,4.5822
UcatZ1FYe5E,Xavier Nwankpa,1.1,4.9595
UcatZ1FYe5E,Xavier Nwankpa,1.15,5.3463
UcatZ1FYe5E,Xavier Nwankpa,1.2,5.7421
UcatZ1FYe5E,Xavier Nwankpa,1.25,6.1466
UcatZ1FYe5E,Xavier Nwankpa,1.3,6.5592
UcatZ1FYe5E,Xavier Nwankpa,1.35,6.9797
UcatZ1FYe5E,Xavier Nwankpa,1.4,7.4075
UcatZ1FYe5E,Xavier Nwankpa,1.45,7.8424
UcatZ1FYe5E,Xavier Nwankpa,1.5,8.2841
UcatZ1FYe5E,Xavier Nwankpa,1.55,8.7321
UcatZ1FYe5E,Xavier Nwankpa,1.6,9.1862
UcatZ1FYe5E,Xavier Nwankpa,1.65,9.646
UcatZ1FYe5E,Xavier Nwankpa,1.7,10.1114
UcatZ1FYe5E,Xavier Nwankpa,1.75,10.5819
UcatZ1FYe5E,Xavier Nwankpa,1.8,11.0575
UcatZ1FYe5E,Xavier Nwankpa,1.85,11.5378
UcatZ1FYe5E,Xavier Nwankpa,1.9,12.0225
UcatZ1FYe5E,Xavier Nwankpa,1.95,12.5116
UcatZ1FYe5E,Xavier Nwankpa,2.0,13.0047
UcatZ1FYe5E,Xavier Nwankpa,2.05,13.5016
UcatZ1FYe5E,Xavier Nwankpa,2.1,14.0023
UcatZ1FYe5E,Xavier Nwankpa,2.15,14.5064
UcatZ1FYe5E,Xavier Nwankpa,2.2,15.0139
UcatZ1FYe5E,Xavier Nwankpa,2.25,15.5246
UcatZ1FYe5E,Xavier Nwankpa,2.3,16.0382
UcatZ1FYe5E,Xavier Nwankpa,2.35,16.5547
UcatZ1FYe5E,Xavier Nwankpa,2.4,17.074
UcatZ1FYe5E,Xavier Nwankpa,2.45,17.5958
UcatZ1FYe5E,Xavier Nwankpa,2.5,18.1201
UcatZ1FYe5E,Xavier Nwankpa,2.55,18.6468
UcatZ1FYe5E,Xavier Nwankpa,2.6,19.1757
UcatZ1FYe5E,Xavier Nwankpa,2.65,19.7067
UcatZ1FYe5E,Xavier Nwankpa,2.7,20.2397
UcatZ1FYe5E,Xavier Nwankpa,2.75,20.7746
UcatZ1FYe5E,Xavier Nwankpa,2.8,21.3114
UcatZ1FYe5E,Xavier Nwankpa,2.85,21.8499
UcatZ1FYe5E,Xavier Nwankpa,2.9,22.39
UcatZ1FYe5E,Xavier Nwankpa,2.95,22.9317
UcatZ1FYe5E,Xavier Nwankpa,3.0,23.475
UcatZ1FYe5E,Xavier Nwankpa,3.05,24.0196
UcatZ1FYe5E,Xavier Nwankpa,3.1,24.5656
UcatZ1FYe5E,Xavier Nwankpa,3.15,25.1128
UcatZ1FYe5E,Xavier Nwankpa,3.2,25.6613
UcatZ1FYe5E,Xavier Nwankpa,3.25,26.211
UcatZ1FYe5E,Xavier Nwankpa,3.3,26.7618
UcatZ1FYe5E,Xavier Nwankpa,3.35,27.3136
UcatZ1FYe5E,Xavier Nwankpa,3.4,27.8664
UcatZ1FYe5E,Xavier Nwankpa,3.45,28.4202
UcatZ1FYe5E,Xavier Nwankpa,3.5,28.9748
UcatZ1FYe5E,Xavier Nwankpa,3.55,29.5304
UcatZ1FYe5E,Xavier Nwankpa,3.6,30.0867
UcatZ1FYe5E,Xavier Nwankpa,3.65,30.6439
UcatZ1FYe5E,Xavier Nwankpa,3.7,31.2017
UcatZ1FYe5E,Xavier Nwankpa,3.75,31.7603
UcatZ1FYe5E,Xavier Nwankpa,3.8,32.3196
UcatZ1FYe5E,Xavier Nwankpa,3.85,32.8795
UcatZ1FYe5E,Xavier Nwankpa,3.9,33.44
UcatZ1FYe5E,Xavier Nwankpa,3.95,34.001
UcatZ1FYe5E,Xavier Nwankpa,4.0,34.5627
UcatZ1FYe5E,Xavier Nwankpa,4.05,35.1248
UcatZ1FYe5E,Xavier Nwankpa,4.1,35.6875
UcatZ1FYe5E,Xavier Nwankpa,4.15,36.2506
UcatZ1FYe5E,Xavier Nwankpa,4.2,36.8141
UcatZ1FYe5E,Xavier Nwankpa,4.25,37.3781
UcatZ1FYe5E,Xavier Nwankpa,4.3,37.9425
UcatZ1FYe5E,Xavier Nwankpa,4.35,38.5073
UcatZ1FYe5E,Xavier Nwankpa,4.4,39.0724
UcatZ1FYe5E,Xavier Nwankpa,4.45,39.6379
UcatZ1FYe5E,VJ Payne,0.0,0.0
UcatZ1FYe5E,VJ Payne,0.05,0.018
UcatZ1FYe5E,VJ Payne,0.1,0.0703
UcatZ1FYe5E,VJ Payne,0.15,0.1548
UcatZ1FYe5E,VJ Payne,0.2,0.2693
UcatZ1FYe5E,VJ Payne,0.25,0.4119
UcatZ1FYe5E,VJ Payne,0.3,0.5807
UcatZ1FYe5E,VJ Payne,0.35,0.7741
UcatZ1FYe5E,VJ Payne,0.4,0.9903
UcatZ1FYe5E,VJ Payne,0.45,1.228
UcatZ1FYe5E,VJ Payne,0.5,1.4858
UcatZ1FYe5E,VJ Payne,0.55,1.7623
UcatZ1FYe5E,VJ Payne,0.6,2.0562
UcatZ1FYe5E,VJ Payne,0.65,2.3666
UcatZ1FYe5E,VJ Payne,0.7,2.6922
UcatZ1FYe5E,VJ Payne,0.75,3.0321
UcatZ1FYe5E,VJ Payne,0.8,3.3854
UcatZ1FYe5E,VJ Payne,0.85,3.7512
UcatZ1FYe5E,VJ Payne,0.9,4.1286
UcatZ1FYe5E,VJ Payne,0.95,4.517
UcatZ1FYe5E,VJ Payne,1.0,4.9156
UcatZ1FYe5E,VJ Payne,1.05,5.3237
UcatZ1FYe5E,VJ Payne,1.1,5.7407
UcatZ1FYe5E,VJ Payne,1.15,6.1661
UcatZ1FYe5E,VJ Payne,1.2,6.5992
UcatZ1FYe5E,VJ Payne,1.25,7.0396
UcatZ1FYe5E,VJ Payne,1.3,7.4868
UcatZ1FYe5E,VJ Payne,1.35,7.9404
UcatZ1FYe5E,VJ Payne,1.4,8.4
UcatZ1FYe5E,VJ Payne,1.45,8.865
UcatZ1FYe5E,VJ Payne,1.5,9.3353
UcatZ1FYe5E,VJ Payne,1.55,9.8105
UcatZ1FYe5E,VJ Payne,1.6,10.2901
UcatZ1FYe5E,VJ Payne,1.65,10.7741
UcatZ1FYe5E,VJ Payne,1.7,11.262
UcatZ1FYe5E,VJ Payne,1.75,11.7535
UcatZ1FYe5E,VJ Payne,1.8,12.2486
UcatZ1FYe5E,VJ Payne,1.85,12.7469
UcatZ1FYe5E,VJ Payne,1.9,13.2482
UcatZ1FYe5E,VJ Payne,1.95,13.7524
UcatZ1FYe5E,VJ Payne,2.0,14.2592
UcatZ1FYe5E,VJ Payne,2.05,14.7685
UcatZ1FYe5E,VJ Payne,2.1,15.28
UcatZ1FYe5E,VJ Payne,2.15,15.7938
UcatZ1FYe5E,VJ Payne,2.2,16.3096
UcatZ1FYe5E,VJ Payne,2.25,16.8272
UcatZ1FYe5E,VJ Payne,2.3,17.3466
UcatZ1FYe5E,VJ Payne,2.35,17.8677
UcatZ1FYe5E,VJ Payne,2.4,18.3903
UcatZ1FYe5E,VJ Payne,2.45,18.9144
UcatZ1FYe5E,VJ Payne,2.5,19.4398
UcatZ1FYe5E,VJ Payne,2.55,19.9664
UcatZ1FYe5E,VJ Payne,2.6,20.4943
UcatZ1FYe5E,VJ Payne,2.65,21.0232
UcatZ1FYe5E,VJ Payne,2.7,21.5531
UcatZ1FYe5E,VJ Payne,2.75,22.0841
UcatZ1FYe5E,VJ Payne,2.8,22.6159
UcatZ1FYe5E,VJ Payne,2.85,23.1486
UcatZ1FYe5E,VJ Payne,2.9,23.682
UcatZ1FYe5E,VJ Payne,2.95,24.2162
UcatZ1FYe5E,VJ Payne,3.0,24.7511
UcatZ1FYe5E,VJ Payne,3.05,25.2866
UcatZ1FYe5E,VJ Payne,3.1,25.8227
UcatZ1FYe5E,VJ Payne,3.15,26.3593
UcatZ1FYe5E,VJ Payne,3.2,26.8965
UcatZ1FYe5E,VJ Payne,3.25,27.4342
UcatZ1FYe5E,VJ Payne,3.3,27.9724
UcatZ1FYe5E,VJ Payne,3.35,28.5109
UcatZ1FYe5E,VJ Payne,3.4,29.0499
UcatZ1FYe5E,VJ Payne,3.45,29.5892
UcatZ1FYe5E,VJ Payne,3.5,30.1289
UcatZ1FYe5E,VJ Payne,3.55,30.6689
UcatZ1FYe5E,VJ Payne,3.6,31.2093
UcatZ1FYe5E,VJ Payne,3.65,31.7499
UcatZ1FYe5E,VJ Payne,3.7,32.2908
UcatZ1FYe5E,VJ Payne,3.75,32.8319
UcatZ1FYe5E,VJ Payne,3.8,33.3732
UcatZ1FYe5E,VJ Payne,3.85,33.9148
UcatZ1FYe5E,VJ Payne,3.9,34.4566
UcatZ1FYe5E,VJ Payne,3.95,34.9986
UcatZ1FYe5E,VJ Payne,4.0,35.5407
UcatZ1FYe5E,VJ Payne,4.05,36.083
UcatZ1FYe5E,VJ Payne,4.1,36.6255
UcatZ1FYe5E,VJ Payne,4.15,37.1681
UcatZ1FYe5E,VJ Payne,4.2,37.7108
UcatZ1FYe5E,VJ Payne,4.25,38.2537
UcatZ1FYe5E,VJ Payne,4.3,38.7967
UcatZ1FYe5E,VJ Payne,4.35,39.3398
UcatZ1FYe5E,VJ Payne,4.4,39.883
UcatZ1FYe5E,Robert Spears-Jennings,0.0,0.0
UcatZ1FYe5E,Robert Spears-Jennings,0.05,0.0163
UcatZ1FYe5E,Robert Spears-Jennings,0.1,0.0638
UcatZ1FYe5E,Robert Spears-Jennings,0.15,0.1409
UcatZ1FYe5E,Robert Spears-Jennings,0.2,0.246
UcatZ1FYe5E,Robert Spears-Jennings,0.25,0.3774
UcatZ1FYe5E,Robert Spears-Jennings,0.3,0.5337
UcatZ1FYe5E,Robert Spears-Jennings,0.35,0.7135
UcatZ1FYe5E,Robert Spears-Jennings,0.4,0.9155
UcatZ1FYe5E,Robert Spears-Jennings,0.45,1.1386
UcatZ1FYe5E,Robert Spears-Jennings,0.5,1.3814
UcatZ1FYe5E,Robert Spears-Jennings,0.55,1.6429
UcatZ1FYe5E,Robert Spears-Jennings,0.6,1.9221
UcatZ1FYe5E,Robert Spears-Jennings,0.65,2.218
UcatZ1FYe5E,Robert Spears-Jennings,0.7,2.5296
UcatZ1FYe5E,Robert Spears-Jennings,0.75,2.8561
UcatZ1FYe5E,Robert Spears-Jennings,0.8,3.1967
UcatZ1FYe5E,Robert Spears-Jennings,0.85,3.5505
UcatZ1FYe5E,Robert Spears-Jennings,0.9,3.9169
UcatZ1FYe5E,Robert Spears-Jennings,0.95,4.2951
UcatZ1FYe5E,Robert Spears-Jennings,1.0,4.6845
UcatZ1FYe5E,Robert Spears-Jennings,1.05,5.0845
UcatZ1FYe5E,Robert Spears-Jennings,1.1,5.4944
UcatZ1FYe5E,Robert Spears-Jennings,1.15,5.9137
UcatZ1FYe5E,Robert Spears-Jennings,1.2,6.342
UcatZ1FYe5E,Robert Spears-Jennings,1.25,6.7786
UcatZ1FYe5E,Robert Spears-Jennings,1.3,7.2232
UcatZ1FYe5E,Robert Spears-Jennings,1.35,7.6752
UcatZ1FYe5E,Robert Spears-Jennings,1.4,8.1343
UcatZ1FYe5E,Robert Spears-Jennings,1.45,8.6002
UcatZ1FYe5E,Robert Spears-Jennings,1.5,9.0723
UcatZ1FYe5E,Robert Spears-Jennings,1.55,9.5504
UcatZ1FYe5E,Robert Spears-Jennings,1.6,10.0341
UcatZ1FYe5E,Robert Spears-Jennings,1.65,10.5231
UcatZ1FYe5E,Robert Spears-Jennings,1.7,11.0171
UcatZ1FYe5E,Robert Spears-Jennings,1.75,11.5159
UcatZ1FYe5E,Robert Spears-Jennings,1.8,12.0192
UcatZ1FYe5E,Robert Spears-Jennings,1.85,12.5267
UcatZ1FYe5E,Robert Spears-Jennings,1.9,13.0382
UcatZ1FYe5E,Robert Spears-Jennings,1.95,13.5534
UcatZ1FYe5E,Robert Spears-Jennings,2.0,14.0722
UcatZ1FYe5E,Robert Spears-Jennings,2.05,14.5944
UcatZ1FYe5E,Robert Spears-Jennings,2.1,15.1198
UcatZ1FYe5E,Robert Spears-Jennings,2.15,15.6481
UcatZ1FYe5E,Robert Spears-Jennings,2.2,16.1793
UcatZ1FYe5E,Robert Spears-Jennings,2.25,16.7132
UcatZ1FYe5E,Robert Spears-Jennings,2.3,17.2496
UcatZ1FYe5E,Robert Spears-Jennings,2.35,17.7884
UcatZ1FYe5E,Robert Spears-Jennings,2.4,18.3294
UcatZ1FYe5E,Robert Spears-Jennings,2.45,18.8725
UcatZ1FYe5E,Robert Spears-Jennings,2.5,19.4177
UcatZ1FYe5E,Robert Spears-Jennings,2.55,19.9648
UcatZ1FYe5E,Robert Spears-Jennings,2.6,20.5136
UcatZ1FYe5E,Robert Spears-Jennings,2.65,21.0642
UcatZ1FYe5E,Robert Spears-Jennings,2.7,21.6164
UcatZ1FYe5E,Robert Spears-Jennings,2.75,22.17
UcatZ1FYe5E,Robert Spears-Jennings,2.8,22.7251
UcatZ1FYe5E,Robert Spears-Jennings,2.85,23.2815
UcatZ1FYe5E,Robert Spears-Jennings,2.9,23.8393
UcatZ1FYe5E,Robert Spears-Jennings,2.95,24.3982
UcatZ1FYe5E,Robert Spears-Jennings,3.0,24.9582
UcatZ1FYe5E,Robert Spears-Jennings,3.05,25.5193
UcatZ1FYe5E,Robert Spears-Jennings,3.1,26.0814
UcatZ1FYe5E,Robert Spears-Jennings,3.15,26.6445
UcatZ1FYe5E,Robert Spears-Jennings,3.2,27.2085
UcatZ1FYe5E,Robert Spears-Jennings,3.25,27.7734
UcatZ1FYe5E,Robert Spears-Jennings,3.3,28.339
UcatZ1FYe5E,Robert Spears-Jennings,3.35,28.9054
UcatZ1FYe5E,Robert Spears-Jennings,3.4,29.4725
UcatZ1FYe5E,Robert Spears-Jennings,3.45,30.0403
UcatZ1FYe5E,Robert Spears-Jennings,3.5,30.6088
UcatZ1FYe5E,Robert Spears-Jennings,3.55,31.1778
UcatZ1FYe5E,Robert Spears-Jennings,3.6,31.7474
UcatZ1FYe5E,Robert Spears-Jennings,3.65,32.3176
UcatZ1FYe5E,Robert Spears-Jennings,3.7,32.8882
UcatZ1FYe5E,Robert Spears-Jennings,3.75,33.4594
UcatZ1FYe5E,Robert Spears-Jennings,3.8,34.031
UcatZ1FYe5E,Robert Spears-Jennings,3.85,34.603
UcatZ1FYe5E,Robert Spears-Jennings,3.9,35.1754
UcatZ1FYe5E,Robert Spears-Jennings,3.95,35.7483
UcatZ1FYe5E,Robert Spears-Jennings,4.0,36.3214
UcatZ1FYe5E,Robert Spears-Jennings,4.05,36.895
UcatZ1FYe5E,Robert Spears-Jennings,4.1,37.4688
UcatZ1FYe5E,Robert Spears-Jennings,4.15,38.0429
UcatZ1FYe5E,Robert Spears-Jennings,4.2,38.6174
UcatZ1FYe5E,Robert Spears-Jennings,4.25,39.1921
UcatZ1FYe5E,Robert Spears-Jennings,4.3,39.767
UcatZ1FYe5E,Treydan Stukes,0.0,0.0
UcatZ1FYe5E,Treydan Stukes,0.05,0.0172
UcatZ1FYe5E,Treydan Stukes,0.1,0.0676
UcatZ1FYe5E,Treydan Stukes,0.15,0.149
UcatZ1FYe5E,Treydan Stukes,0.2,0.2596
UcatZ1FYe5E,Treydan Stukes,0.25,0.3977
UcatZ1FYe5E,Treydan Stukes,0.3,0.5615
UcatZ1FYe5E,Treydan Stukes,0.35,0.7495
UcatZ1FYe5E,Treydan Stukes,0.4,0.9603
UcatZ1FYe5E,Treydan Stukes,0.45,1.1925
UcatZ1FYe5E,Treydan Stukes,0.5,1.4447
UcatZ1FYe5E,Treydan Stukes,0.55,1.7158
UcatZ1FYe5E,Treydan Stukes,0.6,2.0046
UcatZ1FYe5E,Treydan Stukes,0.65,2.3101
UcatZ1FYe5E,Treydan Stukes,0.7,2.6312
UcatZ1FYe5E,Treydan Stukes,0.75,2.967
UcatZ1FYe5E,Treydan Stukes,0.8,3.3166
UcatZ1FYe5E,Treydan Stukes,0.85,3.6791
UcatZ1FYe5E,Treydan Stukes,0.9,4.0539
UcatZ1FYe5E,Treydan Stukes,0.95,4.4401
UcatZ1FYe5E,Treydan Stukes,1.0,4.837
UcatZ1FYe5E,Treydan Stukes,1.05,5.244
UcatZ1FYe5E,Treydan Stukes,1.1,5.6606
UcatZ1FYe5E,Treydan Stukes,1.15,6.086
UcatZ1FYe5E,Treydan Stukes,1.2,6.5198
UcatZ1FYe5E,Treydan Stukes,1.25,6.9615
UcatZ1FYe5E,Treydan Stukes,1.3,7.4106
UcatZ1FYe5E,Treydan Stukes,1.35,7.8666
UcatZ1FYe5E,Treydan Stukes,1.4,8.3292
UcatZ1FYe5E,Treydan Stukes,1.45,8.7979
UcatZ1FYe5E,Treydan Stukes,1.5,9.2723
UcatZ1FYe5E,Treydan Stukes,1.55,9.7522
UcatZ1FYe5E,Treydan Stukes,1.6,10.2371
UcatZ1FYe5E,Treydan Stukes,1.65,10.7268
UcatZ1FYe5E,Treydan Stukes,1.7,11.221
UcatZ1FYe5E,Treydan Stukes,1.75,11.7194
UcatZ1FYe5E,Treydan Stukes,1.8,12.2218
UcatZ1FYe5E,Treydan Stukes,1.85,12.7278
UcatZ1FYe5E,Treydan Stukes,1.9,13.2374
UcatZ1FYe5E,Treydan Stukes,1.95,13.7503
UcatZ1FYe5E,Treydan Stukes,2.0,14.2662
UcatZ1FYe5E,Treydan Stukes,2.05,14.7851
UcatZ1FYe5E,Treydan Stukes,2.1,15.3066
UcatZ1FYe5E,Treydan Stukes,2.15,15.8307
UcatZ1FYe5E,Treydan Stukes,2.2,16.3572
UcatZ1FYe5E,Treydan Stukes,2.25,16.886
UcatZ1FYe5E,Treydan Stukes,2.3,17.4169
UcatZ1FYe5E,Treydan Stukes,2.35,17.9498
UcatZ1FYe5E,Treydan Stukes,2.4,18.4846
UcatZ1FYe5E,Treydan Stukes,2.45,19.0211
UcatZ1FYe5E,Treydan Stukes,2.5,19.5593
UcatZ1FYe5E,Treydan Stukes,2.55,20.099
UcatZ1FYe5E,Treydan Stukes,2.6,20.6401
UcatZ1FYe5E,Treydan Stukes,2.65,21.1827
UcatZ1FYe5E,Treydan Stukes,2.7,21.7265
UcatZ1FYe5E,Treydan Stukes,2.75,22.2716
UcatZ1FYe5E,Treydan Stukes,2.8,22.8177
UcatZ1FYe5E,Treydan Stukes,2.85,23.365
UcatZ1FYe5E,Treydan Stukes,2.9,23.9132
UcatZ1FYe5E,Treydan Stukes,2.95,24.4624
UcatZ1FYe5E,Treydan Stukes,3.0,25.0125
UcatZ1FYe5E,Treydan Stukes,3.05,25.5634
UcatZ1FYe5E,Treydan Stukes,3.1,26.1151
UcatZ1FYe5E,Treydan Stukes,3.15,26.6675
UcatZ1FYe5E,Treydan Stukes,3.2,27.2206
UcatZ1FYe5E,Treydan Stukes,3.25,27.7744
UcatZ1FYe5E,Treydan Stukes,3.3,28.3287
UcatZ1FYe5E,Treydan Stukes,3.35,28.8836
UcatZ1FYe5E,Treydan Stukes,3.4,29.4391
UcatZ1FYe5E,Treydan Stukes,3.45,29.9951
UcatZ1FYe5E,Treydan Stukes,3.5,30.5515
UcatZ1FYe5E,Treydan Stukes,3.55,31.1084
UcatZ1FYe5E,Treydan Stukes,3.6,31.6657
UcatZ1FYe5E,Treydan Stukes,3.65,32.2234
UcatZ1FYe5E,Treydan Stukes,3.7,32.7815
UcatZ1FYe5E,Treydan Stukes,3.75,33.3399
UcatZ1FYe5E,Treydan Stukes,3.8,33.8987
UcatZ1FYe5E,Treydan Stukes,3.85,34.4577
UcatZ1FYe5E,Treydan Stukes,3.9,35.017
UcatZ1FYe5E,Treydan Stukes,3.95,35.5767
UcatZ1FYe5E,Treydan Stukes,4.0,36.1365
UcatZ1FYe5E,Treydan Stukes,4.05,36.6966
UcatZ1FYe5E,Treydan Stukes,4.1,37.2569
UcatZ1FYe5E,Treydan Stukes,4.15,37.8175
UcatZ1FYe5E,Treydan Stukes,4.2,38.3782
UcatZ1FYe5E,Treydan Stukes,4.25,38.9391
UcatZ1FYe5E,Treydan Stukes,4.3,39.5002
UcatZ1FYe5E,Lorenzo Styles Jr.,0.0,0.0
UcatZ1FYe5E,Lorenzo Styles Jr.,0.05,0.0173
UcatZ1FYe5E,Lorenzo Styles Jr.,0.1,0.0677
UcatZ1FYe5E,Lorenzo Styles Jr.,0.15,0.1494
UcatZ1FYe5E,Lorenzo Styles Jr.,0.2,0.2603
UcatZ1FYe5E,Lorenzo Styles Jr.,0.25,0.3989
UcatZ1FYe5E,Lorenzo Styles Jr.,0.3,0.5635
UcatZ1FYe5E,Lorenzo Styles Jr.,0.35,0.7525
UcatZ1FYe5E,Lorenzo Styles Jr.,0.4,0.9644
UcatZ1FYe5E,Lorenzo Styles Jr.,0.45,1.198
UcatZ1FYe5E,Lorenzo Styles Jr.,0.5,1.4518
UcatZ1FYe5E,Lorenzo Styles Jr.,0.55,1.7248
UcatZ1FYe5E,Lorenzo Styles Jr.,0.6,2.0158
UcatZ1FYe5E,Lorenzo Styles Jr.,0.65,2.3237
UcatZ1FYe5E,Lorenzo Styles Jr.,0.7,2.6474
UcatZ1FYe5E,Lorenzo Styles Jr.,0.75,2.9862
UcatZ1FYe5E,Lorenzo Styles Jr.,0.8,3.339
UcatZ1FYe5E,Lorenzo Styles Jr.,0.85,3.705
UcatZ1FYe5E,Lorenzo Styles Jr.,0.9,4.0835
UcatZ1FYe5E,Lorenzo Styles Jr.,0.95,4.4737
UcatZ1FYe5E,Lorenzo Styles Jr.,1.0,4.875
UcatZ1FYe5E,Lorenzo Styles Jr.,1.05,5.2865
UcatZ1FYe5E,Lorenzo Styles Jr.,1.1,5.7079
UcatZ1FYe5E,Lorenzo Styles Jr.,1.15,6.1383
UcatZ1FYe5E,Lorenzo Styles Jr.,1.2,6.5775
UcatZ1FYe5E,Lorenzo Styles Jr.,1.25,7.0247
UcatZ1FYe5E,Lorenzo Styles Jr.,1.3,7.4795
UcatZ1FYe5E,Lorenzo Styles Jr.,1.35,7.9415
UcatZ1FYe5E,Lorenzo Styles Jr.,1.4,8.4103
UcatZ1FYe5E,Lorenzo Styles Jr.,1.45,8.8854
UcatZ1FYe5E,Lorenzo Styles Jr.,1.5,9.3665
UcatZ1FYe5E,Lorenzo Styles Jr.,1.55,9.8532
UcatZ1FYe5E,Lorenzo Styles Jr.,1.6,10.3452
UcatZ1FYe5E,Lorenzo Styles Jr.,1.65,10.8422
UcatZ1FYe5E,Lorenzo Styles Jr.,1.7,11.3438
UcatZ1FYe5E,Lorenzo Styles Jr.,1.75,11.8498
UcatZ1FYe5E,Lorenzo Styles Jr.,1.8,12.3599
UcatZ1FYe5E,Lorenzo Styles Jr.,1.85,12.874
UcatZ1FYe5E,Lorenzo Styles Jr.,1.9,13.3917
UcatZ1FYe5E,Lorenzo Styles Jr.,1.95,13.9128
UcatZ1FYe5E,Lorenzo Styles Jr.,2.0,14.4372
UcatZ1FYe5E,Lorenzo Styles Jr.,2.05,14.9646
UcatZ1FYe5E,Lorenzo Styles Jr.,2.1,15.4949
UcatZ1FYe5E,Lorenzo Styles Jr.,2.15,16.0279
UcatZ1FYe5E,Lorenzo Styles Jr.,2.2,16.5634
UcatZ1FYe5E,Lorenzo Styles Jr.,2.25,17.1012
UcatZ1FYe5E,Lorenzo Styles Jr.,2.3,17.6414
UcatZ1FYe5E,Lorenzo Styles Jr.,2.35,18.1836
UcatZ1FYe5E,Lorenzo Styles Jr.,2.4,18.7278
UcatZ1FYe5E,Lorenzo Styles Jr.,2.45,19.2739
UcatZ1FYe5E,Lorenzo Styles Jr.,2.5,19.8217
UcatZ1FYe5E,Lorenzo Styles Jr.,2.55,20.3712
UcatZ1FYe5E,Lorenzo Styles Jr.,2.6,20.9223
UcatZ1FYe5E,Lorenzo Styles Jr.,2.65,21.4747
UcatZ1FYe5E,Lorenzo Styles Jr.,2.7,22.0286
UcatZ1FYe5E,Lorenzo Styles Jr.,2.75,22.5838
UcatZ1FYe5E,Lorenzo Styles Jr.,2.8,23.1401
UcatZ1FYe5E,Lorenzo Styles Jr.,2.85,23.6977
UcatZ1FYe5E,Lorenzo Styles Jr.,2.9,24.2563
UcatZ1FYe5E,Lorenzo Styles Jr.,2.95,24.8159
UcatZ1FYe5E,Lorenzo Styles Jr.,3.0,25.3764
UcatZ1FYe5E,Lorenzo Styles Jr.,3.05,25.9378
UcatZ1FYe5E,Lorenzo Styles Jr.,3.1,26.5001
UcatZ1FYe5E,Lorenzo Styles Jr.,3.15,27.0632
UcatZ1FYe5E,Lorenzo Styles Jr.,3.2,27.627
UcatZ1FYe5E,Lorenzo Styles Jr.,3.25,28.1915
UcatZ1FYe5E,Lorenzo Styles Jr.,3.3,28.7567
UcatZ1FYe5E,Lorenzo Styles Jr.,3.35,29.3225
UcatZ1FYe5E,Lorenzo Styles Jr.,3.4,29.8889
UcatZ1FYe5E,Lorenzo Styles Jr.,3.45,30.4558
UcatZ1FYe5E,Lorenzo Styles Jr.,3.5,31.0233
UcatZ1FYe5E,Lorenzo Styles Jr.,3.55,31.5912
UcatZ1FYe5E,Lorenzo Styles Jr.,3.6,32.1596
UcatZ1FYe5E,Lorenzo Styles Jr.,3.65,32.7284
UcatZ1FYe5E,Lorenzo Styles Jr.,3.7,33.2976
UcatZ1FYe5E,Lorenzo Styles Jr.,3.75,33.8672
UcatZ1FYe5E,Lorenzo Styles Jr.,3.8,34.4372
UcatZ1FYe5E,Lorenzo Styles Jr.,3.85,35.0074
UcatZ1FYe5E,Lorenzo Styles Jr.,3.9,35.578
UcatZ1FYe5E,Lorenzo Styles Jr.,3.95,36.1489
UcatZ1FYe5E,Lorenzo Styles Jr.,4.0,36.7201
UcatZ1FYe5E,Lorenzo Styles Jr.,4.05,37.2916
UcatZ1FYe5E,Lorenzo Styles Jr.,4.1,37.8633
UcatZ1FYe5E,Lorenzo Styles Jr.,4.15,38.4352
UcatZ1FYe5E,Lorenzo Styles Jr.,4.2,39.0073
UcatZ1FYe5E,Lorenzo Styles Jr.,4.25,39.5797
UcatZ1FYe5E,Michael Taaffe,0.0,0.0
UcatZ1FYe5E,Michael Taaffe,0.05,0.0146
UcatZ1FYe5E,Michael Taaffe,0.1,0.0573
UcatZ1FYe5E,Michael Taaffe,0.15,0.1266
UcatZ1FYe5E,Michael Taaffe,0.2,0.2213
UcatZ1FYe5E,Michael Taaffe,0.25,0.34
UcatZ1FYe5E,Michael Taaffe,0.3,0.4815
UcatZ1FYe5E,Michael Taaffe,0.35,0.6445
UcatZ1FYe5E,Michael Taaffe,0.4,0.8281
UcatZ1FYe5E,Michael Taaffe,0.45,1.031
UcatZ1FYe5E,Michael Taaffe,0.5,1.2524
UcatZ1FYe5E,Michael Taaffe,0.55,1.4913
UcatZ1FYe5E,Michael Taaffe,0.6,1.7468
UcatZ1FYe5E,Michael Taaffe,0.65,2.018
UcatZ1FYe5E,Michael Taaffe,0.7,2.3041
UcatZ1FYe5E,Michael Taaffe,0.75,2.6044
UcatZ1FYe5E,Michael Taaffe,0.8,2.9181
UcatZ1FYe5E,Michael Taaffe,0.85,3.2446
UcatZ1FYe5E,Michael Taaffe,0.9,3.5831
UcatZ1FYe5E,Michael Taaffe,0.95,3.9331
UcatZ1FYe5E,Michael Taaffe,1.0,4.2939
UcatZ1FYe5E,Michael Taaffe,1.05,4.6651
UcatZ1FYe5E,Michael Taaffe,1.1,5.046
UcatZ1FYe5E,Michael Taaffe,1.15,5.4362
UcatZ1FYe5E,Michael Taaffe,1.2,5.8352
UcatZ1FYe5E,Michael Taaffe,1.25,6.2426
UcatZ1FYe5E,Michael Taaffe,1.3,6.6578
UcatZ1FYe5E,Michael Taaffe,1.35,7.0806
UcatZ1FYe5E,Michael Taaffe,1.4,7.5105
UcatZ1FYe5E,Michael Taaffe,1.45,7.9472
UcatZ1FYe5E,Michael Taaffe,1.5,8.3902
UcatZ1FYe5E,Michael Taaffe,1.55,8.8394
UcatZ1FYe5E,Michael Taaffe,1.6,9.2943
UcatZ1FYe5E,Michael Taaffe,1.65,9.7546
UcatZ1FYe5E,Michael Taaffe,1.7,10.2202
UcatZ1FYe5E,Michael Taaffe,1.75,10.6907
UcatZ1FYe5E,Michael Taaffe,1.8,11.1658
UcatZ1FYe5E,Michael Taaffe,1.85,11.6454
UcatZ1FYe5E,Michael Taaffe,1.9,12.1292
UcatZ1FYe5E,Michael Taaffe,1.95,12.6169
UcatZ1FYe5E,Michael Taaffe,2.0,13.1084
UcatZ1FYe5E,Michael Taaffe,2.05,13.6036
UcatZ1FYe5E,Michael Taaffe,2.1,14.1021
UcatZ1FYe5E,Michael Taaffe,2.15,14.6038
UcatZ1FYe5E,Michael Taaffe,2.2,15.1086
UcatZ1FYe5E,Michael Taaffe,2.25,15.6163
UcatZ1FYe5E,Michael Taaffe,2.3,16.1268
UcatZ1FYe5E,Michael Taaffe,2.35,16.6398
UcatZ1FYe5E,Michael Taaffe,2.4,17.1554
UcatZ1FYe5E,Michael Taaffe,2.45,17.6732
UcatZ1FYe5E,Michael Taaffe,2.5,18.1934
UcatZ1FYe5E,Michael Taaffe,2.55,18.7156
UcatZ1FYe5E,Michael Taaffe,2.6,19.2398
UcatZ1FYe5E,Michael Taaffe,2.65,19.7659
UcatZ1FYe5E,Michael Taaffe,2.7,20.2939
UcatZ1FYe5E,Michael Taaffe,2.75,20.8235
UcatZ1FYe5E,Michael Taaffe,2.8,21.3548
UcatZ1FYe5E,Michael Taaffe,2.85,21.8876
UcatZ1FYe5E,Michael Taaffe,2.9,22.4219
UcatZ1FYe5E,Michael Taaffe,2.95,22.9575
UcatZ1FYe5E,Michael Taaffe,3.0,23.4945
UcatZ1FYe5E,Michael Taaffe,3.05,24.0327
UcatZ1FYe5E,Michael Taaffe,3.1,24.5721
UcatZ1FYe5E,Michael Taaffe,3.15,25.1126
UcatZ1FYe5E,Michael Taaffe,3.2,25.6542
UcatZ1FYe5E,Michael Taaffe,3.25,26.1967
UcatZ1FYe5E,Michael Taaffe,3.3,26.7403
UcatZ1FYe5E,Michael Taaffe,3.35,27.2847
UcatZ1FYe5E,Michael Taaffe,3.4,27.83
UcatZ1FYe5E,Michael Taaffe,3.45,28.3762
UcatZ1FYe5E,Michael Taaffe,3.5,28.9231
UcatZ1FYe5E,Michael Taaffe,3.55,29.4707
UcatZ1FYe5E,Michael Taaffe,3.6,30.019
UcatZ1FYe5E,Michael Taaffe,3.65,30.568
UcatZ1FYe5E,Michael Taaffe,3.7,31.1176
UcatZ1FYe5E,Michael Taaffe,3.75,31.6679
UcatZ1FYe5E,Michael Taaffe,3.8,32.2186
UcatZ1FYe5E,Michael Taaffe,3.85,32.7699
UcatZ1FYe5E,Michael Taaffe,3.9,33.3218
UcatZ1FYe5E,Michael Taaffe,3.95,33.8741
UcatZ1FYe5E,Michael Taaffe,4.0,34.4268
UcatZ1FYe5E,Michael Taaffe,4.05,34.98
UcatZ1FYe5E,Michael Taaffe,4.1,35.5336
UcatZ1FYe5E,Michael Taaffe,4.15,36.0876
UcatZ1FYe5E,Michael Taaffe,4.2,36.642
UcatZ1FYe5E,Michael Taaffe,4.25,37.1967
UcatZ1FYe5E,Michael Taaffe,4.3,37.7517
UcatZ1FYe5E,Michael Taaffe,4.35,38.3071
UcatZ1FYe5E,Michael Taaffe,4.4,38.8627
UcatZ1FYe5E,Michael Taaffe,4.45,39.4187
UcatZ1FYe5E,Michael Taaffe,4.5,39.9749
UcatZ1FYe5E,Dillon Thieneman,0.0,0.0
UcatZ1FYe5E,Dillon Thieneman,0.05,0.0134
UcatZ1FYe5E,Dillon Thieneman,0.1,0.0529
UcatZ1FYe5E,Dillon Thieneman,0.15,0.1173
UcatZ1FYe5E,Dillon Thieneman,0.2,0.2055
UcatZ1FYe5E,Dillon Thieneman,0.25,0.3165
UcatZ1FYe5E,Dillon Thieneman,0.3,0.4494
UcatZ1FYe5E,Dillon Thieneman,0.35,0.603
UcatZ1FYe5E,Dillon Thieneman,0.4,0.7766
UcatZ1FYe5E,Dillon Thieneman,0.45,0.9693
UcatZ1FYe5E,Dillon Thieneman,0.5,1.1802
UcatZ1FYe5E,Dillon Thieneman,0.55,1.4085
UcatZ1FYe5E,Dillon Thieneman,0.6,1.6535
UcatZ1FYe5E,Dillon Thieneman,0.65,1.9144
UcatZ1FYe5E,Dillon Thieneman,0.7,2.1906
UcatZ1FYe5E,Dillon Thieneman,0.75,2.4814
UcatZ1FYe5E,Dillon Thieneman,0.8,2.7861
UcatZ1FYe5E,Dillon Thieneman,0.85,3.1042
UcatZ1FYe5E,Dillon Thieneman,0.9,3.435
UcatZ1FYe5E,Dillon Thieneman,0.95,3.7781
UcatZ1FYe5E,Dillon Thieneman,1.0,4.1328
UcatZ1FYe5E,Dillon Thieneman,1.05,4.4986
UcatZ1FYe5E,Dillon Thieneman,1.1,4.8751
UcatZ1FYe5E,Dillon Thieneman,1.15,5.2619
UcatZ1FYe5E,Dillon Thieneman,1.2,5.6583
UcatZ1FYe5E,Dillon Thieneman,1.25,6.0642
UcatZ1FYe5E,Dillon Thieneman,1.3,6.4789
UcatZ1FYe5E,Dillon Thieneman,1.35,6.9022
UcatZ1FYe5E,Dillon Thieneman,1.4,7.3336
UcatZ1FYe5E,Dillon Thieneman,1.45,7.7729
UcatZ1FYe5E,Dillon Thieneman,1.5,8.2196
UcatZ1FYe5E,Dillon Thieneman,1.55,8.6735
UcatZ1FYe5E,Dillon Thieneman,1.6,9.1342
UcatZ1FYe5E,Dillon Thieneman,1.65,9.6014
UcatZ1FYe5E,Dillon Thieneman,1.7,10.0749
UcatZ1FYe5E,Dillon Thieneman,1.75,10.5543
UcatZ1FYe5E,Dillon Thieneman,1.8,11.0394
UcatZ1FYe5E,Dillon Thieneman,1.85,11.5301
UcatZ1FYe5E,Dillon Thieneman,1.9,12.0259
UcatZ1FYe5E,Dillon Thieneman,1.95,12.5267
UcatZ1FYe5E,Dillon Thieneman,2.0,13.0323
UcatZ1FYe5E,Dillon Thieneman,2.05,13.5425
UcatZ1FYe5E,Dillon Thieneman,2.1,14.0571
UcatZ1FYe5E,Dillon Thieneman,2.15,14.5758
UcatZ1FYe5E,Dillon Thieneman,2.2,15.0985
UcatZ1FYe5E,Dillon Thieneman,2.25,15.6251
UcatZ1FYe5E,Dillon Thieneman,2.3,16.1553
UcatZ1FYe5E,Dillon Thieneman,2.35,16.689
UcatZ1FYe5E,Dillon Thieneman,2.4,17.226
UcatZ1FYe5E,Dillon Thieneman,2.45,17.7663
UcatZ1FYe5E,Dillon Thieneman,2.5,18.3096
UcatZ1FYe5E,Dillon Thieneman,2.55,18.8558
UcatZ1FYe5E,Dillon Thieneman,2.6,19.4048
UcatZ1FYe5E,Dillon Thieneman,2.65,19.9565
UcatZ1FYe5E,Dillon Thieneman,2.7,20.5108
UcatZ1FYe5E,Dillon Thieneman,2.75,21.0674
UcatZ1FYe5E,Dillon Thieneman,2.8,21.6265
UcatZ1FYe5E,Dillon Thieneman,2.85,22.1878
UcatZ1FYe5E,Dillon Thieneman,2.9,22.7512
UcatZ1FYe5E,Dillon Thieneman,2.95,23.3166
UcatZ1FYe5E,Dillon Thieneman,3.0,23.884
UcatZ1FYe5E,Dillon Thieneman,3.05,24.4533
UcatZ1FYe5E,Dillon Thieneman,3.1,25.0244
UcatZ1FYe5E,Dillon Thieneman,3.15,25.5972
UcatZ1FYe5E,Dillon Thieneman,3.2,26.1716
UcatZ1FYe5E,Dillon Thieneman,3.25,26.7476
UcatZ1FYe5E,Dillon Thieneman,3.3,27.3251
UcatZ1FYe5E,Dillon Thieneman,3.35,27.904
UcatZ1FYe5E,Dillon Thieneman,3.4,28.4843
UcatZ1FYe5E,Dillon Thieneman,3.45,29.0659
UcatZ1FYe5E,Dillon Thieneman,3.5,29.6488
UcatZ1FYe5E,Dillon Thieneman,3.55,30.2328
UcatZ1FYe5E,Dillon Thieneman,3.6,30.818
UcatZ1FYe5E,Dillon Thieneman,3.65,31.4043
UcatZ1FYe5E,Dillon Thieneman,3.7,31.9916
UcatZ1FYe5E,Dillon Thieneman,3.75,32.58
UcatZ1FYe5E,Dillon Thieneman,3.8,33.1693
UcatZ1FYe5E,Dillon Thieneman,3.85,33.7595
UcatZ1FYe5E,Dillon Thieneman,3.9,34.3505
UcatZ1FYe5E,Dillon Thieneman,3.95,34.9425
UcatZ1FYe5E,Dillon Thieneman,4.0,35.5352
UcatZ1FYe5E,Dillon Thieneman,4.05,36.1287
UcatZ1FYe5E,Dillon Thieneman,4.1,36.7229
UcatZ1FYe5E,Dillon Thieneman,4.15,37.3178
UcatZ1FYe5E,Dillon Thieneman,4.2,37.9134
UcatZ1FYe5E,Dillon Thieneman,4.25,38.5097
UcatZ1FYe5E,Dillon Thieneman,4.3,39.1065
UcatZ1FYe5E,Dillon Thieneman,4.35,39.704
UcatZ1FYe5E,Bud Clark,0.0,0.0
UcatZ1FYe5E,Bud Clark,0.05,0.0153
UcatZ1FYe5E,Bud Clark,0.1,0.0602
UcatZ1FYe5E,Bud Clark,0.15,0.133
UcatZ1FYe5E,Bud Clark,0.2,0.2322
UcatZ1FYe5E,Bud Clark,0.25,0.3564
UcatZ1FYe5E,Bud Clark,0.3,0.5042
UcatZ1FYe5E,Bud Clark,0.35,0.6743
UcatZ1FYe5E,Bud Clark,0.4,0.8656
UcatZ1FYe5E,Bud Clark,0.45,1.0768
UcatZ1FYe5E,Bud Clark,0.5,1.3069
UcatZ1FYe5E,Bud Clark,0.55,1.5549
UcatZ1FYe5E,Bud Clark,0.6,1.8197
UcatZ1FYe5E,Bud Clark,0.65,2.1006
UcatZ1FYe5E,Bud Clark,0.7,2.3965
UcatZ1FYe5E,Bud Clark,0.75,2.7067
UcatZ1FYe5E,Bud Clark,0.8,3.0304
UcatZ1FYe5E,Bud Clark,0.85,3.3669
UcatZ1FYe5E,Bud Clark,0.9,3.7154
UcatZ1FYe5E,Bud Clark,0.95,4.0754
UcatZ1FYe5E,Bud Clark,1.0,4.4461
UcatZ1FYe5E,Bud Clark,1.05,4.8271
UcatZ1FYe5E,Bud Clark,1.1,5.2177
UcatZ1FYe5E,Bud Clark,1.15,5.6175
UcatZ1FYe5E,Bud Clark,1.2,6.0259
UcatZ1FYe5E,Bud Clark,1.25,6.4424
UcatZ1FYe5E,Bud Clark,1.3,6.8667
UcatZ1FYe5E,Bud Clark,1.35,7.2983
UcatZ1FYe5E,Bud Clark,1.4,7.7368
UcatZ1FYe5E,Bud Clark,1.45,8.1818
UcatZ1FYe5E,Bud Clark,1.5,8.6329
UcatZ1FYe5E,Bud Clark,1.55,9.0899
UcatZ1FYe5E,Bud Clark,1.6,9.5525
UcatZ1FYe5E,Bud Clark,1.65,10.0202
UcatZ1FYe5E,Bud Clark,1.7,10.4929
UcatZ1FYe5E,Bud Clark,1.75,10.9702
UcatZ1FYe5E,Bud Clark,1.8,11.452
UcatZ1FYe5E,Bud Clark,1.85,11.938
UcatZ1FYe5E,Bud Clark,1.9,12.4278
UcatZ1FYe5E,Bud Clark,1.95,12.9215
UcatZ1FYe5E,Bud Clark,2.0,13.4186
UcatZ1FYe5E,Bud Clark,2.05,13.9191
UcatZ1FYe5E,Bud Clark,2.1,14.4227
UcatZ1FYe5E,Bud Clark,2.15,14.9293
UcatZ1FYe5E,Bud Clark,2.2,15.4388
UcatZ1FYe5E,Bud Clark,2.25,15.9509
UcatZ1FYe5E,Bud Clark,2.3,16.4655
UcatZ1FYe5E,Bud Clark,2.35,16.9825
UcatZ1FYe5E,Bud Clark,2.4,17.5018
UcatZ1FYe5E,Bud Clark,2.45,18.0232
UcatZ1FYe5E,Bud Clark,2.5,18.5467
UcatZ1FYe5E,Bud Clark,2.55,19.072
UcatZ1FYe5E,Bud Clark,2.6,19.5991
UcatZ1FYe5E,Bud Clark,2.65,20.128
UcatZ1FYe5E,Bud Clark,2.7,20.6584
UcatZ1FYe5E,Bud Clark,2.75,21.1904
UcatZ1FYe5E,Bud Clark,2.8,21.7238
UcatZ1FYe5E,Bud Clark,2.85,22.2586
UcatZ1FYe5E,Bud Clark,2.9,22.7947
UcatZ1FYe5E,Bud Clark,2.95,23.332
UcatZ1FYe5E,Bud Clark,3.0,23.8705
UcatZ1FYe5E,Bud Clark,3.05,24.41
UcatZ1FYe5E,Bud Clark,3.1,24.9506
UcatZ1FYe5E,Bud Clark,3.15,25.4921
UcatZ1FYe5E,Bud Clark,3.2,26.0346
UcatZ1FYe5E,Bud Clark,3.25,26.5779
UcatZ1FYe5E,Bud Clark,3.3,27.1221
UcatZ1FYe5E,Bud Clark,3.35,27.6671
UcatZ1FYe5E,Bud Clark,3.4,28.2127
UcatZ1FYe5E,Bud Clark,3.45,28.7591
UcatZ1FYe5E,Bud Clark,3.5,29.3062
UcatZ1FYe5E,Bud Clark,3.55,29.8538
UcatZ1FYe5E,Bud Clark,3.6,30.4021
UcatZ1FYe5E,Bud Clark,3.65,30.9509
UcatZ1FYe5E,Bud Clark,3.7,31.5002
UcatZ1FYe5E,Bud Clark,3.75,32.0501
UcatZ1FYe5E,Bud Clark,3.8,32.6004
UcatZ1FYe5E,Bud Clark,3.85,33.1512
UcatZ1FYe5E,Bud Clark,3.9,33.7023
UcatZ1FYe5E,Bud Clark,3.95,34.2539
UcatZ1FYe5E,Bud Clark,4.0,34.8059
UcatZ1FYe5E,Bud Clark,4.05,35.3582
UcatZ1FYe5E,Bud Clark,4.1,35.9108
UcatZ1FYe5E,Bud Clark,4.15,36.4638
UcatZ1FYe5E,Bud Clark,4.2,37.0171
UcatZ1FYe5E,Bud Clark,4.25,37.5706
UcatZ1FYe5E,Bud Clark,4.3,38.1244
UcatZ1FYe5E,Bud Clark,4.35,38.6785
UcatZ1FYe5E,Bud Clark,4.4,39.2328
UcatZ1FYe5E,Bud Clark,4.45,39.7874
UcatZ1FYe5E,Bishop Fitzgerald,0.0,0.0
UcatZ1FYe5E,Bishop Fitzgerald,0.05,0.0138
UcatZ1FYe5E,Bishop Fitzgerald,0.1,0.0544
UcatZ1FYe5E,Bishop Fitzgerald,0.15,0.1204
UcatZ1FYe5E,Bishop Fitzgerald,0.2,0.2107
UcatZ1FYe5E,Bishop Fitzgerald,0.25,0.3239
UcatZ1FYe5E,Bishop Fitzgerald,0.3,0.4591
UcatZ1FYe5E,Bishop Fitzgerald,0.35,0.615
UcatZ1FYe5E,Bishop Fitzgerald,0.4,0.7908
UcatZ1FYe5E,Bishop Fitzgerald,0.45,0.9854
UcatZ1FYe5E,Bishop Fitzgerald,0.5,1.1979
UcatZ1FYe5E,Bishop Fitzgerald,0.55,1.4275
UcatZ1FYe5E,Bishop Fitzgerald,0.6,1.6733
UcatZ1FYe5E,Bishop Fitzgerald,0.65,1.9345
UcatZ1FYe5E,Bishop Fitzgerald,0.7,2.2103
UcatZ1FYe5E,Bishop Fitzgerald,0.75,2.5001
UcatZ1FYe5E,Bishop Fitzgerald,0.8,2.8032
UcatZ1FYe5E,Bishop Fitzgerald,0.85,3.1188
UcatZ1FYe5E,Bishop Fitzgerald,0.9,3.4465
UcatZ1FYe5E,Bishop Fitzgerald,0.95,3.7856
UcatZ1FYe5E,Bishop Fitzgerald,1.0,4.1356
UcatZ1FYe5E,Bishop Fitzgerald,1.05,4.4958
UcatZ1FYe5E,Bishop Fitzgerald,1.1,4.8659
UcatZ1FYe5E,Bishop Fitzgerald,1.15,5.2453
UcatZ1FYe5E,Bishop Fitzgerald,1.2,5.6336
UcatZ1FYe5E,Bishop Fitzgerald,1.25,6.0304
UcatZ1FYe5E,Bishop Fitzgerald,1.3,6.4352
UcatZ1FYe5E,Bishop Fitzgerald,1.35,6.8476
UcatZ1FYe5E,Bishop Fitzgerald,1.4,7.2673
UcatZ1FYe5E,Bishop Fitzgerald,1.45,7.694
UcatZ1FYe5E,Bishop Fitzgerald,1.5,8.1272
UcatZ1FYe5E,Bishop Fitzgerald,1.55,8.5666
UcatZ1FYe5E,Bishop Fitzgerald,1.6,9.012
UcatZ1FYe5E,Bishop Fitzgerald,1.65,9.4631
UcatZ1FYe5E,Bishop Fitzgerald,1.7,9.9195
UcatZ1FYe5E,Bishop Fitzgerald,1.75,10.3811
UcatZ1FYe5E,Bishop Fitzgerald,1.8,10.8475
UcatZ1FYe5E,Bishop Fitzgerald,1.85,11.3186
UcatZ1FYe5E,Bishop Fitzgerald,1.9,11.794
UcatZ1FYe5E,Bishop Fitzgerald,1.95,12.2737
UcatZ1FYe5E,Bishop Fitzgerald,2.0,12.7573
UcatZ1FYe5E,Bishop Fitzgerald,2.05,13.2447
UcatZ1FYe5E,Bishop Fitzgerald,2.1,13.7358
UcatZ1FYe5E,Bishop Fitzgerald,2.15,14.2302
UcatZ1FYe5E,Bishop Fitzgerald,2.2,14.7279
UcatZ1FYe5E,Bishop Fitzgerald,2.25,15.2288
UcatZ1FYe5E,Bishop Fitzgerald,2.3,15.7325
UcatZ1FYe5E,Bishop Fitzgerald,2.35,16.2391
UcatZ1FYe5E,Bishop Fitzgerald,2.4,16.7483
UcatZ1FYe5E,Bishop Fitzgerald,2.45,17.2601
UcatZ1FYe5E,Bishop Fitzgerald,2.5,17.7743
UcatZ1FYe5E,Bishop Fitzgerald,2.55,18.2908
UcatZ1FYe5E,Bishop Fitzgerald,2.6,18.8095
UcatZ1FYe5E,Bishop Fitzgerald,2.65,19.3302
UcatZ1FYe5E,Bishop Fitzgerald,2.7,19.853
UcatZ1FYe5E,Bishop Fitzgerald,2.75,20.3776
UcatZ1FYe5E,Bishop Fitzgerald,2.8,20.9039
UcatZ1FYe5E,Bishop Fitzgerald,2.85,21.432
UcatZ1FYe5E,Bishop Fitzgerald,2.9,21.9617
UcatZ1FYe5E,Bishop Fitzgerald,2.95,22.493
UcatZ1FYe5E,Bishop Fitzgerald,3.0,23.0257
UcatZ1FYe5E,Bishop Fitzgerald,3.05,23.5598
UcatZ1FYe5E,Bishop Fitzgerald,3.1,24.0952
UcatZ1FYe5E,Bishop Fitzgerald,3.15,24.6319
UcatZ1FYe5E,Bishop Fitzgerald,3.2,25.1698
UcatZ1FYe5E,Bishop Fitzgerald,3.25,25.7088
UcatZ1FYe5E,Bishop Fitzgerald,3.3,26.2489
UcatZ1FYe5E,Bishop Fitzgerald,3.35,26.79
UcatZ1FYe5E,Bishop Fitzgerald,3.4,27.3321
UcatZ1FYe5E,Bishop Fitzgerald,3.45,27.8751
UcatZ1FYe5E,Bishop Fitzgerald,3.5,28.4191
UcatZ1FYe5E,Bishop Fitzgerald,3.55,28.9638
UcatZ1FYe5E,Bishop Fitzgerald,3.6,29.5094
UcatZ1FYe5E,Bishop Fitzgerald,3.65,30.0557
UcatZ1FYe5E,Bishop Fitzgerald,3.7,30.6028
UcatZ1FYe5E,Bishop Fitzgerald,3.75,31.1505
UcatZ1FYe5E,Bishop Fitzgerald,3.8,31.6989
UcatZ1FYe5E,Bishop Fitzgerald,3.85,32.248
UcatZ1FYe5E,Bishop Fitzgerald,3.9,32.7976
UcatZ1FYe5E,Bishop Fitzgerald,3.95,33.3477
UcatZ1FYe5E,Bishop Fitzgerald,4.0,33.8985
UcatZ1FYe5E,Bishop Fitzgerald,4.05,34.4497
UcatZ1FYe5E,Bishop Fitzgerald,4.1,35.0014
UcatZ1FYe5E,Bishop Fitzgerald,4.15,35.5536
UcatZ1FYe5E,Bishop Fitzgerald,4.2,36.1062
UcatZ1FYe5E,Bishop Fitzgerald,4.25,36.6592
UcatZ1FYe5E,Bishop Fitzgerald,4.3,37.2127
UcatZ1FYe5E,Bishop Fitzgerald,4.35,37.7665
UcatZ1FYe5E,Bishop Fitzgerald,4.4,38.3206
UcatZ1FYe5E,Bishop Fitzgerald,4.45,38.8751
UcatZ1FYe5E,Bishop Fitzgerald,4.5,39.43
UcatZ1FYe5E,Bishop Fitzgerald,4.55,39.9851
UcatZ1FYe5E,Dalton Johnson,0.0,0.0
UcatZ1FYe5E,Dalton Johnson,0.05,0.0136
UcatZ1FYe5E,Dalton Johnson,0.1,0.0537
UcatZ1FYe5E,Dalton Johnson,0.15,0.119
UcatZ1FYe5E,Dalton Johnson,0.2,0.2083
UcatZ1FYe5E,Dalton Johnson,0.25,0.3205
UcatZ1FYe5E,Dalton Johnson,0.3,0.4546
UcatZ1FYe5E,Dalton Johnson,0.35,0.6096
UcatZ1FYe5E,Dalton Johnson,0.4,0.7844
UcatZ1FYe5E,Dalton Johnson,0.45,0.9782
UcatZ1FYe5E,Dalton Johnson,0.5,1.1902
UcatZ1FYe5E,Dalton Johnson,0.55,1.4193
UcatZ1FYe5E,Dalton Johnson,0.6,1.665
UcatZ1FYe5E,Dalton Johnson,0.65,1.9263
UcatZ1FYe5E,Dalton Johnson,0.7,2.2026
UcatZ1FYe5E,Dalton Johnson,0.75,2.4932
UcatZ1FYe5E,Dalton Johnson,0.8,2.7974
UcatZ1FYe5E,Dalton Johnson,0.85,3.1146
UcatZ1FYe5E,Dalton Johnson,0.9,3.4442
UcatZ1FYe5E,Dalton Johnson,0.95,3.7856
UcatZ1FYe5E,Dalton Johnson,1.0,4.1382
UcatZ1FYe5E,Dalton Johnson,1.05,4.5016
UcatZ1FYe5E,Dalton Johnson,1.1,4.8753
UcatZ1FYe5E,Dalton Johnson,1.15,5.2587
UcatZ1FYe5E,Dalton Johnson,1.2,5.6515
UcatZ1FYe5E,Dalton Johnson,1.25,6.0532
UcatZ1FYe5E,Dalton Johnson,1.3,6.4633
UcatZ1FYe5E,Dalton Johnson,1.35,6.8815
UcatZ1FYe5E,Dalton Johnson,1.4,7.3075
UcatZ1FYe5E,Dalton Johnson,1.45,7.7408
UcatZ1FYe5E,Dalton Johnson,1.5,8.1811
UcatZ1FYe5E,Dalton Johnson,1.55,8.6282
UcatZ1FYe5E,Dalton Johnson,1.6,9.0816
UcatZ1FYe5E,Dalton Johnson,1.65,9.5411
UcatZ1FYe5E,Dalton Johnson,1.7,10.0064
UcatZ1FYe5E,Dalton Johnson,1.75,10.4772
UcatZ1FYe5E,Dalton Johnson,1.8,10.9533
UcatZ1FYe5E,Dalton Johnson,1.85,11.4345
UcatZ1FYe5E,Dalton Johnson,1.9,11.9205
UcatZ1FYe5E,Dalton Johnson,1.95,12.411
UcatZ1FYe5E,Dalton Johnson,2.0,12.9059
UcatZ1FYe5E,Dalton Johnson,2.05,13.405
UcatZ1FYe5E,Dalton Johnson,2.1,13.9081
UcatZ1FYe5E,Dalton Johnson,2.15,14.415
UcatZ1FYe5E,Dalton Johnson,2.2,14.9255
UcatZ1FYe5E,Dalton Johnson,2.25,15.4394
UcatZ1FYe5E,Dalton Johnson,2.3,15.9566
UcatZ1FYe5E,Dalton Johnson,2.35,16.477
UcatZ1FYe5E,Dalton Johnson,2.4,17.0003
UcatZ1FYe5E,Dalton Johnson,2.45,17.5265
UcatZ1FYe5E,Dalton Johnson,2.5,18.0555
UcatZ1FYe5E,Dalton Johnson,2.55,18.587
UcatZ1FYe5E,Dalton Johnson,2.6,19.121
UcatZ1FYe5E,Dalton Johnson,2.65,19.6574
UcatZ1FYe5E,Dalton Johnson,2.7,20.196
UcatZ1FYe5E,Dalton Johnson,2.75,20.7367
UcatZ1FYe5E,Dalton Johnson,2.8,21.2796
UcatZ1FYe5E,Dalton Johnson,2.85,21.8243
UcatZ1FYe5E,Dalton Johnson,2.9,22.371
UcatZ1FYe5E,Dalton Johnson,2.95,22.9194
UcatZ1FYe5E,Dalton Johnson,3.0,23.4695
UcatZ1FYe5E,Dalton Johnson,3.05,24.0212
UcatZ1FYe5E,Dalton Johnson,3.1,24.5745
UcatZ1FYe5E,Dalton Johnson,3.15,25.1292
UcatZ1FYe5E,Dalton Johnson,3.2,25.6854
UcatZ1FYe5E,Dalton Johnson,3.25,26.2428
UcatZ1FYe5E,Dalton Johnson,3.3,26.8016
UcatZ1FYe5E,Dalton Johnson,3.35,27.3616
UcatZ1FYe5E,Dalton Johnson,3.4,27.9227
UcatZ1FYe5E,Dalton Johnson,3.45,28.4849
UcatZ1FYe5E,Dalton Johnson,3.5,29.0482
UcatZ1FYe5E,Dalton Johnson,3.55,29.6126
UcatZ1FYe5E,Dalton Johnson,3.6,30.1778
UcatZ1FYe5E,Dalton Johnson,3.65,30.744
UcatZ1FYe5E,Dalton Johnson,3.7,31.3111
UcatZ1FYe5E,Dalton Johnson,3.75,31.879
UcatZ1FYe5E,Dalton Johnson,3.8,32.4476
UcatZ1FYe5E,Dalton Johnson,3.85,33.0171
UcatZ1FYe5E,Dalton Johnson,3.9,33.5872
UcatZ1FYe5E,Dalton Johnson,3.95,34.1581
UcatZ1FYe5E,Dalton Johnson,4.0,34.7296
UcatZ1FYe5E,Dalton Johnson,4.05,35.3018
UcatZ1FYe5E,Dalton Johnson,4.1,35.8745
UcatZ1FYe5E,Dalton Johnson,4.15,36.4478
UcatZ1FYe5E,Dalton Johnson,4.2,37.0217
UcatZ1FYe5E,Dalton Johnson,4.25,37.596
UcatZ1FYe5E,Dalton Johnson,4.3,38.1709
UcatZ1FYe5E,Dalton Johnson,4.35,38.7463
UcatZ1FYe5E,Dalton Johnson,4.4,39.322
UcatZ1FYe5E,Dalton Johnson,4.45,39.8983
UcatZ1FYe5E,Xavier Nwankpa,0.0,0.0
UcatZ1FYe5E,Xavier Nwankpa,0.05,0.0129
UcatZ1FYe5E,Xavier Nwankpa,0.1,0.0507
UcatZ1FYe5E,Xavier Nwankpa,0.15,0.1124
UcatZ1FYe5E,Xavier Nwankpa,0.2,0.1971
UcatZ1FYe5E,Xavier Nwankpa,0.25,0.3036
UcatZ1FYe5E,Xavier Nwankpa,0.3,0.4311
UcatZ1FYe5E,Xavier Nwankpa,0.35,0.5787
UcatZ1FYe5E,Xavier Nwankpa,0.4,0.7455
UcatZ1FYe5E,Xavier Nwankpa,0.45,0.9307
UcatZ1FYe5E,Xavier Nwankpa,0.5,1.1335
UcatZ1FYe5E,Xavier Nwankpa,0.55,1.3532
UcatZ1FYe5E,Xavier Nwankpa,0.6,1.589
UcatZ1FYe5E,Xavier Nwankpa,0.65,1.8402
UcatZ1FYe5E,Xavier Nwankpa,0.7,2.1063
UcatZ1FYe5E,Xavier Nwankpa,0.75,2.3865
UcatZ1FYe5E,Xavier Nwankpa,0.8,2.6802
UcatZ1FYe5E,Xavier Nwankpa,0.85,2.9869
UcatZ1FYe5E,Xavier Nwankpa,0.9,3.306
UcatZ1FYe5E,Xavier Nwankpa,0.95,3.637
UcatZ1FYe5E,Xavier Nwankpa,1.0,3.9794
UcatZ1FYe5E,Xavier Nwankpa,1.05,4.3327
UcatZ1FYe5E,Xavier Nwankpa,1.1,4.6964
UcatZ1FYe5E,Xavier Nwankpa,1.15,5.0701
UcatZ1FYe5E,Xavier Nwankpa,1.2,5.4533
UcatZ1FYe5E,Xavier Nwankpa,1.25,5.8457
UcatZ1FYe5E,Xavier Nwankpa,1.3,6.2468
UcatZ1FYe5E,Xavier Nwankpa,1.35,6.6563
UcatZ1FYe5E,Xavier Nwankpa,1.4,7.0738
UcatZ1FYe5E,Xavier Nwankpa,1.45,7.499
UcatZ1FYe5E,Xavier Nwankpa,1.5,7.9316
UcatZ1FYe5E,Xavier Nwankpa,1.55,8.3712
UcatZ1FYe5E,Xavier Nwankpa,1.6,8.8175
UcatZ1FYe5E,Xavier Nwankpa,1.65,9.2703
UcatZ1FYe5E,Xavier Nwankpa,1.7,9.7292
UcatZ1FYe5E,Xavier Nwankpa,1.75,10.194
UcatZ1FYe5E,Xavier Nwankpa,1.8,10.6645
UcatZ1FYe5E,Xavier Nwankpa,1.85,11.1405
UcatZ1FYe5E,Xavier Nwankpa,1.9,11.6216
UcatZ1FYe5E,Xavier Nwankpa,1.95,12.1076
UcatZ1FYe5E,Xavier Nwankpa,2.0,12.5984
UcatZ1FYe5E,Xavier Nwankpa,2.05,13.0938
UcatZ1FYe5E,Xavier Nwankpa,2.1,13.5935
UcatZ1FYe5E,Xavier Nwankpa,2.15,14.0973
UcatZ1FYe5E,Xavier Nwankpa,2.2,14.6052
UcatZ1FYe5E,Xavier Nwankpa,2.25,15.1169
UcatZ1FYe5E,Xavier Nwankpa,2.3,15.6322
UcatZ1FYe5E,Xavier Nwankpa,2.35,16.151
UcatZ1FYe5E,Xavier Nwankpa,2.4,16.6732
UcatZ1FYe5E,Xavier Nwankpa,2.45,17.1986
UcatZ1FYe5E,Xavier Nwankpa,2.5,17.727
UcatZ1FYe5E,Xavier Nwankpa,2.55,18.2584
UcatZ1FYe5E,Xavier Nwankpa,2.6,18.7926
UcatZ1FYe5E,Xavier Nwankpa,2.65,19.3294
UcatZ1FYe5E,Xavier Nwankpa,2.7,19.8689
UcatZ1FYe5E,Xavier Nwankpa,2.75,20.4108
UcatZ1FYe5E,Xavier Nwankpa,2.8,20.9551
UcatZ1FYe5E,Xavier Nwankpa,2.85,21.5016
UcatZ1FYe5E,Xavier Nwankpa,2.9,22.0503
UcatZ1FYe5E,Xavier Nwankpa,2.95,22.6011
UcatZ1FYe5E,Xavier Nwankpa,3.0,23.1538
UcatZ1FYe5E,Xavier Nwankpa,3.05,23.7085
UcatZ1FYe5E,Xavier Nwankpa,3.1,24.265
UcatZ1FYe5E,Xavier Nwankpa,3.15,24.8232
UcatZ1FYe5E,Xavier Nwankpa,3.2,25.383
UcatZ1FYe5E,Xavier Nwankpa,3.25,25.9445
UcatZ1FYe5E,Xavier Nwankpa,3.3,26.5075
UcatZ1FYe5E,Xavier Nwankpa,3.35,27.0719
UcatZ1FYe5E,Xavier Nwankpa,3.4,27.6378
UcatZ1FYe5E,Xavier Nwankpa,3.45,28.2049
UcatZ1FYe5E,Xavier Nwankpa,3.5,28.7734
UcatZ1FYe5E,Xavier Nwankpa,3.55,29.3431
UcatZ1FYe5E,Xavier Nwankpa,3.6,29.9139
UcatZ1FYe5E,Xavier Nwankpa,3.65,30.4859
UcatZ1FYe5E,Xavier Nwankpa,3.7,31.059
UcatZ1FYe5E,Xavier Nwankpa,3.75,31.6331
UcatZ1FYe5E,Xavier Nwankpa,3.8,32.2081
UcatZ1FYe5E,Xavier Nwankpa,3.85,32.7842
UcatZ1FYe5E,Xavier Nwankpa,3.9,33.3611
UcatZ1FYe5E,Xavier Nwankpa,3.95,33.9388
UcatZ1FYe5E,Xavier Nwankpa,4.0,34.5175
UcatZ1FYe5E,Xavier Nwankpa,4.05,35.0969
UcatZ1FYe5E,Xavier Nwankpa,4.1,35.677
UcatZ1FYe5E,Xavier Nwankpa,4.15,36.2579
UcatZ1FYe5E,Xavier Nwankpa,4.2,36.8395
UcatZ1FYe5E,Xavier Nwankpa,4.25,37.4217
UcatZ1FYe5E,Xavier Nwankpa,4.3,38.0046
UcatZ1FYe5E,Xavier Nwankpa,4.35,38.5881
UcatZ1FYe5E,Xavier Nwankpa,4.4,39.1721
UcatZ1FYe5E,Xavier Nwankpa,4.45,39.7568
W23Nvg3rw6U,Austin Barber,0.0,0.0
W23Nvg3rw6U,Austin Barber,0.05,0.011
W23Nvg3rw6U,Austin Barber,0.1,0.0435
W23Nvg3rw6U,Austin Barber,0.15,0.0964
W23Nvg3rw6U,Austin Barber,0.2,0.1689
W23Nvg3rw6U,Austin Barber,0.25,0.26
W23Nvg3rw6U,Austin Barber,0.3,0.369
W23Nvg3rw6U,Austin Barber,0.35,0.4951
W23Nvg3rw6U,Austin Barber,0.4,0.6376
W23Nvg3rw6U,Austin Barber,0.45,0.7956
W23Nvg3rw6U,Austin Barber,0.5,0.9685
W23Nvg3rw6U,Austin Barber,0.55,1.1557
W23Nvg3rw6U,Austin Barber,0.6,1.3565
W23Nvg3rw6U,Austin Barber,0.65,1.5703
W23Nvg3rw6U,Austin Barber,0.7,1.7965
W23Nvg3rw6U,Austin Barber,0.75,2.0347
W23Nvg3rw6U,Austin Barber,0.8,2.2842
W23Nvg3rw6U,Austin Barber,0.85,2.5445
W23Nvg3rw6U,Austin Barber,0.9,2.8153
W23Nvg3rw6U,Austin Barber,0.95,3.0959
W23Nvg3rw6U,Austin Barber,1.0,3.3861
W23Nvg3rw6U,Austin Barber,1.05,3.6853
W23Nvg3rw6U,Austin Barber,1.1,3.9932
W23Nvg3rw6U,Austin Barber,1.15,4.3093
W23Nvg3rw6U,Austin Barber,1.2,4.6334
W23Nvg3rw6U,Austin Barber,1.25,4.965
W23Nvg3rw6U,Austin Barber,1.3,5.3038
W23Nvg3rw6U,Austin Barber,1.35,5.6496
W23Nvg3rw6U,Austin Barber,1.4,6.0019
W23Nvg3rw6U,Austin Barber,1.45,6.3606
W23Nvg3rw6U,Austin Barber,1.5,6.7253
W23Nvg3rw6U,Austin Barber,1.55,7.0958
W23Nvg3rw6U,Austin Barber,1.6,7.4717
W23Nvg3rw6U,Austin Barber,1.65,7.853
W23Nvg3rw6U,Austin Barber,1.7,8.2392
W23Nvg3rw6U,Austin Barber,1.75,8.6303
W23Nvg3rw6U,Austin Barber,1.8,9.026
W23Nvg3rw6U,Austin Barber,1.85,9.426
W23Nvg3rw6U,Austin Barber,1.9,9.8303
W23Nvg3rw6U,Austin Barber,1.95,10.2386
W23Nvg3rw6U,Austin Barber,2.0,10.6507
W23Nvg3rw6U,Austin Barber,2.05,11.0664
W23Nvg3rw6U,Austin Barber,2.1,11.4857
W23Nvg3rw6U,Austin Barber,2.15,11.9083
W23Nvg3rw6U,Austin Barber,2.2,12.3342
W23Nvg3rw6U,Austin Barber,2.25,12.7631
W23Nvg3rw6U,Austin Barber,2.3,13.1949
W23Nvg3rw6U,Austin Barber,2.35,13.6295
W23Nvg3rw6U,Austin Barber,2.4,14.0667
W23Nvg3rw6U,Austin Barber,2.45,14.5066
W23Nvg3rw6U,Austin Barber,2.5,14.9488
W23Nvg3rw6U,Austin Barber,2.55,15.3934
W23Nvg3rw6U,Austin Barber,2.6,15.8402
W23Nvg3rw6U,Austin Barber,2.65,16.2892
W23Nvg3rw6U,Austin Barber,2.7,16.7402
W23Nvg3rw6U,Austin Barber,2.75,17.1931
W23Nvg3rw6U,Austin Barber,2.8,17.6479
W23Nvg3rw6U,Austin Barber,2.85,18.1045
W23Nvg3rw6U,Austin Barber,2.9,18.5628
W23Nvg3rw6U,Austin Barber,2.95,19.0227
W23Nvg3rw6U,Austin Barber,3.0,19.4841
W23Nvg3rw6U,Austin Barber,3.05,19.947
W23Nvg3rw6U,Austin Barber,3.1,20.4114
W23Nvg3rw6U,Austin Barber,3.15,20.8771
W23Nvg3rw6U,Austin Barber,3.2,21.3441
W23Nvg3rw6U,Austin Barber,3.25,21.8123
W23Nvg3rw6U,Austin Barber,3.3,22.2817
W23Nvg3rw6U,Austin Barber,3.35,22.7523
W23Nvg3rw6U,Austin Barber,3.4,23.2239
W23Nvg3rw6U,Austin Barber,3.45,23.6965
W23Nvg3rw6U,Austin Barber,3.5,24.1702
W23Nvg3rw6U,Austin Barber,3.55,24.6448
W23Nvg3rw6U,Austin Barber,3.6,25.1203
W23Nvg3rw6U,Austin Barber,3.65,25.5966
W23Nvg3rw6U,Austin Barber,3.7,26.0738
W23Nvg3rw6U,Austin Barber,3.75,26.5517
W23Nvg3rw6U,Austin Barber,3.8,27.0304
W23Nvg3rw6U,Austin Barber,3.85,27.5099
W23Nvg3rw6U,Austin Barber,3.9,27.99
W23Nvg3rw6U,Austin Barber,3.95,28.4708
W23Nvg3rw6U,Austin Barber,4.0,28.9522
W23Nvg3rw6U,Austin Barber,4.05,29.4342
W23Nvg3rw6U,Austin Barber,4.1,29.9167
W23Nvg3rw6U,Austin Barber,4.15,30.3999
W23Nvg3rw6U,Austin Barber,4.2,30.8835
W23Nvg3rw6U,Austin Barber,4.25,31.3677
W23Nvg3rw6U,Austin Barber,4.3,31.8523
W23Nvg3rw6U,Austin Barber,4.35,32.3374
W23Nvg3rw6U,Austin Barber,4.4,32.8229
W23Nvg3rw6U,Austin Barber,4.45,33.3088
W23Nvg3rw6U,Austin Barber,4.5,33.7952
W23Nvg3rw6U,Austin Barber,4.55,34.2819
W23Nvg3rw6U,Austin Barber,4.6,34.769
W23Nvg3rw6U,Austin Barber,4.65,35.2564
W23Nvg3rw6U,Austin Barber,4.7,35.7442
W23Nvg3rw6U,Austin Barber,4.75,36.2322
W23Nvg3rw6U,Austin Barber,4.8,36.7206
W23Nvg3rw6U,Austin Barber,4.85,37.2093
W23Nvg3rw6U,Austin Barber,4.9,37.6983
W23Nvg3rw6U,Austin Barber,4.95,38.1875
W23Nvg3rw6U,Austin Barber,5.0,38.6769
W23Nvg3rw6U,Austin Barber,5.05,39.1667
W23Nvg3rw6U,Austin Barber,5.1,39.6566
W23Nvg3rw6U,Markel Bell,0.0,0.0
W23Nvg3rw6U,Markel Bell,0.05,0.0108
W23Nvg3rw6U,Markel Bell,0.1,0.0424
W23Nvg3rw6U,Markel Bell,0.15,0.0938
W23Nvg3rw6U,Markel Bell,0.2,0.1642
W23Nvg3rw6U,Markel Bell,0.25,0.2525
W23Nvg3rw6U,Markel Bell,0.3,0.3579
W23Nvg3rw6U,Markel Bell,0.35,0.4797
W23Nvg3rw6U,Markel Bell,0.4,0.617
W23Nvg3rw6U,Markel Bell,0.45,0.7691
W23Nvg3rw6U,Markel Bell,0.5,0.9352
W23Nvg3rw6U,Markel Bell,0.55,1.1148
W23Nvg3rw6U,Markel Bell,0.6,1.3071
W23Nvg3rw6U,Markel Bell,0.65,1.5116
W23Nvg3rw6U,Markel Bell,0.7,1.7276
W23Nvg3rw6U,Markel Bell,0.75,1.9546
W23Nvg3rw6U,Markel Bell,0.8,2.1922
W23Nvg3rw6U,Markel Bell,0.85,2.4397
W23Nvg3rw6U,Markel Bell,0.9,2.6967
W23Nvg3rw6U,Markel Bell,0.95,2.9628
W23Nvg3rw6U,Markel Bell,1.0,3.2375
W23Nvg3rw6U,Markel Bell,1.05,3.5204
W23Nvg3rw6U,Markel Bell,1.1,3.8111
W23Nvg3rw6U,Markel Bell,1.15,4.1093
W23Nvg3rw6U,Markel Bell,1.2,4.4145
W23Nvg3rw6U,Markel Bell,1.25,4.7265
W23Nvg3rw6U,Markel Bell,1.3,5.0449
W23Nvg3rw6U,Markel Bell,1.35,5.3694
W23Nvg3rw6U,Markel Bell,1.4,5.6998
W23Nvg3rw6U,Markel Bell,1.45,6.0356
W23Nvg3rw6U,Markel Bell,1.5,6.3768
W23Nvg3rw6U,Markel Bell,1.55,6.723
W23Nvg3rw6U,Markel Bell,1.6,7.0739
W23Nvg3rw6U,Markel Bell,1.65,7.4295
W23Nvg3rw6U,Markel Bell,1.7,7.7893
W23Nvg3rw6U,Markel Bell,1.75,8.1533
W23Nvg3rw6U,Markel Bell,1.8,8.5212
W23Nvg3rw6U,Markel Bell,1.85,8.8929
W23Nvg3rw6U,Markel Bell,1.9,9.2681
W23Nvg3rw6U,Markel Bell,1.95,9.6467
W23Nvg3rw6U,Markel Bell,2.0,10.0286
W23Nvg3rw6U,Markel Bell,2.05,10.4135
W23Nvg3rw6U,Markel Bell,2.1,10.8014
W23Nvg3rw6U,Markel Bell,2.15,11.192
W23Nvg3rw6U,Markel Bell,2.2,11.5853
W23Nvg3rw6U,Markel Bell,2.25,11.9812
W23Nvg3rw6U,Markel Bell,2.3,12.3794
W23Nvg3rw6U,Markel Bell,2.35,12.7799
W23Nvg3rw6U,Markel Bell,2.4,13.1826
W23Nvg3rw6U,Markel Bell,2.45,13.5874
W23Nvg3rw6U,Markel Bell,2.5,13.9942
W23Nvg3rw6U,Markel Bell,2.55,14.4029
W23Nvg3rw6U,Markel Bell,2.6,14.8133
W23Nvg3rw6U,Markel Bell,2.65,15.2255
W23Nvg3rw6U,Markel Bell,2.7,15.6392
W23Nvg3rw6U,Markel Bell,2.75,16.0546
W23Nvg3rw6U,Markel Bell,2.8,16.4714
W23Nvg3rw6U,Markel Bell,2.85,16.8896
W23Nvg3rw6U,Markel Bell,2.9,17.3091
W23Nvg3rw6U,Markel Bell,2.95,17.7299
W23Nvg3rw6U,Markel Bell,3.0,18.152
W23Nvg3rw6U,Markel Bell,3.05,18.5751
W23Nvg3rw6U,Markel Bell,3.1,18.9994
W23Nvg3rw6U,Markel Bell,3.15,19.4247
W23Nvg3rw6U,Markel Bell,3.2,19.8511
W23Nvg3rw6U,Markel Bell,3.25,20.2783
W23Nvg3rw6U,Markel Bell,3.3,20.7065
W23Nvg3rw6U,Markel Bell,3.35,21.1355
W23Nvg3rw6U,Markel Bell,3.4,21.5654
W23Nvg3rw6U,Markel Bell,3.45,21.996
W23Nvg3rw6U,Markel Bell,3.5,22.4274
W23Nvg3rw6U,Markel Bell,3.55,22.8594
W23Nvg3rw6U,Markel Bell,3.6,23.2922
W23Nvg3rw6U,Markel Bell,3.65,23.7256
W23Nvg3rw6U,Markel Bell,3.7,24.1596
W23Nvg3rw6U,Markel Bell,3.75,24.5941
W23Nvg3rw6U,Markel Bell,3.8,25.0293
W23Nvg3rw6U,Markel Bell,3.85,25.4649
W23Nvg3rw6U,Markel Bell,3.9,25.9011
W23Nvg3rw6U,Markel Bell,3.95,26.3377
W23Nvg3rw6U,Markel Bell,4.0,26.7748
W23Nvg3rw6U,Markel Bell,4.05,27.2123
W23Nvg3rw6U,Markel Bell,4.1,27.6502
W23Nvg3rw6U,Markel Bell,4.15,28.0886
W23Nvg3rw6U,Markel Bell,4.2,28.5273
W23Nvg3rw6U,Markel Bell,4.25,28.9663
W23Nvg3rw6U,Markel Bell,4.3,29.4057
W23Nvg3rw6U,Markel Bell,4.35,29.8454
W23Nvg3rw6U,Markel Bell,4.4,30.2854
W23Nvg3rw6U,Markel Bell,4.45,30.7257
W23Nvg3rw6U,Markel Bell,4.5,31.1663
W23Nvg3rw6U,Markel Bell,4.55,31.6072
W23Nvg3rw6U,Markel Bell,4.6,32.0483
W23Nvg3rw6U,Markel Bell,4.65,32.4896
W23Nvg3rw6U,Markel Bell,4.7,32.9312
W23Nvg3rw6U,Markel Bell,4.75,33.373
W23Nvg3rw6U,Markel Bell,4.8,33.815
W23Nvg3rw6U,Markel Bell,4.85,34.2572
W23Nvg3rw6U,Markel Bell,4.9,34.6996
W23Nvg3rw6U,Markel Bell,4.95,35.1422
W23Nvg3rw6U,Markel Bell,5.0,35.5849
W23Nvg3rw6U,Markel Bell,5.05,36.0278
W23Nvg3rw6U,Markel Bell,5.1,36.4708
W23Nvg3rw6U,Markel Bell,5.15,36.914
W23Nvg3rw6U,Markel Bell,5.2,37.3574
W23Nvg3rw6U,Markel Bell,5.25,37.8008
W23Nvg3rw6U,Markel Bell,5.3,38.2444
W23Nvg3rw6U,Markel Bell,5.35,38.6881
W23Nvg3rw6U,Markel Bell,5.4,39.132
W23Nvg3rw6U,Markel Bell,5.45,39.5759
W23Nvg3rw6U,Markel Bell,5.5,40.02
W23Nvg3rw6U,Jude Bowry,0.0,0.0
W23Nvg3rw6U,Jude Bowry,0.05,0.0121
W23Nvg3rw6U,Jude Bowry,0.1,0.0477
W23Nvg3rw6U,Jude Bowry,0.15,0.1056
W23Nvg3rw6U,Jude Bowry,0.2,0.1847
W23Nvg3rw6U,Jude Bowry,0.25,0.2839
W23Nvg3rw6U,Jude Bowry,0.3,0.4022
W23Nvg3rw6U,Jude Bowry,0.35,0.5386
W23Nvg3rw6U,Jude Bowry,0.4,0.6922
W23Nvg3rw6U,Jude Bowry,0.45,0.8623
W23Nvg3rw6U,Jude Bowry,0.5,1.0479
W23Nvg3rw6U,Jude Bowry,0.55,1.2483
W23Nvg3rw6U,Jude Bowry,0.6,1.4627
W23Nvg3rw6U,Jude Bowry,0.65,1.6904
W23Nvg3rw6U,Jude Bowry,0.7,1.9308
W23Nvg3rw6U,Jude Bowry,0.75,2.1833
W23Nvg3rw6U,Jude Bowry,0.8,2.4472
W23Nvg3rw6U,Jude Bowry,0.85,2.7219
W23Nvg3rw6U,Jude Bowry,0.9,3.0069
W23Nvg3rw6U,Jude Bowry,0.95,3.3018
W23Nvg3rw6U,Jude Bowry,1.0,3.6059
W23Nvg3rw6U,Jude Bowry,1.05,3.9189
W23Nvg3rw6U,Jude Bowry,1.1,4.2403
W23Nvg3rw6U,Jude Bowry,1.15,4.5697
W23Nvg3rw6U,Jude Bowry,1.2,4.9066
W23Nvg3rw6U,Jude Bowry,1.25,5.2507
W23Nvg3rw6U,Jude Bowry,1.3,5.6017
W23Nvg3rw6U,Jude Bowry,1.35,5.9592
W23Nvg3rw6U,Jude Bowry,1.4,6.3228
W23Nvg3rw6U,Jude Bowry,1.45,6.6923
W23Nvg3rw6U,Jude Bowry,1.5,7.0674
W23Nvg3rw6U,Jude Bowry,1.55,7.4477
W23Nvg3rw6U,Jude Bowry,1.6,7.8331
W23Nvg3rw6U,Jude Bowry,1.65,8.2233
W23Nvg3rw6U,Jude Bowry,1.7,8.6179
W23Nvg3rw6U,Jude Bowry,1.75,9.0169
W23Nvg3rw6U,Jude Bowry,1.8,9.42
W23Nvg3rw6U,Jude Bowry,1.85,9.827
W23Nvg3rw6U,Jude Bowry,1.9,10.2376
W23Nvg3rw6U,Jude Bowry,1.95,10.6518
W23Nvg3rw6U,Jude Bowry,2.0,11.0693
W23Nvg3rw6U,Jude Bowry,2.05,11.49
W23Nvg3rw6U,Jude Bowry,2.1,11.9136
W23Nvg3rw6U,Jude Bowry,2.15,12.3401
W23Nvg3rw6U,Jude Bowry,2.2,12.7694
W23Nvg3rw6U,Jude Bowry,2.25,13.2012
W23Nvg3rw6U,Jude Bowry,2.3,13.6354
W23Nvg3rw6U,Jude Bowry,2.35,14.072
W23Nvg3rw6U,Jude Bowry,2.4,14.5108
W23Nvg3rw6U,Jude Bowry,2.45,14.9517
W23Nvg3rw6U,Jude Bowry,2.5,15.3945
W23Nvg3rw6U,Jude Bowry,2.55,15.8393
W23Nvg3rw6U,Jude Bowry,2.6,16.2859
W23Nvg3rw6U,Jude Bowry,2.65,16.7341
W23Nvg3rw6U,Jude Bowry,2.7,17.184
W23Nvg3rw6U,Jude Bowry,2.75,17.6355
W23Nvg3rw6U,Jude Bowry,2.8,18.0884
W23Nvg3rw6U,Jude Bowry,2.85,18.5427
W23Nvg3rw6U,Jude Bowry,2.9,18.9983
W23Nvg3rw6U,Jude Bowry,2.95,19.4551
W23Nvg3rw6U,Jude Bowry,3.0,19.9132
W23Nvg3rw6U,Jude Bowry,3.05,20.3724
W23Nvg3rw6U,Jude Bowry,3.1,20.8327
W23Nvg3rw6U,Jude Bowry,3.15,21.294
W23Nvg3rw6U,Jude Bowry,3.2,21.7562
W23Nvg3rw6U,Jude Bowry,3.25,22.2194
W23Nvg3rw6U,Jude Bowry,3.3,22.6834
W23Nvg3rw6U,Jude Bowry,3.35,23.1483
W23Nvg3rw6U,Jude Bowry,3.4,23.614
W23Nvg3rw6U,Jude Bowry,3.45,24.0804
W23Nvg3rw6U,Jude Bowry,3.5,24.5476
W23Nvg3rw6U,Jude Bowry,3.55,25.0154
W23Nvg3rw6U,Jude Bowry,3.6,25.4839
W23Nvg3rw6U,Jude Bowry,3.65,25.9529
W23Nvg3rw6U,Jude Bowry,3.7,26.4226
W23Nvg3rw6U,Jude Bowry,3.75,26.8928
W23Nvg3rw6U,Jude Bowry,3.8,27.3635
W23Nvg3rw6U,Jude Bowry,3.85,27.8348
W23Nvg3rw6U,Jude Bowry,3.9,28.3065
W23Nvg3rw6U,Jude Bowry,3.95,28.7786
W23Nvg3rw6U,Jude Bowry,4.0,29.2512
W23Nvg3rw6U,Jude Bowry,4.05,29.7242
W23Nvg3rw6U,Jude Bowry,4.1,30.1975
W23Nvg3rw6U,Jude Bowry,4.15,30.6713
W23Nvg3rw6U,Jude Bowry,4.2,31.1454
W23Nvg3rw6U,Jude Bowry,4.25,31.6198
W23Nvg3rw6U,Jude Bowry,4.3,32.0945
W23Nvg3rw6U,Jude Bowry,4.35,32.5695
W23Nvg3rw6U,Jude Bowry,4.4,33.0448
W23Nvg3rw6U,Jude Bowry,4.45,33.5204
W23Nvg3rw6U,Jude Bowry,4.5,33.9962
W23Nvg3rw6U,Jude Bowry,4.55,34.4723
W23Nvg3rw6U,Jude Bowry,4.6,34.9486
W23Nvg3rw6U,Jude Bowry,4.65,35.4251
W23Nvg3rw6U,Jude Bowry,4.7,35.9018
W23Nvg3rw6U,Jude Bowry,4.75,36.3787
W23Nvg3rw6U,Jude Bowry,4.8,36.8559
W23Nvg3rw6U,Jude Bowry,4.85,37.3331
W23Nvg3rw6U,Jude Bowry,4.9,37.8106
W23Nvg3rw6U,Jude Bowry,4.95,38.2882
W23Nvg3rw6U,Jude Bowry,5.0,38.766
W23Nvg3rw6U,Jude Bowry,5.05,39.2439
W23Nvg3rw6U,Jude Bowry,5.1,39.722
W23Nvg3rw6U,Parker Brailsford,0.0,0.0
W23Nvg3rw6U,Parker Brailsford,0.05,0.012
W23Nvg3rw6U,Parker Brailsford,0.1,0.0472
W23Nvg3rw6U,Parker Brailsford,0.15,0.1046
W23Nvg3rw6U,Parker Brailsford,0.2,0.183
W23Nvg3rw6U,Parker Brailsford,0.25,0.2815
W23Nvg3rw6U,Parker Brailsford,0.3,0.3992
W23Nvg3rw6U,Parker Brailsford,0.35,0.535
W23Nvg3rw6U,Parker Brailsford,0.4,0.6881
W23Nvg3rw6U,Parker Brailsford,0.45,0.8578
W23Nvg3rw6U,Parker Brailsford,0.5,1.0432
W23Nvg3rw6U,Parker Brailsford,0.55,1.2435
W23Nvg3rw6U,Parker Brailsford,0.6,1.4581
W23Nvg3rw6U,Parker Brailsford,0.65,1.6863
W23Nvg3rw6U,Parker Brailsford,0.7,1.9274
W23Nvg3rw6U,Parker Brailsford,0.75,2.1809
W23Nvg3rw6U,Parker Brailsford,0.8,2.446
W23Nvg3rw6U,Parker Brailsford,0.85,2.7223
W23Nvg3rw6U,Parker Brailsford,0.9,3.0093
W23Nvg3rw6U,Parker Brailsford,0.95,3.3064
W23Nvg3rw6U,Parker Brailsford,1.0,3.6132
W23Nvg3rw6U,Parker Brailsford,1.05,3.9291
W23Nvg3rw6U,Parker Brailsford,1.1,4.2538
W23Nvg3rw6U,Parker Brailsford,1.15,4.5868
W23Nvg3rw6U,Parker Brailsford,1.2,4.9277
W23Nvg3rw6U,Parker Brailsford,1.25,5.2762
W23Nvg3rw6U,Parker Brailsford,1.3,5.6319
W23Nvg3rw6U,Parker Brailsford,1.35,5.9945
W23Nvg3rw6U,Parker Brailsford,1.4,6.3636
W23Nvg3rw6U,Parker Brailsford,1.45,6.7389
W23Nvg3rw6U,Parker Brailsford,1.5,7.1201
W23Nvg3rw6U,Parker Brailsford,1.55,7.507
W23Nvg3rw6U,Parker Brailsford,1.6,7.8992
W23Nvg3rw6U,Parker Brailsford,1.65,8.2965
W23Nvg3rw6U,Parker Brailsford,1.7,8.6987
W23Nvg3rw6U,Parker Brailsford,1.75,9.1056
W23Nvg3rw6U,Parker Brailsford,1.8,9.5169
W23Nvg3rw6U,Parker Brailsford,1.85,9.9323
W23Nvg3rw6U,Parker Brailsford,1.9,10.3518
W23Nvg3rw6U,Parker Brailsford,1.95,10.7751
W23Nvg3rw6U,Parker Brailsford,2.0,11.202
W23Nvg3rw6U,Parker Brailsford,2.05,11.6324
W23Nvg3rw6U,Parker Brailsford,2.1,12.0661
W23Nvg3rw6U,Parker Brailsford,2.15,12.5029
W23Nvg3rw6U,Parker Brailsford,2.2,12.9427
W23Nvg3rw6U,Parker Brailsford,2.25,13.3853
W23Nvg3rw6U,Parker Brailsford,2.3,13.8307
W23Nvg3rw6U,Parker Brailsford,2.35,14.2786
W23Nvg3rw6U,Parker Brailsford,2.4,14.729
W23Nvg3rw6U,Parker Brailsford,2.45,15.1818
W23Nvg3rw6U,Parker Brailsford,2.5,15.6367
W23Nvg3rw6U,Parker Brailsford,2.55,16.0938
W23Nvg3rw6U,Parker Brailsford,2.6,16.5529
W23Nvg3rw6U,Parker Brailsford,2.65,17.014
W23Nvg3rw6U,Parker Brailsford,2.7,17.4769
W23Nvg3rw6U,Parker Brailsford,2.75,17.9415
W23Nvg3rw6U,Parker Brailsford,2.8,18.4078
W23Nvg3rw6U,Parker Brailsford,2.85,18.8756
W23Nvg3rw6U,Parker Brailsford,2.9,19.345
W23Nvg3rw6U,Parker Brailsford,2.95,19.8158
W23Nvg3rw6U,Parker Brailsford,3.0,20.288
W23Nvg3rw6U,Parker Brailsford,3.05,20.7615
W23Nvg3rw6U,Parker Brailsford,3.1,21.2362
W23Nvg3rw6U,Parker Brailsford,3.15,21.7121
W23Nvg3rw6U,Parker Brailsford,3.2,22.1891
W23Nvg3rw6U,Parker Brailsford,3.25,22.6672
W23Nvg3rw6U,Parker Brailsford,3.3,23.1463
W23Nvg3rw6U,Parker Brailsford,3.35,23.6264
W23Nvg3rw6U,Parker Brailsford,3.4,24.1074
W23Nvg3rw6U,Parker Brailsford,3.45,24.5893
W23Nvg3rw6U,Parker Brailsford,3.5,25.0721
W23Nvg3rw6U,Parker Brailsford,3.55,25.5556
W23Nvg3rw6U,Parker Brailsford,3.6,26.0399
W23Nvg3rw6U,Parker Brailsford,3.65,26.5249
W23Nvg3rw6U,Parker Brailsford,3.7,27.0107
W23Nvg3rw6U,Parker Brailsford,3.75,27.497
W23Nvg3rw6U,Parker Brailsford,3.8,27.984
W23Nvg3rw6U,Parker Brailsford,3.85,28.4716
W23Nvg3rw6U,Parker Brailsford,3.9,28.9598
W23Nvg3rw6U,Parker Brailsford,3.95,29.4485
W23Nvg3rw6U,Parker Brailsford,4.0,29.9377
W23Nvg3rw6U,Parker Brailsford,4.05,30.4274
W23Nvg3rw6U,Parker Brailsford,4.1,30.9176
W23Nvg3rw6U,Parker Brailsford,4.15,31.4082
W23Nvg3rw6U,Parker Brailsford,4.2,31.8993
W23Nvg3rw6U,Parker Brailsford,4.25,32.3907
W23Nvg3rw6U,Parker Brailsford,4.3,32.8825
W23Nvg3rw6U,Parker Brailsford,4.35,33.3747
W23Nvg3rw6U,Parker Brailsford,4.4,33.8673
W23Nvg3rw6U,Parker Brailsford,4.45,34.3602
W23Nvg3rw6U,Parker Brailsford,4.5,34.8534
W23Nvg3rw6U,Parker Brailsford,4.55,35.3469
W23Nvg3rw6U,Parker Brailsford,4.6,35.8407
W23Nvg3rw6U,Parker Brailsford,4.65,36.3347
W23Nvg3rw6U,Parker Brailsford,4.7,36.829
W23Nvg3rw6U,Parker Brailsford,4.75,37.3236
W23Nvg3rw6U,Parker Brailsford,4.8,37.8184
W23Nvg3rw6U,Parker Brailsford,4.85,38.3134
W23Nvg3rw6U,Parker Brailsford,4.9,38.8087
W23Nvg3rw6U,Parker Brailsford,4.95,39.3041
W23Nvg3rw6U,Parker Brailsford,5.0,39.7997
W23Nvg3rw6U,Devon Campbell,0.0,0.0
W23Nvg3rw6U,Devon Campbell,0.05,0.0121
W23Nvg3rw6U,Devon Campbell,0.1,0.0476
W23Nvg3rw6U,Devon Campbell,0.15,0.1053
W23Nvg3rw6U,Devon Campbell,0.2,0.1842
W23Nvg3rw6U,Devon Campbell,0.25,0.2832
W23Nvg3rw6U,Devon Campbell,0.3,0.4012
W23Nvg3rw6U,Devon Campbell,0.35,0.5375
W23Nvg3rw6U,Devon Campbell,0.4,0.691
W23Nvg3rw6U,Devon Campbell,0.45,0.8608
W23Nvg3rw6U,Devon Campbell,0.5,1.0463
W23Nvg3rw6U,Devon Campbell,0.55,1.2466
W23Nvg3rw6U,Devon Campbell,0.6,1.461
W23Nvg3rw6U,Devon Campbell,0.65,1.6888
W23Nvg3rw6U,Devon Campbell,0.7,1.9293
W23Nvg3rw6U,Devon Campbell,0.75,2.1819
W23Nvg3rw6U,Devon Campbell,0.8,2.446
W23Nvg3rw6U,Devon Campbell,0.85,2.7211
W23Nvg3rw6U,Devon Campbell,0.9,3.0065
W23Nvg3rw6U,Devon Campbell,0.95,3.3018
W23Nvg3rw6U,Devon Campbell,1.0,3.6065
W23Nvg3rw6U,Devon Campbell,1.05,3.9201
W23Nvg3rw6U,Devon Campbell,1.1,4.2422
W23Nvg3rw6U,Devon Campbell,1.15,4.5724
W23Nvg3rw6U,Devon Campbell,1.2,4.9102
W23Nvg3rw6U,Devon Campbell,1.25,5.2554
W23Nvg3rw6U,Devon Campbell,1.3,5.6074
W23Nvg3rw6U,Devon Campbell,1.35,5.966
W23Nvg3rw6U,Devon Campbell,1.4,6.3309
W23Nvg3rw6U,Devon Campbell,1.45,6.7017
W23Nvg3rw6U,Devon Campbell,1.5,7.0782
W23Nvg3rw6U,Devon Campbell,1.55,7.4601
W23Nvg3rw6U,Devon Campbell,1.6,7.847
W23Nvg3rw6U,Devon Campbell,1.65,8.2389
W23Nvg3rw6U,Devon Campbell,1.7,8.6353
W23Nvg3rw6U,Devon Campbell,1.75,9.0361
W23Nvg3rw6U,Devon Campbell,1.8,9.4411
W23Nvg3rw6U,Devon Campbell,1.85,9.8501
W23Nvg3rw6U,Devon Campbell,1.9,10.2628
W23Nvg3rw6U,Devon Campbell,1.95,10.6791
W23Nvg3rw6U,Devon Campbell,2.0,11.0988
W23Nvg3rw6U,Devon Campbell,2.05,11.5217
W23Nvg3rw6U,Devon Campbell,2.1,11.9477
W23Nvg3rw6U,Devon Campbell,2.15,12.3767
W23Nvg3rw6U,Devon Campbell,2.2,12.8084
W23Nvg3rw6U,Devon Campbell,2.25,13.2428
W23Nvg3rw6U,Devon Campbell,2.3,13.6796
W23Nvg3rw6U,Devon Campbell,2.35,14.1189
W23Nvg3rw6U,Devon Campbell,2.4,14.5604
W23Nvg3rw6U,Devon Campbell,2.45,15.0041
W23Nvg3rw6U,Devon Campbell,2.5,15.4498
W23Nvg3rw6U,Devon Campbell,2.55,15.8975
W23Nvg3rw6U,Devon Campbell,2.6,16.3471
W23Nvg3rw6U,Devon Campbell,2.65,16.7984
W23Nvg3rw6U,Devon Campbell,2.7,17.2513
W23Nvg3rw6U,Devon Campbell,2.75,17.7059
W23Nvg3rw6U,Devon Campbell,2.8,18.1619
W23Nvg3rw6U,Devon Campbell,2.85,18.6195
W23Nvg3rw6U,Devon Campbell,2.9,19.0783
W23Nvg3rw6U,Devon Campbell,2.95,19.5385
W23Nvg3rw6U,Devon Campbell,3.0,19.9999
W23Nvg3rw6U,Devon Campbell,3.05,20.4625
W23Nvg3rw6U,Devon Campbell,3.1,20.9262
W23Nvg3rw6U,Devon Campbell,3.15,21.3909
W23Nvg3rw6U,Devon Campbell,3.2,21.8567
W23Nvg3rw6U,Devon Campbell,3.25,22.3234
W23Nvg3rw6U,Devon Campbell,3.3,22.791
W23Nvg3rw6U,Devon Campbell,3.35,23.2595
W23Nvg3rw6U,Devon Campbell,3.4,23.7288
W23Nvg3rw6U,Devon Campbell,3.45,24.1989
W23Nvg3rw6U,Devon Campbell,3.5,24.6698
W23Nvg3rw6U,Devon Campbell,3.55,25.1413
W23Nvg3rw6U,Devon Campbell,3.6,25.6135
W23Nvg3rw6U,Devon Campbell,3.65,26.0864
W23Nvg3rw6U,Devon Campbell,3.7,26.5599
W23Nvg3rw6U,Devon Campbell,3.75,27.0339
W23Nvg3rw6U,Devon Campbell,3.8,27.5085
W23Nvg3rw6U,Devon Campbell,3.85,27.9836
W23Nvg3rw6U,Devon Campbell,3.9,28.4592
W23Nvg3rw6U,Devon Campbell,3.95,28.9353
W23Nvg3rw6U,Devon Campbell,4.0,29.4118
W23Nvg3rw6U,Devon Campbell,4.05,29.8887
W23Nvg3rw6U,Devon Campbell,4.1,30.3661
W23Nvg3rw6U,Devon Campbell,4.15,30.8438
W23Nvg3rw6U,Devon Campbell,4.2,31.3219
W23Nvg3rw6U,Devon Campbell,4.25,31.8004
W23Nvg3rw6U,Devon Campbell,4.3,32.2792
W23Nvg3rw6U,Devon Campbell,4.35,32.7582
W23Nvg3rw6U,Devon Campbell,4.4,33.2376
W23Nvg3rw6U,Devon Campbell,4.45,33.7173
W23Nvg3rw6U,Devon Campbell,4.5,34.1972
W23Nvg3rw6U,Devon Campbell,4.55,34.6774
W23Nvg3rw6U,Devon Campbell,4.6,35.1579
W23Nvg3rw6U,Devon Campbell,4.65,35.6386
W23Nvg3rw6U,Devon Campbell,4.7,36.1195
W23Nvg3rw6U,Devon Campbell,4.75,36.6006
W23Nvg3rw6U,Devon Campbell,4.8,37.0819
W23Nvg3rw6U,Devon Campbell,4.85,37.5634
W23Nvg3rw6U,Devon Campbell,4.9,38.045
W23Nvg3rw6U,Devon Campbell,4.95,38.5269
W23Nvg3rw6U,Devon Campbell,5.0,39.0089
W23Nvg3rw6U,Devon Campbell,5.05,39.491
W23Nvg3rw6U,J.C. Davis,0.0,0.0
W23Nvg3rw6U,J.C. Davis,0.05,0.0129
W23Nvg3rw6U,J.C. Davis,0.1,0.0506
W23Nvg3rw6U,J.C. Davis,0.15,0.1118
W23Nvg3rw6U,J.C. Davis,0.2,0.1952
W23Nvg3rw6U,J.C. Davis,0.25,0.2995
W23Nvg3rw6U,J.C. Davis,0.3,0.4237
W23Nvg3rw6U,J.C. Davis,0.35,0.5667
W23Nvg3rw6U,J.C. Davis,0.4,0.7273
W23Nvg3rw6U,J.C. Davis,0.45,0.9048
W23Nvg3rw6U,J.C. Davis,0.5,1.098
W23Nvg3rw6U,J.C. Davis,0.55,1.3063
W23Nvg3rw6U,J.C. Davis,0.6,1.5287
W23Nvg3rw6U,J.C. Davis,0.65,1.7645
W23Nvg3rw6U,J.C. Davis,0.7,2.013
W23Nvg3rw6U,J.C. Davis,0.75,2.2734
W23Nvg3rw6U,J.C. Davis,0.8,2.5452
W23Nvg3rw6U,J.C. Davis,0.85,2.8276
W23Nvg3rw6U,J.C. Davis,0.9,3.1202
W23Nvg3rw6U,J.C. Davis,0.95,3.4223
W23Nvg3rw6U,J.C. Davis,1.0,3.7334
W23Nvg3rw6U,J.C. Davis,1.05,4.0531
W23Nvg3rw6U,J.C. Davis,1.1,4.3809
W23Nvg3rw6U,J.C. Davis,1.15,4.7163
W23Nvg3rw6U,J.C. Davis,1.2,5.059
W23Nvg3rw6U,J.C. Davis,1.25,5.4084
W23Nvg3rw6U,J.C. Davis,1.3,5.7643
W23Nvg3rw6U,J.C. Davis,1.35,6.1263
W23Nvg3rw6U,J.C. Davis,1.4,6.4941
W23Nvg3rw6U,J.C. Davis,1.45,6.8673
W23Nvg3rw6U,J.C. Davis,1.5,7.2457
W23Nvg3rw6U,J.C. Davis,1.55,7.629
W23Nvg3rw6U,J.C. Davis,1.6,8.0168
W23Nvg3rw6U,J.C. Davis,1.65,8.4091
W23Nvg3rw6U,J.C. Davis,1.7,8.8054
W23Nvg3rw6U,J.C. Davis,1.75,9.2056
W23Nvg3rw6U,J.C. Davis,1.8,9.6096
W23Nvg3rw6U,J.C. Davis,1.85,10.0169
W23Nvg3rw6U,J.C. Davis,1.9,10.4276
W23Nvg3rw6U,J.C. Davis,1.95,10.8414
W23Nvg3rw6U,J.C. Davis,2.0,11.2582
W23Nvg3rw6U,J.C. Davis,2.05,11.6777
W23Nvg3rw6U,J.C. Davis,2.1,12.0998
W23Nvg3rw6U,J.C. Davis,2.15,12.5244
W23Nvg3rw6U,J.C. Davis,2.2,12.9514
W23Nvg3rw6U,J.C. Davis,2.25,13.3806
W23Nvg3rw6U,J.C. Davis,2.3,13.8119
W23Nvg3rw6U,J.C. Davis,2.35,14.2452
W23Nvg3rw6U,J.C. Davis,2.4,14.6803
W23Nvg3rw6U,J.C. Davis,2.45,15.1173
W23Nvg3rw6U,J.C. Davis,2.5,15.5559
W23Nvg3rw6U,J.C. Davis,2.55,15.9961
W23Nvg3rw6U,J.C. Davis,2.6,16.4378
W23Nvg3rw6U,J.C. Davis,2.65,16.8809
W23Nvg3rw6U,J.C. Davis,2.7,17.3253
W23Nvg3rw6U,J.C. Davis,2.75,17.771
W23Nvg3rw6U,J.C. Davis,2.8,18.218
W23Nvg3rw6U,J.C. Davis,2.85,18.666
W23Nvg3rw6U,J.C. Davis,2.9,19.1151
W23Nvg3rw6U,J.C. Davis,2.95,19.5652
W23Nvg3rw6U,J.C. Davis,3.0,20.0163
W23Nvg3rw6U,J.C. Davis,3.05,20.4683
W23Nvg3rw6U,J.C. Davis,3.1,20.9212
W23Nvg3rw6U,J.C. Davis,3.15,21.3748
W23Nvg3rw6U,J.C. Davis,3.2,21.8292
W23Nvg3rw6U,J.C. Davis,3.25,22.2844
W23Nvg3rw6U,J.C. Davis,3.3,22.7402
W23Nvg3rw6U,J.C. Davis,3.35,23.1967
W23Nvg3rw6U,J.C. Davis,3.4,23.6537
W23Nvg3rw6U,J.C. Davis,3.45,24.1114
W23Nvg3rw6U,J.C. Davis,3.5,24.5696
W23Nvg3rw6U,J.C. Davis,3.55,25.0283
W23Nvg3rw6U,J.C. Davis,3.6,25.4875
W23Nvg3rw6U,J.C. Davis,3.65,25.9472
W23Nvg3rw6U,J.C. Davis,3.7,26.4073
W23Nvg3rw6U,J.C. Davis,3.75,26.8678
W23Nvg3rw6U,J.C. Davis,3.8,27.3287
W23Nvg3rw6U,J.C. Davis,3.85,27.79
W23Nvg3rw6U,J.C. Davis,3.9,28.2516
W23Nvg3rw6U,J.C. Davis,3.95,28.7135
W23Nvg3rw6U,J.C. Davis,4.0,29.1758
W23Nvg3rw6U,J.C. Davis,4.05,29.6384
W23Nvg3rw6U,J.C. Davis,4.1,30.1012
W23Nvg3rw6U,J.C. Davis,4.15,30.5643
W23Nvg3rw6U,J.C. Davis,4.2,31.0276
W23Nvg3rw6U,J.C. Davis,4.25,31.4912
W23Nvg3rw6U,J.C. Davis,4.3,31.955
W23Nvg3rw6U,J.C. Davis,4.35,32.419
W23Nvg3rw6U,J.C. Davis,4.4,32.8832
W23Nvg3rw6U,J.C. Davis,4.45,33.3476
W23Nvg3rw6U,J.C. Davis,4.5,33.8122
W23Nvg3rw6U,J.C. Davis,4.55,34.277
W23Nvg3rw6U,J.C. Davis,4.6,34.7419
W23Nvg3rw6U,J.C. Davis,4.65,35.2069
W23Nvg3rw6U,J.C. Davis,4.7,35.6721
W23Nvg3rw6U,J.C. Davis,4.75,36.1374
W23Nvg3rw6U,J.C. Davis,4.8,36.6029
W23Nvg3rw6U,J.C. Davis,4.85,37.0685
W23Nvg3rw6U,J.C. Davis,4.9,37.5341
W23Nvg3rw6U,J.C. Davis,4.95,37.9999
W23Nvg3rw6U,J.C. Davis,5.0,38.4658
W23Nvg3rw6U,J.C. Davis,5.05,38.9318
W23Nvg3rw6U,J.C. Davis,5.1,39.3979
W23Nvg3rw6U,J.C. Davis,5.15,39.8641
W23Nvg3rw6U,Gennings Dunker,0.0,0.0
W23Nvg3rw6U,Gennings Dunker,0.05,0.011
W23Nvg3rw6U,Gennings Dunker,0.1,0.0435
W23Nvg3rw6U,Gennings Dunker,0.15,0.0964
W23Nvg3rw6U,Gennings Dunker,0.2,0.1688
W23Nvg3rw6U,Gennings Dunker,0.25,0.2599
W23Nvg3rw6U,Gennings Dunker,0.3,0.3687
W23Nvg3rw6U,Gennings Dunker,0.35,0.4946
W23Nvg3rw6U,Gennings Dunker,0.4,0.6367
W23Nvg3rw6U,Gennings Dunker,0.45,0.7943
W23Nvg3rw6U,Gennings Dunker,0.5,0.9668
W23Nvg3rw6U,Gennings Dunker,0.55,1.1533
W23Nvg3rw6U,Gennings Dunker,0.6,1.3534
W23Nvg3rw6U,Gennings Dunker,0.65,1.5663
W23Nvg3rw6U,Gennings Dunker,0.7,1.7916
W23Nvg3rw6U,Gennings Dunker,0.75,2.0286
W23Nvg3rw6U,Gennings Dunker,0.8,2.2769
W23Nvg3rw6U,Gennings Dunker,0.85,2.5358
W23Nvg3rw6U,Gennings Dunker,0.9,2.805
W23Nvg3rw6U,Gennings Dunker,0.95,3.084
W23Nvg3rw6U,Gennings Dunker,1.0,3.3723
W23Nvg3rw6U,Gennings Dunker,1.05,3.6696
W23Nvg3rw6U,Gennings Dunker,1.1,3.9753
W23Nvg3rw6U,Gennings Dunker,1.15,4.2892
W23Nvg3rw6U,Gennings Dunker,1.2,4.6108
W23Nvg3rw6U,Gennings Dunker,1.25,4.9399
W23Nvg3rw6U,Gennings Dunker,1.3,5.276
W23Nvg3rw6U,Gennings Dunker,1.35,5.6189
W23Nvg3rw6U,Gennings Dunker,1.4,5.9683
W23Nvg3rw6U,Gennings Dunker,1.45,6.3238
W23Nvg3rw6U,Gennings Dunker,1.5,6.6852
W23Nvg3rw6U,Gennings Dunker,1.55,7.0523
W23Nvg3rw6U,Gennings Dunker,1.6,7.4246
W23Nvg3rw6U,Gennings Dunker,1.65,7.8022
W23Nvg3rw6U,Gennings Dunker,1.7,8.1846
W23Nvg3rw6U,Gennings Dunker,1.75,8.5717
W23Nvg3rw6U,Gennings Dunker,1.8,8.9632
W23Nvg3rw6U,Gennings Dunker,1.85,9.3591
W23Nvg3rw6U,Gennings Dunker,1.9,9.759
W23Nvg3rw6U,Gennings Dunker,1.95,10.1627
W23Nvg3rw6U,Gennings Dunker,2.0,10.5702
W23Nvg3rw6U,Gennings Dunker,2.05,10.9813
W23Nvg3rw6U,Gennings Dunker,2.1,11.3957
W23Nvg3rw6U,Gennings Dunker,2.15,11.8134
W23Nvg3rw6U,Gennings Dunker,2.2,12.2341
W23Nvg3rw6U,Gennings Dunker,2.25,12.6578
W23Nvg3rw6U,Gennings Dunker,2.3,13.0843
W23Nvg3rw6U,Gennings Dunker,2.35,13.5135
W23Nvg3rw6U,Gennings Dunker,2.4,13.9453
W23Nvg3rw6U,Gennings Dunker,2.45,14.3795
W23Nvg3rw6U,Gennings Dunker,2.5,14.816
W23Nvg3rw6U,Gennings Dunker,2.55,15.2548
W23Nvg3rw6U,Gennings Dunker,2.6,15.6957
W23Nvg3rw6U,Gennings Dunker,2.65,16.1387
W23Nvg3rw6U,Gennings Dunker,2.7,16.5836
W23Nvg3rw6U,Gennings Dunker,2.75,17.0304
W23Nvg3rw6U,Gennings Dunker,2.8,17.4789
W23Nvg3rw6U,Gennings Dunker,2.85,17.9292
W23Nvg3rw6U,Gennings Dunker,2.9,18.381
W23Nvg3rw6U,Gennings Dunker,2.95,18.8344
W23Nvg3rw6U,Gennings Dunker,3.0,19.2893
W23Nvg3rw6U,Gennings Dunker,3.05,19.7456
W23Nvg3rw6U,Gennings Dunker,3.1,20.2032
W23Nvg3rw6U,Gennings Dunker,3.15,20.6622
W23Nvg3rw6U,Gennings Dunker,3.2,21.1223
W23Nvg3rw6U,Gennings Dunker,3.25,21.5836
W23Nvg3rw6U,Gennings Dunker,3.3,22.0461
W23Nvg3rw6U,Gennings Dunker,3.35,22.5096
W23Nvg3rw6U,Gennings Dunker,3.4,22.9741
W23Nvg3rw6U,Gennings Dunker,3.45,23.4396
W23Nvg3rw6U,Gennings Dunker,3.5,23.9061
W23Nvg3rw6U,Gennings Dunker,3.55,24.3734
W23Nvg3rw6U,Gennings Dunker,3.6,24.8416
W23Nvg3rw6U,Gennings Dunker,3.65,25.3105
W23Nvg3rw6U,Gennings Dunker,3.7,25.7803
W23Nvg3rw6U,Gennings Dunker,3.75,26.2508
W23Nvg3rw6U,Gennings Dunker,3.8,26.722
W23Nvg3rw6U,Gennings Dunker,3.85,27.1939
W23Nvg3rw6U,Gennings Dunker,3.9,27.6664
W23Nvg3rw6U,Gennings Dunker,3.95,28.1395
W23Nvg3rw6U,Gennings Dunker,4.0,28.6133
W23Nvg3rw6U,Gennings Dunker,4.05,29.0876
W23Nvg3rw6U,Gennings Dunker,4.1,29.5624
W23Nvg3rw6U,Gennings Dunker,4.15,30.0377
W23Nvg3rw6U,Gennings Dunker,4.2,30.5135
W23Nvg3rw6U,Gennings Dunker,4.25,30.9898
W23Nvg3rw6U,Gennings Dunker,4.3,31.4665
W23Nvg3rw6U,Gennings Dunker,4.35,31.9437
W23Nvg3rw6U,Gennings Dunker,4.4,32.4213
W23Nvg3rw6U,Gennings Dunker,4.45,32.8992
W23Nvg3rw6U,Gennings Dunker,4.5,33.3775
W23Nvg3rw6U,Gennings Dunker,4.55,33.8562
W23Nvg3rw6U,Gennings Dunker,4.6,34.3352
W23Nvg3rw6U,Gennings Dunker,4.65,34.8145
W23Nvg3rw6U,Gennings Dunker,4.7,35.2942
W23Nvg3rw6U,Gennings Dunker,4.75,35.7741
W23Nvg3rw6U,Gennings Dunker,4.8,36.2543
W23Nvg3rw6U,Gennings Dunker,4.85,36.7348
W23Nvg3rw6U,Gennings Dunker,4.9,37.2155
W23Nvg3rw6U,Gennings Dunker,4.95,37.6965
W23Nvg3rw6U,Gennings Dunker,5.0,38.1777
W23Nvg3rw6U,Gennings Dunker,5.05,38.6592
W23Nvg3rw6U,Gennings Dunker,5.1,39.1408
W23Nvg3rw6U,Gennings Dunker,5.15,39.6227
W23Nvg3rw6U,Spencer Fano,0.0,0.0
W23Nvg3rw6U,Spencer Fano,0.05,0.0119
W23Nvg3rw6U,Spencer Fano,0.1,0.047
W23Nvg3rw6U,Spencer Fano,0.15,0.1042
W23Nvg3rw6U,Spencer Fano,0.2,0.1824
W23Nvg3rw6U,Spencer Fano,0.25,0.2807
W23Nvg3rw6U,Spencer Fano,0.3,0.3981
W23Nvg3rw6U,Spencer Fano,0.35,0.5338
W23Nvg3rw6U,Spencer Fano,0.4,0.6869
W23Nvg3rw6U,Spencer Fano,0.45,0.8567
W23Nvg3rw6U,Spencer Fano,0.5,1.0423
W23Nvg3rw6U,Spencer Fano,0.55,1.2431
W23Nvg3rw6U,Spencer Fano,0.6,1.4582
W23Nvg3rw6U,Spencer Fano,0.65,1.6872
W23Nvg3rw6U,Spencer Fano,0.7,1.9292
W23Nvg3rw6U,Spencer Fano,0.75,2.1838
W23Nvg3rw6U,Spencer Fano,0.8,2.4503
W23Nvg3rw6U,Spencer Fano,0.85,2.7283
W23Nvg3rw6U,Spencer Fano,0.9,3.0171
W23Nvg3rw6U,Spencer Fano,0.95,3.3162
W23Nvg3rw6U,Spencer Fano,1.0,3.6252
W23Nvg3rw6U,Spencer Fano,1.05,3.9437
W23Nvg3rw6U,Spencer Fano,1.1,4.2712
W23Nvg3rw6U,Spencer Fano,1.15,4.6072
W23Nvg3rw6U,Spencer Fano,1.2,4.9514
W23Nvg3rw6U,Spencer Fano,1.25,5.3035
W23Nvg3rw6U,Spencer Fano,1.3,5.663
W23Nvg3rw6U,Spencer Fano,1.35,6.0296
W23Nvg3rw6U,Spencer Fano,1.4,6.4029
W23Nvg3rw6U,Spencer Fano,1.45,6.7827
W23Nvg3rw6U,Spencer Fano,1.5,7.1687
W23Nvg3rw6U,Spencer Fano,1.55,7.5606
W23Nvg3rw6U,Spencer Fano,1.6,7.9581
W23Nvg3rw6U,Spencer Fano,1.65,8.3609
W23Nvg3rw6U,Spencer Fano,1.7,8.7688
W23Nvg3rw6U,Spencer Fano,1.75,9.1816
W23Nvg3rw6U,Spencer Fano,1.8,9.5991
W23Nvg3rw6U,Spencer Fano,1.85,10.021
W23Nvg3rw6U,Spencer Fano,1.9,10.447
W23Nvg3rw6U,Spencer Fano,1.95,10.8772
W23Nvg3rw6U,Spencer Fano,2.0,11.3111
W23Nvg3rw6U,Spencer Fano,2.05,11.7488
W23Nvg3rw6U,Spencer Fano,2.1,12.1899
W23Nvg3rw6U,Spencer Fano,2.15,12.6344
W23Nvg3rw6U,Spencer Fano,2.2,13.082
W23Nvg3rw6U,Spencer Fano,2.25,13.5327
W23Nvg3rw6U,Spencer Fano,2.3,13.9863
W23Nvg3rw6U,Spencer Fano,2.35,14.4426
W23Nvg3rw6U,Spencer Fano,2.4,14.9016
W23Nvg3rw6U,Spencer Fano,2.45,15.3631
W23Nvg3rw6U,Spencer Fano,2.5,15.827
W23Nvg3rw6U,Spencer Fano,2.55,16.2932
W23Nvg3rw6U,Spencer Fano,2.6,16.7615
W23Nvg3rw6U,Spencer Fano,2.65,17.232
W23Nvg3rw6U,Spencer Fano,2.7,17.7044
W23Nvg3rw6U,Spencer Fano,2.75,18.1787
W23Nvg3rw6U,Spencer Fano,2.8,18.6548
W23Nvg3rw6U,Spencer Fano,2.85,19.1326
W23Nvg3rw6U,Spencer Fano,2.9,19.6121
W23Nvg3rw6U,Spencer Fano,2.95,20.0931
W23Nvg3rw6U,Spencer Fano,3.0,20.5757
W23Nvg3rw6U,Spencer Fano,3.05,21.0597
W23Nvg3rw6U,Spencer Fano,3.1,21.545
W23Nvg3rw6U,Spencer Fano,3.15,22.0316
W23Nvg3rw6U,Spencer Fano,3.2,22.5195
W23Nvg3rw6U,Spencer Fano,3.25,23.0085
W23Nvg3rw6U,Spencer Fano,3.3,23.4987
W23Nvg3rw6U,Spencer Fano,3.35,23.9899
W23Nvg3rw6U,Spencer Fano,3.4,24.4822
W23Nvg3rw6U,Spencer Fano,3.45,24.9754
W23Nvg3rw6U,Spencer Fano,3.5,25.4696
W23Nvg3rw6U,Spencer Fano,3.55,25.9646
W23Nvg3rw6U,Spencer Fano,3.6,26.4605
W23Nvg3rw6U,Spencer Fano,3.65,26.9572
W23Nvg3rw6U,Spencer Fano,3.7,27.4547
W23Nvg3rw6U,Spencer Fano,3.75,27.9529
W23Nvg3rw6U,Spencer Fano,3.8,28.4519
W23Nvg3rw6U,Spencer Fano,3.85,28.9515
W23Nvg3rw6U,Spencer Fano,3.9,29.4517
W23Nvg3rw6U,Spencer Fano,3.95,29.9525
W23Nvg3rw6U,Spencer Fano,4.0,30.4539
W23Nvg3rw6U,Spencer Fano,4.05,30.9559
W23Nvg3rw6U,Spencer Fano,4.1,31.4584
W23Nvg3rw6U,Spencer Fano,4.15,31.9614
W23Nvg3rw6U,Spencer Fano,4.2,32.4649
W23Nvg3rw6U,Spencer Fano,4.25,32.9689
W23Nvg3rw6U,Spencer Fano,4.3,33.4733
W23Nvg3rw6U,Spencer Fano,4.35,33.9781
W23Nvg3rw6U,Spencer Fano,4.4,34.4833
W23Nvg3rw6U,Spencer Fano,4.45,34.9888
W23Nvg3rw6U,Spencer Fano,4.5,35.4948
W23Nvg3rw6U,Spencer Fano,4.55,36.0011
W23Nvg3rw6U,Spencer Fano,4.6,36.5077
W23Nvg3rw6U,Spencer Fano,4.65,37.0146
W23Nvg3rw6U,Spencer Fano,4.7,37.5218
W23Nvg3rw6U,Spencer Fano,4.75,38.0294
W23Nvg3rw6U,Spencer Fano,4.8,38.5372
W23Nvg3rw6U,Spencer Fano,4.85,39.0452
W23Nvg3rw6U,Spencer Fano,4.9,39.5535
W23Nvg3rw6U,Jalen Farmer,0.0,0.0
W23Nvg3rw6U,Jalen Farmer,0.05,0.0115
W23Nvg3rw6U,Jalen Farmer,0.1,0.0452
W23Nvg3rw6U,Jalen Farmer,0.15,0.1002
W23Nvg3rw6U,Jalen Farmer,0.2,0.1756
W23Nvg3rw6U,Jalen Farmer,0.25,0.2704
W23Nvg3rw6U,Jalen Farmer,0.3,0.3839
W23Nvg3rw6U,Jalen Farmer,0.35,0.5152
W23Nvg3rw6U,Jalen Farmer,0.4,0.6635
W23Nvg3rw6U,Jalen Farmer,0.45,0.8282
W23Nvg3rw6U,Jalen Farmer,0.5,1.0084
W23Nvg3rw6U,Jalen Farmer,0.55,1.2035
W23Nvg3rw6U,Jalen Farmer,0.6,1.4129
W23Nvg3rw6U,Jalen Farmer,0.65,1.636
W23Nvg3rw6U,Jalen Farmer,0.7,1.8721
W23Nvg3rw6U,Jalen Farmer,0.75,2.1207
W23Nvg3rw6U,Jalen Farmer,0.8,2.3812
W23Nvg3rw6U,Jalen Farmer,0.85,2.6531
W23Nvg3rw6U,Jalen Farmer,0.9,2.936
W23Nvg3rw6U,Jalen Farmer,0.95,3.2293
W23Nvg3rw6U,Jalen Farmer,1.0,3.5326
W23Nvg3rw6U,Jalen Farmer,1.05,3.8454
W23Nvg3rw6U,Jalen Farmer,1.1,4.1674
W23Nvg3rw6U,Jalen Farmer,1.15,4.4982
W23Nvg3rw6U,Jalen Farmer,1.2,4.8373
W23Nvg3rw6U,Jalen Farmer,1.25,5.1844
W23Nvg3rw6U,Jalen Farmer,1.3,5.5391
W23Nvg3rw6U,Jalen Farmer,1.35,5.9012
W23Nvg3rw6U,Jalen Farmer,1.4,6.2702
W23Nvg3rw6U,Jalen Farmer,1.45,6.646
W23Nvg3rw6U,Jalen Farmer,1.5,7.0282
W23Nvg3rw6U,Jalen Farmer,1.55,7.4165
W23Nvg3rw6U,Jalen Farmer,1.6,7.8106
W23Nvg3rw6U,Jalen Farmer,1.65,8.2104
W23Nvg3rw6U,Jalen Farmer,1.7,8.6155
W23Nvg3rw6U,Jalen Farmer,1.75,9.0257
W23Nvg3rw6U,Jalen Farmer,1.8,9.4408
W23Nvg3rw6U,Jalen Farmer,1.85,9.8607
W23Nvg3rw6U,Jalen Farmer,1.9,10.285
W23Nvg3rw6U,Jalen Farmer,1.95,10.7136
W23Nvg3rw6U,Jalen Farmer,2.0,11.1463
W23Nvg3rw6U,Jalen Farmer,2.05,11.5829
W23Nvg3rw6U,Jalen Farmer,2.1,12.0233
W23Nvg3rw6U,Jalen Farmer,2.15,12.4673
W23Nvg3rw6U,Jalen Farmer,2.2,12.9147
W23Nvg3rw6U,Jalen Farmer,2.25,13.3654
W23Nvg3rw6U,Jalen Farmer,2.3,13.8192
W23Nvg3rw6U,Jalen Farmer,2.35,14.2761
W23Nvg3rw6U,Jalen Farmer,2.4,14.7358
W23Nvg3rw6U,Jalen Farmer,2.45,15.1983
W23Nvg3rw6U,Jalen Farmer,2.5,15.6634
W23Nvg3rw6U,Jalen Farmer,2.55,16.131
W23Nvg3rw6U,Jalen Farmer,2.6,16.601
W23Nvg3rw6U,Jalen Farmer,2.65,17.0733
W23Nvg3rw6U,Jalen Farmer,2.7,17.5478
W23Nvg3rw6U,Jalen Farmer,2.75,18.0244
W23Nvg3rw6U,Jalen Farmer,2.8,18.5031
W23Nvg3rw6U,Jalen Farmer,2.85,18.9836
W23Nvg3rw6U,Jalen Farmer,2.9,19.4661
W23Nvg3rw6U,Jalen Farmer,2.95,19.9502
W23Nvg3rw6U,Jalen Farmer,3.0,20.4361
W23Nvg3rw6U,Jalen Farmer,3.05,20.9235
W23Nvg3rw6U,Jalen Farmer,3.1,21.4126
W23Nvg3rw6U,Jalen Farmer,3.15,21.903
W23Nvg3rw6U,Jalen Farmer,3.2,22.3949
W23Nvg3rw6U,Jalen Farmer,3.25,22.8882
W23Nvg3rw6U,Jalen Farmer,3.3,23.3827
W23Nvg3rw6U,Jalen Farmer,3.35,23.8785
W23Nvg3rw6U,Jalen Farmer,3.4,24.3754
W23Nvg3rw6U,Jalen Farmer,3.45,24.8735
W23Nvg3rw6U,Jalen Farmer,3.5,25.3726
W23Nvg3rw6U,Jalen Farmer,3.55,25.8728
W23Nvg3rw6U,Jalen Farmer,3.6,26.374
W23Nvg3rw6U,Jalen Farmer,3.65,26.8761
W23Nvg3rw6U,Jalen Farmer,3.7,27.3792
W23Nvg3rw6U,Jalen Farmer,3.75,27.8831
W23Nvg3rw6U,Jalen Farmer,3.8,28.3878
W23Nvg3rw6U,Jalen Farmer,3.85,28.8933
W23Nvg3rw6U,Jalen Farmer,3.9,29.3995
W23Nvg3rw6U,Jalen Farmer,3.95,29.9065
W23Nvg3rw6U,Jalen Farmer,4.0,30.4142
W23Nvg3rw6U,Jalen Farmer,4.05,30.9226
W23Nvg3rw6U,Jalen Farmer,4.1,31.4315
W23Nvg3rw6U,Jalen Farmer,4.15,31.9411
W23Nvg3rw6U,Jalen Farmer,4.2,32.4513
W23Nvg3rw6U,Jalen Farmer,4.25,32.962
W23Nvg3rw6U,Jalen Farmer,4.3,33.4732
W23Nvg3rw6U,Jalen Farmer,4.35,33.985
W23Nvg3rw6U,Jalen Farmer,4.4,34.4972
W23Nvg3rw6U,Jalen Farmer,4.45,35.0099
W23Nvg3rw6U,Jalen Farmer,4.5,35.5231
W23Nvg3rw6U,Jalen Farmer,4.55,36.0366
W23Nvg3rw6U,Jalen Farmer,4.6,36.5506
W23Nvg3rw6U,Jalen Farmer,4.65,37.065
W23Nvg3rw6U,Jalen Farmer,4.7,37.5797
W23Nvg3rw6U,Jalen Farmer,4.75,38.0948
W23Nvg3rw6U,Jalen Farmer,4.8,38.6102
W23Nvg3rw6U,Jalen Farmer,4.85,39.126
W23Nvg3rw6U,Jalen Farmer,4.9,39.642
W23Nvg3rw6U,Austin Barber,0.0,0.0
W23Nvg3rw6U,Austin Barber,0.05,0.0111
W23Nvg3rw6U,Austin Barber,0.1,0.0438
W23Nvg3rw6U,Austin Barber,0.15,0.097
W23Nvg3rw6U,Austin Barber,0.2,0.17
W23Nvg3rw6U,Austin Barber,0.25,0.2618
W23Nvg3rw6U,Austin Barber,0.3,0.3716
W23Nvg3rw6U,Austin Barber,0.35,0.4985
W23Nvg3rw6U,Austin Barber,0.4,0.6419
W23Nvg3rw6U,Austin Barber,0.45,0.8009
W23Nvg3rw6U,Austin Barber,0.5,0.975
W23Nvg3rw6U,Austin Barber,0.55,1.1634
W23Nvg3rw6U,Austin Barber,0.6,1.3655
W23Nvg3rw6U,Austin Barber,0.65,1.5807
W23Nvg3rw6U,Austin Barber,0.7,1.8084
W23Nvg3rw6U,Austin Barber,0.75,2.0481
W23Nvg3rw6U,Austin Barber,0.8,2.2992
W23Nvg3rw6U,Austin Barber,0.85,2.5612
W23Nvg3rw6U,Austin Barber,0.9,2.8336
W23Nvg3rw6U,Austin Barber,0.95,3.116
W23Nvg3rw6U,Austin Barber,1.0,3.408
W23Nvg3rw6U,Austin Barber,1.05,3.7091
W23Nvg3rw6U,Austin Barber,1.1,4.0188
W23Nvg3rw6U,Austin Barber,1.15,4.3369
W23Nvg3rw6U,Austin Barber,1.2,4.6629
W23Nvg3rw6U,Austin Barber,1.25,4.9966
W23Nvg3rw6U,Austin Barber,1.3,5.3375
W23Nvg3rw6U,Austin Barber,1.35,5.6853
W23Nvg3rw6U,Austin Barber,1.4,6.0398
W23Nvg3rw6U,Austin Barber,1.45,6.4006
W23Nvg3rw6U,Austin Barber,1.5,6.7674
W23Nvg3rw6U,Austin Barber,1.55,7.1401
W23Nvg3rw6U,Austin Barber,1.6,7.5182
W23Nvg3rw6U,Austin Barber,1.65,7.9017
W23Nvg3rw6U,Austin Barber,1.7,8.2902
W23Nvg3rw6U,Austin Barber,1.75,8.6836
W23Nvg3rw6U,Austin Barber,1.8,9.0815
W23Nvg3rw6U,Austin Barber,1.85,9.4839
W23Nvg3rw6U,Austin Barber,1.9,9.8905
W23Nvg3rw6U,Austin Barber,1.95,10.3011
W23Nvg3rw6U,Austin Barber,2.0,10.7155
W23Nvg3rw6U,Austin Barber,2.05,11.1337
W23Nvg3rw6U,Austin Barber,2.1,11.5553
W23Nvg3rw6U,Austin Barber,2.15,11.9803
W23Nvg3rw6U,Austin Barber,2.2,12.4085
W23Nvg3rw6U,Austin Barber,2.25,12.8398
W23Nvg3rw6U,Austin Barber,2.3,13.2741
W23Nvg3rw6U,Austin Barber,2.35,13.7111
W23Nvg3rw6U,Austin Barber,2.4,14.1508
W23Nvg3rw6U,Austin Barber,2.45,14.593
W23Nvg3rw6U,Austin Barber,2.5,15.0377
W23Nvg3rw6U,Austin Barber,2.55,15.4848
W23Nvg3rw6U,Austin Barber,2.6,15.934
W23Nvg3rw6U,Austin Barber,2.65,16.3854
W23Nvg3rw6U,Austin Barber,2.7,16.8389
W23Nvg3rw6U,Austin Barber,2.75,17.2943
W23Nvg3rw6U,Austin Barber,2.8,17.7515
W23Nvg3rw6U,Austin Barber,2.85,18.2106
W23Nvg3rw6U,Austin Barber,2.9,18.6713
W23Nvg3rw6U,Austin Barber,2.95,19.1337
W23Nvg3rw6U,Austin Barber,3.0,19.5976
W23Nvg3rw6U,Austin Barber,3.05,20.063
W23Nvg3rw6U,Austin Barber,3.1,20.5298
W23Nvg3rw6U,Austin Barber,3.15,20.998
W23Nvg3rw6U,Austin Barber,3.2,21.4675
W23Nvg3rw6U,Austin Barber,3.25,21.9382
W23Nvg3rw6U,Austin Barber,3.3,22.4101
W23Nvg3rw6U,Austin Barber,3.35,22.8831
W23Nvg3rw6U,Austin Barber,3.4,23.3573
W23Nvg3rw6U,Austin Barber,3.45,23.8324
W23Nvg3rw6U,Austin Barber,3.5,24.3085
W23Nvg3rw6U,Austin Barber,3.55,24.7856
W23Nvg3rw6U,Austin Barber,3.6,25.2636
W23Nvg3rw6U,Austin Barber,3.65,25.7424
W23Nvg3rw6U,Austin Barber,3.7,26.2221
W23Nvg3rw6U,Austin Barber,3.75,26.7025
W23Nvg3rw6U,Austin Barber,3.8,27.1837
W23Nvg3rw6U,Austin Barber,3.85,27.6657
W23Nvg3rw6U,Austin Barber,3.9,28.1483
W23Nvg3rw6U,Austin Barber,3.95,28.6315
W23Nvg3rw6U,Austin Barber,4.0,29.1154
W23Nvg3rw6U,Austin Barber,4.05,29.5999
W23Nvg3rw6U,Austin Barber,4.1,30.085
W23Nvg3rw6U,Austin Barber,4.15,30.5706
W23Nvg3rw6U,Austin Barber,4.2,31.0567
W23Nvg3rw6U,Austin Barber,4.25,31.5434
W23Nvg3rw6U,Austin Barber,4.3,32.0305
W23Nvg3rw6U,Austin Barber,4.35,32.5181
W23Nvg3rw6U,Austin Barber,4.4,33.0061
W23Nvg3rw6U,Austin Barber,4.45,33.4945
W23Nvg3rw6U,Austin Barber,4.5,33.9833
W23Nvg3rw6U,Austin Barber,4.55,34.4725
W23Nvg3rw6U,Austin Barber,4.6,34.9621
W23Nvg3rw6U,Austin Barber,4.65,35.452
W23Nvg3rw6U,Austin Barber,4.7,35.9422
W23Nvg3rw6U,Austin Barber,4.75,36.4328
W23Nvg3rw6U,Austin Barber,4.8,36.9237
W23Nvg3rw6U,Austin Barber,4.85,37.4148
W23Nvg3rw6U,Austin Barber,4.9,37.9063
W23Nvg3rw6U,Austin Barber,4.95,38.398
W23Nvg3rw6U,Austin Barber,5.0,38.8899
W23Nvg3rw6U,Austin Barber,5.05,39.3821
W23Nvg3rw6U,Austin Barber,5.1,39.8746
W23Nvg3rw6U,Evan Beerntsen,0.0,0.0
W23Nvg3rw6U,Evan Beerntsen,0.05,0.011
W23Nvg3rw6U,Evan Beerntsen,0.1,0.0435
W23Nvg3rw6U,Evan Beerntsen,0.15,0.0964
W23Nvg3rw6U,Evan Beerntsen,0.2,0.1688
W23Nvg3rw6U,Evan Beerntsen,0.25,0.2598
W23Nvg3rw6U,Evan Beerntsen,0.3,0.3686
W23Nvg3rw6U,Evan Beerntsen,0.35,0.4943
W23Nvg3rw6U,Evan Beerntsen,0.4,0.6361
W23Nvg3rw6U,Evan Beerntsen,0.45,0.7934
W23Nvg3rw6U,Evan Beerntsen,0.5,0.9654
W23Nvg3rw6U,Evan Beerntsen,0.55,1.1515
W23Nvg3rw6U,Evan Beerntsen,0.6,1.351
W23Nvg3rw6U,Evan Beerntsen,0.65,1.5632
W23Nvg3rw6U,Evan Beerntsen,0.7,1.7877
W23Nvg3rw6U,Evan Beerntsen,0.75,2.0237
W23Nvg3rw6U,Evan Beerntsen,0.8,2.2709
W23Nvg3rw6U,Evan Beerntsen,0.85,2.5287
W23Nvg3rw6U,Evan Beerntsen,0.9,2.7967
W23Nvg3rw6U,Evan Beerntsen,0.95,3.0742
W23Nvg3rw6U,Evan Beerntsen,1.0,3.361
W23Nvg3rw6U,Evan Beerntsen,1.05,3.6566
W23Nvg3rw6U,Evan Beerntsen,1.1,3.9605
W23Nvg3rw6U,Evan Beerntsen,1.15,4.2725
W23Nvg3rw6U,Evan Beerntsen,1.2,4.5921
W23Nvg3rw6U,Evan Beerntsen,1.25,4.9189
W23Nvg3rw6U,Evan Beerntsen,1.3,5.2528
W23Nvg3rw6U,Evan Beerntsen,1.35,5.5932
W23Nvg3rw6U,Evan Beerntsen,1.4,5.94
W23Nvg3rw6U,Evan Beerntsen,1.45,6.2928
W23Nvg3rw6U,Evan Beerntsen,1.5,6.6514
W23Nvg3rw6U,Evan Beerntsen,1.55,7.0155
W23Nvg3rw6U,Evan Beerntsen,1.6,7.3849
W23Nvg3rw6U,Evan Beerntsen,1.65,7.7592
W23Nvg3rw6U,Evan Beerntsen,1.7,8.1383
W23Nvg3rw6U,Evan Beerntsen,1.75,8.522
W23Nvg3rw6U,Evan Beerntsen,1.8,8.9101
W23Nvg3rw6U,Evan Beerntsen,1.85,9.3022
W23Nvg3rw6U,Evan Beerntsen,1.9,9.6984
W23Nvg3rw6U,Evan Beerntsen,1.95,10.0983
W23Nvg3rw6U,Evan Beerntsen,2.0,10.5018
W23Nvg3rw6U,Evan Beerntsen,2.05,10.9088
W23Nvg3rw6U,Evan Beerntsen,2.1,11.3191
W23Nvg3rw6U,Evan Beerntsen,2.15,11.7324
W23Nvg3rw6U,Evan Beerntsen,2.2,12.1488
W23Nvg3rw6U,Evan Beerntsen,2.25,12.5681
W23Nvg3rw6U,Evan Beerntsen,2.3,12.99
W23Nvg3rw6U,Evan Beerntsen,2.35,13.4146
W23Nvg3rw6U,Evan Beerntsen,2.4,13.8416
W23Nvg3rw6U,Evan Beerntsen,2.45,14.271
W23Nvg3rw6U,Evan Beerntsen,2.5,14.7026
W23Nvg3rw6U,Evan Beerntsen,2.55,15.1364
W23Nvg3rw6U,Evan Beerntsen,2.6,15.5723
W23Nvg3rw6U,Evan Beerntsen,2.65,16.0101
W23Nvg3rw6U,Evan Beerntsen,2.7,16.4498
W23Nvg3rw6U,Evan Beerntsen,2.75,16.8913
W23Nvg3rw6U,Evan Beerntsen,2.8,17.3344
W23Nvg3rw6U,Evan Beerntsen,2.85,17.7792
W23Nvg3rw6U,Evan Beerntsen,2.9,18.2256
W23Nvg3rw6U,Evan Beerntsen,2.95,18.6734
W23Nvg3rw6U,Evan Beerntsen,3.0,19.1227
W23Nvg3rw6U,Evan Beerntsen,3.05,19.5733
W23Nvg3rw6U,Evan Beerntsen,3.1,20.0251
W23Nvg3rw6U,Evan Beerntsen,3.15,20.4783
W23Nvg3rw6U,Evan Beerntsen,3.2,20.9325
W23Nvg3rw6U,Evan Beerntsen,3.25,21.3879
W23Nvg3rw6U,Evan Beerntsen,3.3,21.8444
W23Nvg3rw6U,Evan Beerntsen,3.35,22.3019
W23Nvg3rw6U,Evan Beerntsen,3.4,22.7603
W23Nvg3rw6U,Evan Beerntsen,3.45,23.2197
W23Nvg3rw6U,Evan Beerntsen,3.5,23.6799
W23Nvg3rw6U,Evan Beerntsen,3.55,24.141
W23Nvg3rw6U,Evan Beerntsen,3.6,24.6029
W23Nvg3rw6U,Evan Beerntsen,3.65,25.0656
W23Nvg3rw6U,Evan Beerntsen,3.7,25.529
W23Nvg3rw6U,Evan Beerntsen,3.75,25.9931
W23Nvg3rw6U,Evan Beerntsen,3.8,26.4579
W23Nvg3rw6U,Evan Beerntsen,3.85,26.9233
W23Nvg3rw6U,Evan Beerntsen,3.9,27.3893
W23Nvg3rw6U,Evan Beerntsen,3.95,27.8559
W23Nvg3rw6U,Evan Beerntsen,4.0,28.323
W23Nvg3rw6U,Evan Beerntsen,4.05,28.7907
W23Nvg3rw6U,Evan Beerntsen,4.1,29.2589
W23Nvg3rw6U,Evan Beerntsen,4.15,29.7275
W23Nvg3rw6U,Evan Beerntsen,4.2,30.1966
W23Nvg3rw6U,Evan Beerntsen,4.25,30.6662
W23Nvg3rw6U,Evan Beerntsen,4.3,31.1362
W23Nvg3rw6U,Evan Beerntsen,4.35,31.6065
W23Nvg3rw6U,Evan Beerntsen,4.4,32.0773
W23Nvg3rw6U,Evan Beerntsen,4.45,32.5484
W23Nvg3rw6U,Evan Beerntsen,4.5,33.0198
W23Nvg3rw6U,Evan Beerntsen,4.55,33.4916
W23Nvg3rw6U,Evan Beerntsen,4.6,33.9637
W23Nvg3rw6U,Evan Beerntsen,4.65,34.4361
W23Nvg3rw6U,Evan Beerntsen,4.7,34.9088
W23Nvg3rw6U,Evan Beerntsen,4.75,35.3818
W23Nvg3rw6U,Evan Beerntsen,4.8,35.855
W23Nvg3rw6U,Evan Beerntsen,4.85,36.3285
W23Nvg3rw6U,Evan Beerntsen,4.9,36.8022
W23Nvg3rw6U,Evan Beerntsen,4.95,37.2761
W23Nvg3rw6U,Evan Beerntsen,5.0,37.7503
W23Nvg3rw6U,Evan Beerntsen,5.05,38.2246
W23Nvg3rw6U,Evan Beerntsen,5.1,38.6992
W23Nvg3rw6U,Evan Beerntsen,5.15,39.1739
W23Nvg3rw6U,Evan Beerntsen,5.2,39.6489
W23Nvg3rw6U,Evan Beerntsen,5.25,40.124
W23Nvg3rw6U,Markel Bell,0.0,0.0
W23Nvg3rw6U,Markel Bell,0.05,0.0121
W23Nvg3rw6U,Markel Bell,0.1,0.0476
W23Nvg3rw6U,Markel Bell,0.15,0.1051
W23Nvg3rw6U,Markel Bell,0.2,0.1835
W23Nvg3rw6U,Markel Bell,0.25,0.2816
W23Nvg3rw6U,Markel Bell,0.3,0.3984
W23Nvg3rw6U,Markel Bell,0.35,0.5327
W23Nvg3rw6U,Markel Bell,0.4,0.6837
W23Nvg3rw6U,Markel Bell,0.45,0.8504
W23Nvg3rw6U,Markel Bell,0.5,1.032
W23Nvg3rw6U,Markel Bell,0.55,1.2276
W23Nvg3rw6U,Markel Bell,0.6,1.4365
W23Nvg3rw6U,Markel Bell,0.65,1.658
W23Nvg3rw6U,Markel Bell,0.7,1.8913
W23Nvg3rw6U,Markel Bell,0.75,2.1358
W23Nvg3rw6U,Markel Bell,0.8,2.3909
W23Nvg3rw6U,Markel Bell,0.85,2.656
W23Nvg3rw6U,Markel Bell,0.9,2.9306
W23Nvg3rw6U,Markel Bell,0.95,3.2141
W23Nvg3rw6U,Markel Bell,1.0,3.5061
W23Nvg3rw6U,Markel Bell,1.05,3.806
W23Nvg3rw6U,Markel Bell,1.1,4.1135
W23Nvg3rw6U,Markel Bell,1.15,4.4282
W23Nvg3rw6U,Markel Bell,1.2,4.7495
W23Nvg3rw6U,Markel Bell,1.25,5.0773
W23Nvg3rw6U,Markel Bell,1.3,5.4111
W23Nvg3rw6U,Markel Bell,1.35,5.7505
W23Nvg3rw6U,Markel Bell,1.4,6.0954
W23Nvg3rw6U,Markel Bell,1.45,6.4453
W23Nvg3rw6U,Markel Bell,1.5,6.8
W23Nvg3rw6U,Markel Bell,1.55,7.1593
W23Nvg3rw6U,Markel Bell,1.6,7.5228
W23Nvg3rw6U,Markel Bell,1.65,7.8904
W23Nvg3rw6U,Markel Bell,1.7,8.2619
W23Nvg3rw6U,Markel Bell,1.75,8.6369
W23Nvg3rw6U,Markel Bell,1.8,9.0154
W23Nvg3rw6U,Markel Bell,1.85,9.3972
W23Nvg3rw6U,Markel Bell,1.9,9.7819
W23Nvg3rw6U,Markel Bell,1.95,10.1696
W23Nvg3rw6U,Markel Bell,2.0,10.56
W23Nvg3rw6U,Markel Bell,2.05,10.953
W23Nvg3rw6U,Markel Bell,2.1,11.3484
W23Nvg3rw6U,Markel Bell,2.15,11.7462
W23Nvg3rw6U,Markel Bell,2.2,12.1461
W23Nvg3rw6U,Markel Bell,2.25,12.548
W23Nvg3rw6U,Markel Bell,2.3,12.9519
W23Nvg3rw6U,Markel Bell,2.35,13.3577
W23Nvg3rw6U,Markel Bell,2.4,13.7652
W23Nvg3rw6U,Markel Bell,2.45,14.1743
W23Nvg3rw6U,Markel Bell,2.5,14.585
W23Nvg3rw6U,Markel Bell,2.55,14.9972
W23Nvg3rw6U,Markel Bell,2.6,15.4107
W23Nvg3rw6U,Markel Bell,2.65,15.8256
W23Nvg3rw6U,Markel Bell,2.7,16.2417
W23Nvg3rw6U,Markel Bell,2.75,16.6589
W23Nvg3rw6U,Markel Bell,2.8,17.0773
W23Nvg3rw6U,Markel Bell,2.85,17.4967
W23Nvg3rw6U,Markel Bell,2.9,17.9171
W23Nvg3rw6U,Markel Bell,2.95,18.3385
W23Nvg3rw6U,Markel Bell,3.0,18.7607
W23Nvg3rw6U,Markel Bell,3.05,19.1837
W23Nvg3rw6U,Markel Bell,3.1,19.6076
W23Nvg3rw6U,Markel Bell,3.15,20.0322
W23Nvg3rw6U,Markel Bell,3.2,20.4575
W23Nvg3rw6U,Markel Bell,3.25,20.8834
W23Nvg3rw6U,Markel Bell,3.3,21.31
W23Nvg3rw6U,Markel Bell,3.35,21.7372
W23Nvg3rw6U,Markel Bell,3.4,22.1649
W23Nvg3rw6U,Markel Bell,3.45,22.5932
W23Nvg3rw6U,Markel Bell,3.5,23.022
W23Nvg3rw6U,Markel Bell,3.55,23.4512
W23Nvg3rw6U,Markel Bell,3.6,23.8809
W23Nvg3rw6U,Markel Bell,3.65,24.3111
W23Nvg3rw6U,Markel Bell,3.7,24.7416
W23Nvg3rw6U,Markel Bell,3.75,25.1725
W23Nvg3rw6U,Markel Bell,3.8,25.6037
W23Nvg3rw6U,Markel Bell,3.85,26.0353
W23Nvg3rw6U,Markel Bell,3.9,26.4673
W23Nvg3rw6U,Markel Bell,3.95,26.8995
W23Nvg3rw6U,Markel Bell,4.0,27.332
W23Nvg3rw6U,Markel Bell,4.05,27.7648
W23Nvg3rw6U,Markel Bell,4.1,28.1978
W23Nvg3rw6U,Markel Bell,4.15,28.6311
W23Nvg3rw6U,Markel Bell,4.2,29.0646
W23Nvg3rw6U,Markel Bell,4.25,29.4983
W23Nvg3rw6U,Markel Bell,4.3,29.9322
W23Nvg3rw6U,Markel Bell,4.35,30.3663
W23Nvg3rw6U,Markel Bell,4.4,30.8006
W23Nvg3rw6U,Markel Bell,4.45,31.235
W23Nvg3rw6U,Markel Bell,4.5,31.6697
W23Nvg3rw6U,Markel Bell,4.55,32.1044
W23Nvg3rw6U,Markel Bell,4.6,32.5394
W23Nvg3rw6U,Markel Bell,4.65,32.9744
W23Nvg3rw6U,Markel Bell,4.7,33.4096
W23Nvg3rw6U,Markel Bell,4.75,33.8449
W23Nvg3rw6U,Markel Bell,4.8,34.2804
W23Nvg3rw6U,Markel Bell,4.85,34.7159
W23Nvg3rw6U,Markel Bell,4.9,35.1515
W23Nvg3rw6U,Markel Bell,4.95,35.5873
W23Nvg3rw6U,Markel Bell,5.0,36.0231
W23Nvg3rw6U,Markel Bell,5.05,36.459
W23Nvg3rw6U,Markel Bell,5.1,36.895
W23Nvg3rw6U,Markel Bell,5.15,37.3311
W23Nvg3rw6U,Markel Bell,5.2,37.7672
W23Nvg3rw6U,Markel Bell,5.25,38.2035
W23Nvg3rw6U,Markel Bell,5.3,38.6397
W23Nvg3rw6U,Markel Bell,5.35,39.0761
W23Nvg3rw6U,Markel Bell,5.4,39.5125
W23Nvg3rw6U,Markel Bell,5.45,39.949
W23Nvg3rw6U,Markel Bell,5.5,40.3855
W23Nvg3rw6U,Jude Bowry,0.0,0.0
W23Nvg3rw6U,Jude Bowry,0.05,0.0111
W23Nvg3rw6U,Jude Bowry,0.1,0.0436
W23Nvg3rw6U,Jude Bowry,0.15,0.0967
W23Nvg3rw6U,Jude Bowry,0.2,0.1695
W23Nvg3rw6U,Jude Bowry,0.25,0.261
W23Nvg3rw6U,Jude Bowry,0.3,0.3705
W23Nvg3rw6U,Jude Bowry,0.35,0.4972
W23Nvg3rw6U,Jude Bowry,0.4,0.6404
W23Nvg3rw6U,Jude Bowry,0.45,0.7992
W23Nvg3rw6U,Jude Bowry,0.5,0.9731
W23Nvg3rw6U,Jude Bowry,0.55,1.1614
W23Nvg3rw6U,Jude Bowry,0.6,1.3635
W23Nvg3rw6U,Jude Bowry,0.65,1.5787
W23Nvg3rw6U,Jude Bowry,0.7,1.8064
W23Nvg3rw6U,Jude Bowry,0.75,2.0463
W23Nvg3rw6U,Jude Bowry,0.8,2.2976
W23Nvg3rw6U,Jude Bowry,0.85,2.5599
W23Nvg3rw6U,Jude Bowry,0.9,2.8327
W23Nvg3rw6U,Jude Bowry,0.95,3.1157
W23Nvg3rw6U,Jude Bowry,1.0,3.4082
W23Nvg3rw6U,Jude Bowry,1.05,3.7099
W23Nvg3rw6U,Jude Bowry,1.1,4.0205
W23Nvg3rw6U,Jude Bowry,1.15,4.3395
W23Nvg3rw6U,Jude Bowry,1.2,4.6665
W23Nvg3rw6U,Jude Bowry,1.25,5.0012
W23Nvg3rw6U,Jude Bowry,1.3,5.3433
W23Nvg3rw6U,Jude Bowry,1.35,5.6925
W23Nvg3rw6U,Jude Bowry,1.4,6.0484
W23Nvg3rw6U,Jude Bowry,1.45,6.4107
W23Nvg3rw6U,Jude Bowry,1.5,6.7792
W23Nvg3rw6U,Jude Bowry,1.55,7.1536
W23Nvg3rw6U,Jude Bowry,1.6,7.5336
W23Nvg3rw6U,Jude Bowry,1.65,7.919
W23Nvg3rw6U,Jude Bowry,1.7,8.3096
W23Nvg3rw6U,Jude Bowry,1.75,8.7051
W23Nvg3rw6U,Jude Bowry,1.8,9.1053
W23Nvg3rw6U,Jude Bowry,1.85,9.51
W23Nvg3rw6U,Jude Bowry,1.9,9.9191
W23Nvg3rw6U,Jude Bowry,1.95,10.3322
W23Nvg3rw6U,Jude Bowry,2.0,10.7494
W23Nvg3rw6U,Jude Bowry,2.05,11.1703
W23Nvg3rw6U,Jude Bowry,2.1,11.5948
W23Nvg3rw6U,Jude Bowry,2.15,12.0227
W23Nvg3rw6U,Jude Bowry,2.2,12.454
W23Nvg3rw6U,Jude Bowry,2.25,12.8884
W23Nvg3rw6U,Jude Bowry,2.3,13.3258
W23Nvg3rw6U,Jude Bowry,2.35,13.7661
W23Nvg3rw6U,Jude Bowry,2.4,14.2092
W23Nvg3rw6U,Jude Bowry,2.45,14.6549
W23Nvg3rw6U,Jude Bowry,2.5,15.1032
W23Nvg3rw6U,Jude Bowry,2.55,15.5538
W23Nvg3rw6U,Jude Bowry,2.6,16.0068
W23Nvg3rw6U,Jude Bowry,2.65,16.462
W23Nvg3rw6U,Jude Bowry,2.7,16.9193
W23Nvg3rw6U,Jude Bowry,2.75,17.3786
W23Nvg3rw6U,Jude Bowry,2.8,17.8398
W23Nvg3rw6U,Jude Bowry,2.85,18.3029
W23Nvg3rw6U,Jude Bowry,2.9,18.7678
W23Nvg3rw6U,Jude Bowry,2.95,19.2344
W23Nvg3rw6U,Jude Bowry,3.0,19.7025
W23Nvg3rw6U,Jude Bowry,3.05,20.1723
W23Nvg3rw6U,Jude Bowry,3.1,20.6435
W23Nvg3rw6U,Jude Bowry,3.15,21.1161
W23Nvg3rw6U,Jude Bowry,3.2,21.59
W23Nvg3rw6U,Jude Bowry,3.25,22.0653
W23Nvg3rw6U,Jude Bowry,3.3,22.5418
W23Nvg3rw6U,Jude Bowry,3.35,23.0195
W23Nvg3rw6U,Jude Bowry,3.4,23.4983
W23Nvg3rw6U,Jude Bowry,3.45,23.9782
W23Nvg3rw6U,Jude Bowry,3.5,24.4591
W23Nvg3rw6U,Jude Bowry,3.55,24.9411
W23Nvg3rw6U,Jude Bowry,3.6,25.4239
W23Nvg3rw6U,Jude Bowry,3.65,25.9077
W23Nvg3rw6U,Jude Bowry,3.7,26.3924
W23Nvg3rw6U,Jude Bowry,3.75,26.8778
W23Nvg3rw6U,Jude Bowry,3.8,27.3641
W23Nvg3rw6U,Jude Bowry,3.85,27.8511
W23Nvg3rw6U,Jude Bowry,3.9,28.3389
W23Nvg3rw6U,Jude Bowry,3.95,28.8273
W23Nvg3rw6U,Jude Bowry,4.0,29.3164
W23Nvg3rw6U,Jude Bowry,4.05,29.8061
W23Nvg3rw6U,Jude Bowry,4.1,30.2965
W23Nvg3rw6U,Jude Bowry,4.15,30.7874
W23Nvg3rw6U,Jude Bowry,4.2,31.2789
W23Nvg3rw6U,Jude Bowry,4.25,31.7709
W23Nvg3rw6U,Jude Bowry,4.3,32.2634
W23Nvg3rw6U,Jude Bowry,4.35,32.7564
W23Nvg3rw6U,Jude Bowry,4.4,33.2499
W23Nvg3rw6U,Jude Bowry,4.45,33.7438
W23Nvg3rw6U,Jude Bowry,4.5,34.2381
W23Nvg3rw6U,Jude Bowry,4.55,34.7328
W23Nvg3rw6U,Jude Bowry,4.6,35.228
W23Nvg3rw6U,Jude Bowry,4.65,35.7235
W23Nvg3rw6U,Jude Bowry,4.7,36.2193
W23Nvg3rw6U,Jude Bowry,4.75,36.7155
W23Nvg3rw6U,Jude Bowry,4.8,37.212
W23Nvg3rw6U,Jude Bowry,4.85,37.7089
W23Nvg3rw6U,Jude Bowry,4.9,38.206
W23Nvg3rw6U,Jude Bowry,4.95,38.7034
W23Nvg3rw6U,Jude Bowry,5.0,39.2011
W23Nvg3rw6U,Jude Bowry,5.05,39.699
W23Nvg3rw6U,Parker Brailsford,0.0,0.0
W23Nvg3rw6U,Parker Brailsford,0.05,0.0136
W23Nvg3rw6U,Parker Brailsford,0.1,0.0535
W23Nvg3rw6U,Parker Brailsford,0.15,0.1182
W23Nvg3rw6U,Parker Brailsford,0.2,0.2064
W23Nvg3rw6U,Parker Brailsford,0.25,0.3166
W23Nvg3rw6U,Parker Brailsford,0.3,0.4477
W23Nvg3rw6U,Parker Brailsford,0.35,0.5985
W23Nvg3rw6U,Parker Brailsford,0.4,0.768
W23Nvg3rw6U,Parker Brailsford,0.45,0.955
W23Nvg3rw6U,Parker Brailsford,0.5,1.1586
W23Nvg3rw6U,Parker Brailsford,0.55,1.3779
W23Nvg3rw6U,Parker Brailsford,0.6,1.6119
W23Nvg3rw6U,Parker Brailsford,0.65,1.86
W23Nvg3rw6U,Parker Brailsford,0.7,2.1212
W23Nvg3rw6U,Parker Brailsford,0.75,2.3949
W23Nvg3rw6U,Parker Brailsford,0.8,2.6804
W23Nvg3rw6U,Parker Brailsford,0.85,2.977
W23Nvg3rw6U,Parker Brailsford,0.9,3.284
W23Nvg3rw6U,Parker Brailsford,0.95,3.601
W23Nvg3rw6U,Parker Brailsford,1.0,3.9273
W23Nvg3rw6U,Parker Brailsford,1.05,4.2625
W23Nvg3rw6U,Parker Brailsford,1.1,4.6059
W23Nvg3rw6U,Parker Brailsford,1.15,4.9573
W23Nvg3rw6U,Parker Brailsford,1.2,5.3161
W23Nvg3rw6U,Parker Brailsford,1.25,5.6819
W23Nvg3rw6U,Parker Brailsford,1.3,6.0543
W23Nvg3rw6U,Parker Brailsford,1.35,6.433
W23Nvg3rw6U,Parker Brailsford,1.4,6.8176
W23Nvg3rw6U,Parker Brailsford,1.45,7.2078
W23Nvg3rw6U,Parker Brailsford,1.5,7.6033
W23Nvg3rw6U,Parker Brailsford,1.55,8.0037
W23Nvg3rw6U,Parker Brailsford,1.6,8.4088
W23Nvg3rw6U,Parker Brailsford,1.65,8.8184
W23Nvg3rw6U,Parker Brailsford,1.7,9.2321
W23Nvg3rw6U,Parker Brailsford,1.75,9.6498
W23Nvg3rw6U,Parker Brailsford,1.8,10.0713
W23Nvg3rw6U,Parker Brailsford,1.85,10.4963
W23Nvg3rw6U,Parker Brailsford,1.9,10.9246
W23Nvg3rw6U,Parker Brailsford,1.95,11.356
W23Nvg3rw6U,Parker Brailsford,2.0,11.7904
W23Nvg3rw6U,Parker Brailsford,2.05,12.2276
W23Nvg3rw6U,Parker Brailsford,2.1,12.6675
W23Nvg3rw6U,Parker Brailsford,2.15,13.1098
W23Nvg3rw6U,Parker Brailsford,2.2,13.5546
W23Nvg3rw6U,Parker Brailsford,2.25,14.0015
W23Nvg3rw6U,Parker Brailsford,2.3,14.4505
W23Nvg3rw6U,Parker Brailsford,2.35,14.9016
W23Nvg3rw6U,Parker Brailsford,2.4,15.3545
W23Nvg3rw6U,Parker Brailsford,2.45,15.8092
W23Nvg3rw6U,Parker Brailsford,2.5,16.2655
W23Nvg3rw6U,Parker Brailsford,2.55,16.7235
W23Nvg3rw6U,Parker Brailsford,2.6,17.1829
W23Nvg3rw6U,Parker Brailsford,2.65,17.6437
W23Nvg3rw6U,Parker Brailsford,2.7,18.1059
W23Nvg3rw6U,Parker Brailsford,2.75,18.5693
W23Nvg3rw6U,Parker Brailsford,2.8,19.0339
W23Nvg3rw6U,Parker Brailsford,2.85,19.4997
W23Nvg3rw6U,Parker Brailsford,2.9,19.9665
W23Nvg3rw6U,Parker Brailsford,2.95,20.4342
W23Nvg3rw6U,Parker Brailsford,3.0,20.903
W23Nvg3rw6U,Parker Brailsford,3.05,21.3726
W23Nvg3rw6U,Parker Brailsford,3.1,21.843
W23Nvg3rw6U,Parker Brailsford,3.15,22.3143
W23Nvg3rw6U,Parker Brailsford,3.2,22.7863
W23Nvg3rw6U,Parker Brailsford,3.25,23.259
W23Nvg3rw6U,Parker Brailsford,3.3,23.7324
W23Nvg3rw6U,Parker Brailsford,3.35,24.2064
W23Nvg3rw6U,Parker Brailsford,3.4,24.681
W23Nvg3rw6U,Parker Brailsford,3.45,25.1561
W23Nvg3rw6U,Parker Brailsford,3.5,25.6318
W23Nvg3rw6U,Parker Brailsford,3.55,26.108
W23Nvg3rw6U,Parker Brailsford,3.6,26.5847
W23Nvg3rw6U,Parker Brailsford,3.65,27.0618
W23Nvg3rw6U,Parker Brailsford,3.7,27.5393
W23Nvg3rw6U,Parker Brailsford,3.75,28.0173
W23Nvg3rw6U,Parker Brailsford,3.8,28.4956
W23Nvg3rw6U,Parker Brailsford,3.85,28.9742
W23Nvg3rw6U,Parker Brailsford,3.9,29.4532
W23Nvg3rw6U,Parker Brailsford,3.95,29.9326
W23Nvg3rw6U,Parker Brailsford,4.0,30.4122
W23Nvg3rw6U,Parker Brailsford,4.05,30.8921
W23Nvg3rw6U,Parker Brailsford,4.1,31.3723
W23Nvg3rw6U,Parker Brailsford,4.15,31.8527
W23Nvg3rw6U,Parker Brailsford,4.2,32.3333
W23Nvg3rw6U,Parker Brailsford,4.25,32.8142
W23Nvg3rw6U,Parker Brailsford,4.3,33.2953
W23Nvg3rw6U,Parker Brailsford,4.35,33.7766
W23Nvg3rw6U,Parker Brailsford,4.4,34.2581
W23Nvg3rw6U,Parker Brailsford,4.45,34.7398
W23Nvg3rw6U,Parker Brailsford,4.5,35.2216
W23Nvg3rw6U,Parker Brailsford,4.55,35.7036
W23Nvg3rw6U,Parker Brailsford,4.6,36.1857
W23Nvg3rw6U,Parker Brailsford,4.65,36.668
W23Nvg3rw6U,Parker Brailsford,4.7,37.1504
W23Nvg3rw6U,Parker Brailsford,4.75,37.633
W23Nvg3rw6U,Parker Brailsford,4.8,38.1156
W23Nvg3rw6U,Parker Brailsford,4.85,38.5984
W23Nvg3rw6U,Parker Brailsford,4.9,39.0813
W23Nvg3rw6U,Parker Brailsford,4.95,39.5643
W23Nvg3rw6U,Parker Brailsford,5.0,40.0473
W23Nvg3rw6U,Devon Campbell,0.0,0.0
W23Nvg3rw6U,Devon Campbell,0.05,0.0111
W23Nvg3rw6U,Devon Campbell,0.1,0.0439
W23Nvg3rw6U,Devon Campbell,0.15,0.0974
W23Nvg3rw6U,Devon Campbell,0.2,0.1707
W23Nvg3rw6U,Devon Campbell,0.25,0.263
W23Nvg3rw6U,Devon Campbell,0.3,0.3734
W23Nvg3rw6U,Devon Campbell,0.35,0.5012
W23Nvg3rw6U,Devon Campbell,0.4,0.6456
W23Nvg3rw6U,Devon Campbell,0.45,0.8059
W23Nvg3rw6U,Devon Campbell,0.5,0.9813
W23Nvg3rw6U,Devon Campbell,0.55,1.1714
W23Nvg3rw6U,Devon Campbell,0.6,1.3754
W23Nvg3rw6U,Devon Campbell,0.65,1.5927
W23Nvg3rw6U,Devon Campbell,0.7,1.8227
W23Nvg3rw6U,Devon Campbell,0.75,2.065
W23Nvg3rw6U,Devon Campbell,0.8,2.319
W23Nvg3rw6U,Devon Campbell,0.85,2.5841
W23Nvg3rw6U,Devon Campbell,0.9,2.8599
W23Nvg3rw6U,Devon Campbell,0.95,3.1459
W23Nvg3rw6U,Devon Campbell,1.0,3.4417
W23Nvg3rw6U,Devon Campbell,1.05,3.7469
W23Nvg3rw6U,Devon Campbell,1.1,4.0611
W23Nvg3rw6U,Devon Campbell,1.15,4.3838
W23Nvg3rw6U,Devon Campbell,1.2,4.7148
W23Nvg3rw6U,Devon Campbell,1.25,5.0536
W23Nvg3rw6U,Devon Campbell,1.3,5.3999
W23Nvg3rw6U,Devon Campbell,1.35,5.7534
W23Nvg3rw6U,Devon Campbell,1.4,6.1138
W23Nvg3rw6U,Devon Campbell,1.45,6.4808
W23Nvg3rw6U,Devon Campbell,1.5,6.854
W23Nvg3rw6U,Devon Campbell,1.55,7.2333
W23Nvg3rw6U,Devon Campbell,1.6,7.6184
W23Nvg3rw6U,Devon Campbell,1.65,8.009
W23Nvg3rw6U,Devon Campbell,1.7,8.4049
W23Nvg3rw6U,Devon Campbell,1.75,8.8058
W23Nvg3rw6U,Devon Campbell,1.8,9.2116
W23Nvg3rw6U,Devon Campbell,1.85,9.622
W23Nvg3rw6U,Devon Campbell,1.9,10.0368
W23Nvg3rw6U,Devon Campbell,1.95,10.4559
W23Nvg3rw6U,Devon Campbell,2.0,10.879
W23Nvg3rw6U,Devon Campbell,2.05,11.306
W23Nvg3rw6U,Devon Campbell,2.1,11.7367
W23Nvg3rw6U,Devon Campbell,2.15,12.1709
W23Nvg3rw6U,Devon Campbell,2.2,12.6086
W23Nvg3rw6U,Devon Campbell,2.25,13.0495
W23Nvg3rw6U,Devon Campbell,2.3,13.4935
W23Nvg3rw6U,Devon Campbell,2.35,13.9406
W23Nvg3rw6U,Devon Campbell,2.4,14.3904
W23Nvg3rw6U,Devon Campbell,2.45,14.843
W23Nvg3rw6U,Devon Campbell,2.5,15.2982
W23Nvg3rw6U,Devon Campbell,2.55,15.7559
W23Nvg3rw6U,Devon Campbell,2.6,16.216
W23Nvg3rw6U,Devon Campbell,2.65,16.6783
W23Nvg3rw6U,Devon Campbell,2.7,17.1429
W23Nvg3rw6U,Devon Campbell,2.75,17.6095
W23Nvg3rw6U,Devon Campbell,2.8,18.0782
W23Nvg3rw6U,Devon Campbell,2.85,18.5488
W23Nvg3rw6U,Devon Campbell,2.9,19.0212
W23Nvg3rw6U,Devon Campbell,2.95,19.4953
W23Nvg3rw6U,Devon Campbell,3.0,19.9712
W23Nvg3rw6U,Devon Campbell,3.05,20.4486
W23Nvg3rw6U,Devon Campbell,3.1,20.9276
W23Nvg3rw6U,Devon Campbell,3.15,21.4081
W23Nvg3rw6U,Devon Campbell,3.2,21.8899
W23Nvg3rw6U,Devon Campbell,3.25,22.3731
W23Nvg3rw6U,Devon Campbell,3.3,22.8576
W23Nvg3rw6U,Devon Campbell,3.35,23.3434
W23Nvg3rw6U,Devon Campbell,3.4,23.8303
W23Nvg3rw6U,Devon Campbell,3.45,24.3183
W23Nvg3rw6U,Devon Campbell,3.5,24.8075
W23Nvg3rw6U,Devon Campbell,3.55,25.2976
W23Nvg3rw6U,Devon Campbell,3.6,25.7888
W23Nvg3rw6U,Devon Campbell,3.65,26.2809
W23Nvg3rw6U,Devon Campbell,3.7,26.7739
W23Nvg3rw6U,Devon Campbell,3.75,27.2678
W23Nvg3rw6U,Devon Campbell,3.8,27.7625
W23Nvg3rw6U,Devon Campbell,3.85,28.258
W23Nvg3rw6U,Devon Campbell,3.9,28.7542
W23Nvg3rw6U,Devon Campbell,3.95,29.2512
W23Nvg3rw6U,Devon Campbell,4.0,29.7489
W23Nvg3rw6U,Devon Campbell,4.05,30.2472
W23Nvg3rw6U,Devon Campbell,4.1,30.7462
W23Nvg3rw6U,Devon Campbell,4.15,31.2458
W23Nvg3rw6U,Devon Campbell,4.2,31.746
W23Nvg3rw6U,Devon Campbell,4.25,32.2467
W23Nvg3rw6U,Devon Campbell,4.3,32.748
W23Nvg3rw6U,Devon Campbell,4.35,33.2498
W23Nvg3rw6U,Devon Campbell,4.4,33.752
W23Nvg3rw6U,Devon Campbell,4.45,34.2548
W23Nvg3rw6U,Devon Campbell,4.5,34.7579
W23Nvg3rw6U,Devon Campbell,4.55,35.2615
W23Nvg3rw6U,Devon Campbell,4.6,35.7656
W23Nvg3rw6U,Devon Campbell,4.65,36.27
W23Nvg3rw6U,Devon Campbell,4.7,36.7748
W23Nvg3rw6U,Devon Campbell,4.75,37.2799
W23Nvg3rw6U,Devon Campbell,4.8,37.7854
W23Nvg3rw6U,Devon Campbell,4.85,38.2912
W23Nvg3rw6U,Devon Campbell,4.9,38.7974
W23Nvg3rw6U,Devon Campbell,4.95,39.3038
W23Nvg3rw6U,Devon Campbell,5.0,39.8105
W23Nvg3rw6U,Fernando Carmona,0.0,0.0
W23Nvg3rw6U,Fernando Carmona,0.05,0.0114
W23Nvg3rw6U,Fernando Carmona,0.1,0.045
W23Nvg3rw6U,Fernando Carmona,0.15,0.0998
W23Nvg3rw6U,Fernando Carmona,0.2,0.1745
W23Nvg3rw6U,Fernando Carmona,0.25,0.2685
W23Nvg3rw6U,Fernando Carmona,0.3,0.3806
W23Nvg3rw6U,Fernando Carmona,0.35,0.5101
W23Nvg3rw6U,Fernando Carmona,0.4,0.6561
W23Nvg3rw6U,Fernando Carmona,0.45,0.8179
W23Nvg3rw6U,Fernando Carmona,0.5,0.9946
W23Nvg3rw6U,Fernando Carmona,0.55,1.1856
W23Nvg3rw6U,Fernando Carmona,0.6,1.3902
W23Nvg3rw6U,Fernando Carmona,0.65,1.6077
W23Nvg3rw6U,Fernando Carmona,0.7,1.8375
W23Nvg3rw6U,Fernando Carmona,0.75,2.0791
W23Nvg3rw6U,Fernando Carmona,0.8,2.3318
W23Nvg3rw6U,Fernando Carmona,0.85,2.5952
W23Nvg3rw6U,Fernando Carmona,0.9,2.8687
W23Nvg3rw6U,Fernando Carmona,0.95,3.1518
W23Nvg3rw6U,Fernando Carmona,1.0,3.4441
W23Nvg3rw6U,Fernando Carmona,1.05,3.7452
W23Nvg3rw6U,Fernando Carmona,1.1,4.0545
W23Nvg3rw6U,Fernando Carmona,1.15,4.3719
W23Nvg3rw6U,Fernando Carmona,1.2,4.6967
W23Nvg3rw6U,Fernando Carmona,1.25,5.0288
W23Nvg3rw6U,Fernando Carmona,1.3,5.3677
W23Nvg3rw6U,Fernando Carmona,1.35,5.7131
W23Nvg3rw6U,Fernando Carmona,1.4,6.0647
W23Nvg3rw6U,Fernando Carmona,1.45,6.4223
W23Nvg3rw6U,Fernando Carmona,1.5,6.7854
W23Nvg3rw6U,Fernando Carmona,1.55,7.154
W23Nvg3rw6U,Fernando Carmona,1.6,7.5276
W23Nvg3rw6U,Fernando Carmona,1.65,7.9061
W23Nvg3rw6U,Fernando Carmona,1.7,8.2892
W23Nvg3rw6U,Fernando Carmona,1.75,8.6768
W23Nvg3rw6U,Fernando Carmona,1.8,9.0685
W23Nvg3rw6U,Fernando Carmona,1.85,9.4642
W23Nvg3rw6U,Fernando Carmona,1.9,9.8637
W23Nvg3rw6U,Fernando Carmona,1.95,10.2669
W23Nvg3rw6U,Fernando Carmona,2.0,10.6735
W23Nvg3rw6U,Fernando Carmona,2.05,11.0834
W23Nvg3rw6U,Fernando Carmona,2.1,11.4964
W23Nvg3rw6U,Fernando Carmona,2.15,11.9124
W23Nvg3rw6U,Fernando Carmona,2.2,12.3313
W23Nvg3rw6U,Fernando Carmona,2.25,12.7528
W23Nvg3rw6U,Fernando Carmona,2.3,13.1769
W23Nvg3rw6U,Fernando Carmona,2.35,13.6035
W23Nvg3rw6U,Fernando Carmona,2.4,14.0324
W23Nvg3rw6U,Fernando Carmona,2.45,14.4635
W23Nvg3rw6U,Fernando Carmona,2.5,14.8967
W23Nvg3rw6U,Fernando Carmona,2.55,15.332
W23Nvg3rw6U,Fernando Carmona,2.6,15.7691
W23Nvg3rw6U,Fernando Carmona,2.65,16.2081
W23Nvg3rw6U,Fernando Carmona,2.7,16.6489
W23Nvg3rw6U,Fernando Carmona,2.75,17.0913
W23Nvg3rw6U,Fernando Carmona,2.8,17.5352
W23Nvg3rw6U,Fernando Carmona,2.85,17.9807
W23Nvg3rw6U,Fernando Carmona,2.9,18.4276
W23Nvg3rw6U,Fernando Carmona,2.95,18.8758
W23Nvg3rw6U,Fernando Carmona,3.0,19.3254
W23Nvg3rw6U,Fernando Carmona,3.05,19.7762
W23Nvg3rw6U,Fernando Carmona,3.1,20.2282
W23Nvg3rw6U,Fernando Carmona,3.15,20.6812
W23Nvg3rw6U,Fernando Carmona,3.2,21.1354
W23Nvg3rw6U,Fernando Carmona,3.25,21.5906
W23Nvg3rw6U,Fernando Carmona,3.3,22.0467
W23Nvg3rw6U,Fernando Carmona,3.35,22.5038
W23Nvg3rw6U,Fernando Carmona,3.4,22.9617
W23Nvg3rw6U,Fernando Carmona,3.45,23.4205
W23Nvg3rw6U,Fernando Carmona,3.5,23.88
W23Nvg3rw6U,Fernando Carmona,3.55,24.3403
W23Nvg3rw6U,Fernando Carmona,3.6,24.8014
W23Nvg3rw6U,Fernando Carmona,3.65,25.2631
W23Nvg3rw6U,Fernando Carmona,3.7,25.7255
W23Nvg3rw6U,Fernando Carmona,3.75,26.1885
W23Nvg3rw6U,Fernando Carmona,3.8,26.6521
W23Nvg3rw6U,Fernando Carmona,3.85,27.1162
W23Nvg3rw6U,Fernando Carmona,3.9,27.5809
W23Nvg3rw6U,Fernando Carmona,3.95,28.0461
W23Nvg3rw6U,Fernando Carmona,4.0,28.5118
W23Nvg3rw6U,Fernando Carmona,4.05,28.978
W23Nvg3rw6U,Fernando Carmona,4.1,29.4446
W23Nvg3rw6U,Fernando Carmona,4.15,29.9116
W23Nvg3rw6U,Fernando Carmona,4.2,30.3791
W23Nvg3rw6U,Fernando Carmona,4.25,30.8469
W23Nvg3rw6U,Fernando Carmona,4.3,31.315
W23Nvg3rw6U,Fernando Carmona,4.35,31.7835
W23Nvg3rw6U,Fernando Carmona,4.4,32.2524
W23Nvg3rw6U,Fernando Carmona,4.45,32.7215
W23Nvg3rw6U,Fernando Carmona,4.5,33.191
W23Nvg3rw6U,Fernando Carmona,4.55,33.6607
W23Nvg3rw6U,Fernando Carmona,4.6,34.1307
W23Nvg3rw6U,Fernando Carmona,4.65,34.601
W23Nvg3rw6U,Fernando Carmona,4.7,35.0715
W23Nvg3rw6U,Fernando Carmona,4.75,35.5423
W23Nvg3rw6U,Fernando Carmona,4.8,36.0133
W23Nvg3rw6U,Fernando Carmona,4.85,36.4844
W23Nvg3rw6U,Fernando Carmona,4.9,36.9558
W23Nvg3rw6U,Fernando Carmona,4.95,37.4274
W23Nvg3rw6U,Fernando Carmona,5.0,37.8992
W23Nvg3rw6U,Fernando Carmona,5.05,38.3711
W23Nvg3rw6U,Fernando Carmona,5.1,38.8432
W23Nvg3rw6U,Fernando Carmona,5.15,39.3155
W23Nvg3rw6U,Fernando Carmona,5.2,39.7879
W23Nvg3rw6U,Kage Casey,0.0,0.0
W23Nvg3rw6U,Kage Casey,0.05,0.0091
W23Nvg3rw6U,Kage Casey,0.1,0.0359
W23Nvg3rw6U,Kage Casey,0.15,0.0799
W23Nvg3rw6U,Kage Casey,0.2,0.1404
W23Nvg3rw6U,Kage Casey,0.25,0.2168
W23Nvg3rw6U,Kage Casey,0.3,0.3086
W23Nvg3rw6U,Kage Casey,0.35,0.4151
W23Nvg3rw6U,Kage Casey,0.4,0.536
W23Nvg3rw6U,Kage Casey,0.45,0.6707
W23Nvg3rw6U,Kage Casey,0.5,0.8186
W23Nvg3rw6U,Kage Casey,0.55,0.9793
W23Nvg3rw6U,Kage Casey,0.6,1.1525
W23Nvg3rw6U,Kage Casey,0.65,1.3375
W23Nvg3rw6U,Kage Casey,0.7,1.534
W23Nvg3rw6U,Kage Casey,0.75,1.7417
W23Nvg3rw6U,Kage Casey,0.8,1.96
W23Nvg3rw6U,Kage Casey,0.85,2.1886
W23Nvg3rw6U,Kage Casey,0.9,2.4272
W23Nvg3rw6U,Kage Casey,0.95,2.6754
W23Nvg3rw6U,Kage Casey,1.0,2.9328
W23Nvg3rw6U,Kage Casey,1.05,3.1992
W23Nvg3rw6U,Kage Casey,1.1,3.4741
W23Nvg3rw6U,Kage Casey,1.15,3.7574
W23Nvg3rw6U,Kage Casey,1.2,4.0487
W23Nvg3rw6U,Kage Casey,1.25,4.3477
W23Nvg3rw6U,Kage Casey,1.3,4.6541
W23Nvg3rw6U,Kage Casey,1.35,4.9678
W23Nvg3rw6U,Kage Casey,1.4,5.2883
W23Nvg3rw6U,Kage Casey,1.45,5.6155
W23Nvg3rw6U,Kage Casey,1.5,5.9492
W23Nvg3rw6U,Kage Casey,1.55,6.2891
W23Nvg3rw6U,Kage Casey,1.6,6.635
W23Nvg3rw6U,Kage Casey,1.65,6.9867
W23Nvg3rw6U,Kage Casey,1.7,7.3439
W23Nvg3rw6U,Kage Casey,1.75,7.7065
W23Nvg3rw6U,Kage Casey,1.8,8.0743
W23Nvg3rw6U,Kage Casey,1.85,8.4472
W23Nvg3rw6U,Kage Casey,1.9,8.8248
W23Nvg3rw6U,Kage Casey,1.95,9.2071
W23Nvg3rw6U,Kage Casey,2.0,9.5938
W23Nvg3rw6U,Kage Casey,2.05,9.9849
W23Nvg3rw6U,Kage Casey,2.1,10.3802
W23Nvg3rw6U,Kage Casey,2.15,10.7795
W23Nvg3rw6U,Kage Casey,2.2,11.1827
W23Nvg3rw6U,Kage Casey,2.25,11.5896
W23Nvg3rw6U,Kage Casey,2.3,12.0001
W23Nvg3rw6U,Kage Casey,2.35,12.4142
W23Nvg3rw6U,Kage Casey,2.4,12.8315
W23Nvg3rw6U,Kage Casey,2.45,13.2521
W23Nvg3rw6U,Kage Casey,2.5,13.6759
W23Nvg3rw6U,Kage Casey,2.55,14.1026
W23Nvg3rw6U,Kage Casey,2.6,14.5323
W23Nvg3rw6U,Kage Casey,2.65,14.9648
W23Nvg3rw6U,Kage Casey,2.7,15.3999
W23Nvg3rw6U,Kage Casey,2.75,15.8377
W23Nvg3rw6U,Kage Casey,2.8,16.278
W23Nvg3rw6U,Kage Casey,2.85,16.7207
W23Nvg3rw6U,Kage Casey,2.9,17.1657
W23Nvg3rw6U,Kage Casey,2.95,17.613
W23Nvg3rw6U,Kage Casey,3.0,18.0625
W23Nvg3rw6U,Kage Casey,3.05,18.5141
W23Nvg3rw6U,Kage Casey,3.1,18.9677
W23Nvg3rw6U,Kage Casey,3.15,19.4233
W23Nvg3rw6U,Kage Casey,3.2,19.8807
W23Nvg3rw6U,Kage Casey,3.25,20.34
W23Nvg3rw6U,Kage Casey,3.3,20.801
W23Nvg3rw6U,Kage Casey,3.35,21.2637
W23Nvg3rw6U,Kage Casey,3.4,21.728
W23Nvg3rw6U,Kage Casey,3.45,22.1939
W23Nvg3rw6U,Kage Casey,3.5,22.6613
W23Nvg3rw6U,Kage Casey,3.55,23.1301
W23Nvg3rw6U,Kage Casey,3.6,23.6004
W23Nvg3rw6U,Kage Casey,3.65,24.072
W23Nvg3rw6U,Kage Casey,3.7,24.545
W23Nvg3rw6U,Kage Casey,3.75,25.0192
W23Nvg3rw6U,Kage Casey,3.8,25.4946
W23Nvg3rw6U,Kage Casey,3.85,25.9712
W23Nvg3rw6U,Kage Casey,3.9,26.449
W23Nvg3rw6U,Kage Casey,3.95,26.9278
W23Nvg3rw6U,Kage Casey,4.0,27.4077
W23Nvg3rw6U,Kage Casey,4.05,27.8886
W23Nvg3rw6U,Kage Casey,4.1,28.3705
W23Nvg3rw6U,Kage Casey,4.15,28.8533
W23Nvg3rw6U,Kage Casey,4.2,29.3371
W23Nvg3rw6U,Kage Casey,4.25,29.8217
W23Nvg3rw6U,Kage Casey,4.3,30.3072
W23Nvg3rw6U,Kage Casey,4.35,30.7935
W23Nvg3rw6U,Kage Casey,4.4,31.2805
W23Nvg3rw6U,Kage Casey,4.45,31.7684
W23Nvg3rw6U,Kage Casey,4.5,32.257
W23Nvg3rw6U,Kage Casey,4.55,32.7462
W23Nvg3rw6U,Kage Casey,4.6,33.2362
W23Nvg3rw6U,Kage Casey,4.65,33.7268
W23Nvg3rw6U,Kage Casey,4.7,34.2181
W23Nvg3rw6U,Kage Casey,4.75,34.71
W23Nvg3rw6U,Kage Casey,4.8,35.2025
W23Nvg3rw6U,Kage Casey,4.85,35.6955
W23Nvg3rw6U,Kage Casey,4.9,36.1891
W23Nvg3rw6U,Kage Casey,4.95,36.6832
W23Nvg3rw6U,Kage Casey,5.0,37.1778
W23Nvg3rw6U,Kage Casey,5.05,37.673
W23Nvg3rw6U,Kage Casey,5.1,38.1686
W23Nvg3rw6U,Kage Casey,5.15,38.6646
W23Nvg3rw6U,Kage Casey,5.2,39.1611
W23Nvg3rw6U,Kage Casey,5.25,39.658
W23Nvg3rw6U,Kage Casey,5.3,40.1554
W23Nvg3rw6U,Spencer Fano,0.0,0.0
W23Nvg3rw6U,Spencer Fano,0.05,0.0117
W23Nvg3rw6U,Spencer Fano,0.1,0.0461
W23Nvg3rw6U,Spencer Fano,0.15,0.1023
W23Nvg3rw6U,Spencer Fano,0.2,0.1791
W23Nvg3rw6U,Spencer Fano,0.25,0.2758
W23Nvg3rw6U,Spencer Fano,0.3,0.3914
W23Nvg3rw6U,Spencer Fano,0.35,0.5251
W23Nvg3rw6U,Spencer Fano,0.4,0.676
W23Nvg3rw6U,Spencer Fano,0.45,0.8435
W23Nvg3rw6U,Spencer Fano,0.5,1.0268
W23Nvg3rw6U,Spencer Fano,0.55,1.2251
W23Nvg3rw6U,Spencer Fano,0.6,1.4378
W23Nvg3rw6U,Spencer Fano,0.65,1.6643
W23Nvg3rw6U,Spencer Fano,0.7,1.9039
W23Nvg3rw6U,Spencer Fano,0.75,2.1561
W23Nvg3rw6U,Spencer Fano,0.8,2.4203
W23Nvg3rw6U,Spencer Fano,0.85,2.6959
W23Nvg3rw6U,Spencer Fano,0.9,2.9825
W23Nvg3rw6U,Spencer Fano,0.95,3.2796
W23Nvg3rw6U,Spencer Fano,1.0,3.5867
W23Nvg3rw6U,Spencer Fano,1.05,3.9033
W23Nvg3rw6U,Spencer Fano,1.1,4.229
W23Nvg3rw6U,Spencer Fano,1.15,4.5635
W23Nvg3rw6U,Spencer Fano,1.2,4.9063
W23Nvg3rw6U,Spencer Fano,1.25,5.2571
W23Nvg3rw6U,Spencer Fano,1.3,5.6155
W23Nvg3rw6U,Spencer Fano,1.35,5.9811
W23Nvg3rw6U,Spencer Fano,1.4,6.3537
W23Nvg3rw6U,Spencer Fano,1.45,6.7329
W23Nvg3rw6U,Spencer Fano,1.5,7.1185
W23Nvg3rw6U,Spencer Fano,1.55,7.5101
W23Nvg3rw6U,Spencer Fano,1.6,7.9075
W23Nvg3rw6U,Spencer Fano,1.65,8.3104
W23Nvg3rw6U,Spencer Fano,1.7,8.7187
W23Nvg3rw6U,Spencer Fano,1.75,9.1319
W23Nvg3rw6U,Spencer Fano,1.8,9.55
W23Nvg3rw6U,Spencer Fano,1.85,9.9727
W23Nvg3rw6U,Spencer Fano,1.9,10.3998
W23Nvg3rw6U,Spencer Fano,1.95,10.8311
W23Nvg3rw6U,Spencer Fano,2.0,11.2664
W23Nvg3rw6U,Spencer Fano,2.05,11.7056
W23Nvg3rw6U,Spencer Fano,2.1,12.1484
W23Nvg3rw6U,Spencer Fano,2.15,12.5947
W23Nvg3rw6U,Spencer Fano,2.2,13.0444
W23Nvg3rw6U,Spencer Fano,2.25,13.4973
W23Nvg3rw6U,Spencer Fano,2.3,13.9532
W23Nvg3rw6U,Spencer Fano,2.35,14.4121
W23Nvg3rw6U,Spencer Fano,2.4,14.8738
W23Nvg3rw6U,Spencer Fano,2.45,15.3381
W23Nvg3rw6U,Spencer Fano,2.5,15.8049
W23Nvg3rw6U,Spencer Fano,2.55,16.2742
W23Nvg3rw6U,Spencer Fano,2.6,16.7459
W23Nvg3rw6U,Spencer Fano,2.65,17.2197
W23Nvg3rw6U,Spencer Fano,2.7,17.6957
W23Nvg3rw6U,Spencer Fano,2.75,18.1737
W23Nvg3rw6U,Spencer Fano,2.8,18.6536
W23Nvg3rw6U,Spencer Fano,2.85,19.1354
W23Nvg3rw6U,Spencer Fano,2.9,19.6189
W23Nvg3rw6U,Spencer Fano,2.95,20.1042
W23Nvg3rw6U,Spencer Fano,3.0,20.5911
W23Nvg3rw6U,Spencer Fano,3.05,21.0795
W23Nvg3rw6U,Spencer Fano,3.1,21.5693
W23Nvg3rw6U,Spencer Fano,3.15,22.0606
W23Nvg3rw6U,Spencer Fano,3.2,22.5533
W23Nvg3rw6U,Spencer Fano,3.25,23.0472
W23Nvg3rw6U,Spencer Fano,3.3,23.5423
W23Nvg3rw6U,Spencer Fano,3.35,24.0386
W23Nvg3rw6U,Spencer Fano,3.4,24.5361
W23Nvg3rw6U,Spencer Fano,3.45,25.0346
W23Nvg3rw6U,Spencer Fano,3.5,25.5341
W23Nvg3rw6U,Spencer Fano,3.55,26.0346
W23Nvg3rw6U,Spencer Fano,3.6,26.5361
W23Nvg3rw6U,Spencer Fano,3.65,27.0384
W23Nvg3rw6U,Spencer Fano,3.7,27.5416
W23Nvg3rw6U,Spencer Fano,3.75,28.0457
W23Nvg3rw6U,Spencer Fano,3.8,28.5504
W23Nvg3rw6U,Spencer Fano,3.85,29.056
W23Nvg3rw6U,Spencer Fano,3.9,29.5622
W23Nvg3rw6U,Spencer Fano,3.95,30.0691
W23Nvg3rw6U,Spencer Fano,4.0,30.5767
W23Nvg3rw6U,Spencer Fano,4.05,31.0849
W23Nvg3rw6U,Spencer Fano,4.1,31.5937
W23Nvg3rw6U,Spencer Fano,4.15,32.1031
W23Nvg3rw6U,Spencer Fano,4.2,32.6129
W23Nvg3rw6U,Spencer Fano,4.25,33.1234
W23Nvg3rw6U,Spencer Fano,4.3,33.6343
W23Nvg3rw6U,Spencer Fano,4.35,34.1456
W23Nvg3rw6U,Spencer Fano,4.4,34.6575
W23Nvg3rw6U,Spencer Fano,4.45,35.1697
W23Nvg3rw6U,Spencer Fano,4.5,35.6824
W23Nvg3rw6U,Spencer Fano,4.55,36.1954
W23Nvg3rw6U,Spencer Fano,4.6,36.7089
W23Nvg3rw6U,Spencer Fano,4.65,37.2227
W23Nvg3rw6U,Spencer Fano,4.7,37.7368
W23Nvg3rw6U,Spencer Fano,4.75,38.2513
W23Nvg3rw6U,Spencer Fano,4.8,38.7661
W23Nvg3rw6U,Spencer Fano,4.85,39.2811
W23Nvg3rw6U,Spencer Fano,4.9,39.7965
W23Nvg3rw6U,Sam Hecht,0.0,0.0
W23Nvg3rw6U,Sam Hecht,0.05,0.0129
W23Nvg3rw6U,Sam Hecht,0.1,0.0506
W23Nvg3rw6U,Sam Hecht,0.15,0.1118
W23Nvg3rw6U,Sam Hecht,0.2,0.1952
W23Nvg3rw6U,Sam Hecht,0.25,0.2996
W23Nvg3rw6U,Sam Hecht,0.3,0.4239
W23Nvg3rw6U,Sam Hecht,0.35,0.5669
W23Nvg3rw6U,Sam Hecht,0.4,0.7277
W23Nvg3rw6U,Sam Hecht,0.45,0.9052
W23Nvg3rw6U,Sam Hecht,0.5,1.0986
W23Nvg3rw6U,Sam Hecht,0.55,1.3071
W23Nvg3rw6U,Sam Hecht,0.6,1.5297
W23Nvg3rw6U,Sam Hecht,0.65,1.7658
W23Nvg3rw6U,Sam Hecht,0.7,2.0145
W23Nvg3rw6U,Sam Hecht,0.75,2.2753
W23Nvg3rw6U,Sam Hecht,0.8,2.5473
W23Nvg3rw6U,Sam Hecht,0.85,2.8302
W23Nvg3rw6U,Sam Hecht,0.9,3.1231
W23Nvg3rw6U,Sam Hecht,0.95,3.4257
W23Nvg3rw6U,Sam Hecht,1.0,3.7373
W23Nvg3rw6U,Sam Hecht,1.05,4.0575
W23Nvg3rw6U,Sam Hecht,1.1,4.3858
W23Nvg3rw6U,Sam Hecht,1.15,4.7218
W23Nvg3rw6U,Sam Hecht,1.2,5.0651
W23Nvg3rw6U,Sam Hecht,1.25,5.4152
W23Nvg3rw6U,Sam Hecht,1.3,5.7717
W23Nvg3rw6U,Sam Hecht,1.35,6.1345
W23Nvg3rw6U,Sam Hecht,1.4,6.503
W23Nvg3rw6U,Sam Hecht,1.45,6.877
W23Nvg3rw6U,Sam Hecht,1.5,7.2561
W23Nvg3rw6U,Sam Hecht,1.55,7.6402
W23Nvg3rw6U,Sam Hecht,1.6,8.0289
W23Nvg3rw6U,Sam Hecht,1.65,8.422
W23Nvg3rw6U,Sam Hecht,1.7,8.8193
W23Nvg3rw6U,Sam Hecht,1.75,9.2204
W23Nvg3rw6U,Sam Hecht,1.8,9.6253
W23Nvg3rw6U,Sam Hecht,1.85,10.0337
W23Nvg3rw6U,Sam Hecht,1.9,10.4454
W23Nvg3rw6U,Sam Hecht,1.95,10.8602
W23Nvg3rw6U,Sam Hecht,2.0,11.278
W23Nvg3rw6U,Sam Hecht,2.05,11.6986
W23Nvg3rw6U,Sam Hecht,2.1,12.1218
W23Nvg3rw6U,Sam Hecht,2.15,12.5476
W23Nvg3rw6U,Sam Hecht,2.2,12.9757
W23Nvg3rw6U,Sam Hecht,2.25,13.406
W23Nvg3rw6U,Sam Hecht,2.3,13.8385
W23Nvg3rw6U,Sam Hecht,2.35,14.273
W23Nvg3rw6U,Sam Hecht,2.4,14.7093
W23Nvg3rw6U,Sam Hecht,2.45,15.1475
W23Nvg3rw6U,Sam Hecht,2.5,15.5873
W23Nvg3rw6U,Sam Hecht,2.55,16.0288
W23Nvg3rw6U,Sam Hecht,2.6,16.4717
W23Nvg3rw6U,Sam Hecht,2.65,16.9161
W23Nvg3rw6U,Sam Hecht,2.7,17.3619
W23Nvg3rw6U,Sam Hecht,2.75,17.8089
W23Nvg3rw6U,Sam Hecht,2.8,18.2572
W23Nvg3rw6U,Sam Hecht,2.85,18.7066
W23Nvg3rw6U,Sam Hecht,2.9,19.157
W23Nvg3rw6U,Sam Hecht,2.95,19.6085
W23Nvg3rw6U,Sam Hecht,3.0,20.061
W23Nvg3rw6U,Sam Hecht,3.05,20.5143
W23Nvg3rw6U,Sam Hecht,3.1,20.9686
W23Nvg3rw6U,Sam Hecht,3.15,21.4236
W23Nvg3rw6U,Sam Hecht,3.2,21.8795
W23Nvg3rw6U,Sam Hecht,3.25,22.336
W23Nvg3rw6U,Sam Hecht,3.3,22.7933
W23Nvg3rw6U,Sam Hecht,3.35,23.2512
W23Nvg3rw6U,Sam Hecht,3.4,23.7097
W23Nvg3rw6U,Sam Hecht,3.45,24.1689
W23Nvg3rw6U,Sam Hecht,3.5,24.6285
W23Nvg3rw6U,Sam Hecht,3.55,25.0887
W23Nvg3rw6U,Sam Hecht,3.6,25.5494
W23Nvg3rw6U,Sam Hecht,3.65,26.0105
W23Nvg3rw6U,Sam Hecht,3.7,26.4721
W23Nvg3rw6U,Sam Hecht,3.75,26.9342
W23Nvg3rw6U,Sam Hecht,3.8,27.3966
W23Nvg3rw6U,Sam Hecht,3.85,27.8593
W23Nvg3rw6U,Sam Hecht,3.9,28.3225
W23Nvg3rw6U,Sam Hecht,3.95,28.786
W23Nvg3rw6U,Sam Hecht,4.0,29.2497
W23Nvg3rw6U,Sam Hecht,4.05,29.7138
W23Nvg3rw6U,Sam Hecht,4.1,30.1782
W23Nvg3rw6U,Sam Hecht,4.15,30.6428
W23Nvg3rw6U,Sam Hecht,4.2,31.1077
W23Nvg3rw6U,Sam Hecht,4.25,31.5728
W23Nvg3rw6U,Sam Hecht,4.3,32.0382
W23Nvg3rw6U,Sam Hecht,4.35,32.5038
W23Nvg3rw6U,Sam Hecht,4.4,32.9695
W23Nvg3rw6U,Sam Hecht,4.45,33.4355
W23Nvg3rw6U,Sam Hecht,4.5,33.9016
W23Nvg3rw6U,Sam Hecht,4.55,34.3679
W23Nvg3rw6U,Sam Hecht,4.6,34.8344
W23Nvg3rw6U,Sam Hecht,4.65,35.301
W23Nvg3rw6U,Sam Hecht,4.7,35.7678
W23Nvg3rw6U,Sam Hecht,4.75,36.2347
W23Nvg3rw6U,Sam Hecht,4.8,36.7017
W23Nvg3rw6U,Sam Hecht,4.85,37.1689
W23Nvg3rw6U,Sam Hecht,4.9,37.6362
W23Nvg3rw6U,Sam Hecht,4.95,38.1036
W23Nvg3rw6U,Sam Hecht,5.0,38.571
W23Nvg3rw6U,Sam Hecht,5.05,39.0386
W23Nvg3rw6U,Sam Hecht,5.1,39.5063
W23Nvg3rw6U,Sam Hecht,5.15,39.9741
W23Nvg3rw6U,Alan Herron,0.0,0.0
W23Nvg3rw6U,Alan Herron,0.05,0.0107
W23Nvg3rw6U,Alan Herron,0.1,0.0422
W23Nvg3rw6U,Alan Herron,0.15,0.0937
W23Nvg3rw6U,Alan Herron,0.2,0.1643
W23Nvg3rw6U,Alan Herron,0.25,0.2532
W23Nvg3rw6U,Alan Herron,0.3,0.3596
W23Nvg3rw6U,Alan Herron,0.35,0.4829
W23Nvg3rw6U,Alan Herron,0.4,0.6222
W23Nvg3rw6U,Alan Herron,0.45,0.777
W23Nvg3rw6U,Alan Herron,0.5,0.9466
W23Nvg3rw6U,Alan Herron,0.55,1.1303
W23Nvg3rw6U,Alan Herron,0.6,1.3277
W23Nvg3rw6U,Alan Herron,0.65,1.538
W23Nvg3rw6U,Alan Herron,0.7,1.7608
W23Nvg3rw6U,Alan Herron,0.75,1.9955
W23Nvg3rw6U,Alan Herron,0.8,2.2417
W23Nvg3rw6U,Alan Herron,0.85,2.4989
W23Nvg3rw6U,Alan Herron,0.9,2.7666
W23Nvg3rw6U,Alan Herron,0.95,3.0443
W23Nvg3rw6U,Alan Herron,1.0,3.3317
W23Nvg3rw6U,Alan Herron,1.05,3.6283
W23Nvg3rw6U,Alan Herron,1.1,3.9337
W23Nvg3rw6U,Alan Herron,1.15,4.2477
W23Nvg3rw6U,Alan Herron,1.2,4.5698
W23Nvg3rw6U,Alan Herron,1.25,4.8997
W23Nvg3rw6U,Alan Herron,1.3,5.237
W23Nvg3rw6U,Alan Herron,1.35,5.5815
W23Nvg3rw6U,Alan Herron,1.4,5.9329
W23Nvg3rw6U,Alan Herron,1.45,6.2908
W23Nvg3rw6U,Alan Herron,1.5,6.655
W23Nvg3rw6U,Alan Herron,1.55,7.0252
W23Nvg3rw6U,Alan Herron,1.6,7.4012
W23Nvg3rw6U,Alan Herron,1.65,7.7828
W23Nvg3rw6U,Alan Herron,1.7,8.1696
W23Nvg3rw6U,Alan Herron,1.75,8.5615
W23Nvg3rw6U,Alan Herron,1.8,8.9583
W23Nvg3rw6U,Alan Herron,1.85,9.3598
W23Nvg3rw6U,Alan Herron,1.9,9.7657
W23Nvg3rw6U,Alan Herron,1.95,10.176
W23Nvg3rw6U,Alan Herron,2.0,10.5903
W23Nvg3rw6U,Alan Herron,2.05,11.0085
W23Nvg3rw6U,Alan Herron,2.1,11.4306
W23Nvg3rw6U,Alan Herron,2.15,11.8562
W23Nvg3rw6U,Alan Herron,2.2,12.2853
W23Nvg3rw6U,Alan Herron,2.25,12.7177
W23Nvg3rw6U,Alan Herron,2.3,13.1533
W23Nvg3rw6U,Alan Herron,2.35,13.5919
W23Nvg3rw6U,Alan Herron,2.4,14.0334
W23Nvg3rw6U,Alan Herron,2.45,14.4777
W23Nvg3rw6U,Alan Herron,2.5,14.9247
W23Nvg3rw6U,Alan Herron,2.55,15.3743
W23Nvg3rw6U,Alan Herron,2.6,15.8263
W23Nvg3rw6U,Alan Herron,2.65,16.2807
W23Nvg3rw6U,Alan Herron,2.7,16.7374
W23Nvg3rw6U,Alan Herron,2.75,17.1962
W23Nvg3rw6U,Alan Herron,2.8,17.657
W23Nvg3rw6U,Alan Herron,2.85,18.1199
W23Nvg3rw6U,Alan Herron,2.9,18.5847
W23Nvg3rw6U,Alan Herron,2.95,19.0512
W23Nvg3rw6U,Alan Herron,3.0,19.5196
W23Nvg3rw6U,Alan Herron,3.05,19.9896
W23Nvg3rw6U,Alan Herron,3.1,20.4612
W23Nvg3rw6U,Alan Herron,3.15,20.9343
W23Nvg3rw6U,Alan Herron,3.2,21.4089
W23Nvg3rw6U,Alan Herron,3.25,21.8849
W23Nvg3rw6U,Alan Herron,3.3,22.3623
W23Nvg3rw6U,Alan Herron,3.35,22.841
W23Nvg3rw6U,Alan Herron,3.4,23.3209
W23Nvg3rw6U,Alan Herron,3.45,23.802
W23Nvg3rw6U,Alan Herron,3.5,24.2842
W23Nvg3rw6U,Alan Herron,3.55,24.7675
W23Nvg3rw6U,Alan Herron,3.6,25.2519
W23Nvg3rw6U,Alan Herron,3.65,25.7373
W23Nvg3rw6U,Alan Herron,3.7,26.2236
W23Nvg3rw6U,Alan Herron,3.75,26.7109
W23Nvg3rw6U,Alan Herron,3.8,27.199
W23Nvg3rw6U,Alan Herron,3.85,27.688
W23Nvg3rw6U,Alan Herron,3.9,28.1777
W23Nvg3rw6U,Alan Herron,3.95,28.6683
W23Nvg3rw6U,Alan Herron,4.0,29.1596
W23Nvg3rw6U,Alan Herron,4.05,29.6516
W23Nvg3rw6U,Alan Herron,4.1,30.1443
W23Nvg3rw6U,Alan Herron,4.15,30.6377
W23Nvg3rw6U,Alan Herron,4.2,31.1316
W23Nvg3rw6U,Alan Herron,4.25,31.6262
W23Nvg3rw6U,Alan Herron,4.3,32.1214
W23Nvg3rw6U,Alan Herron,4.35,32.6171
W23Nvg3rw6U,Alan Herron,4.4,33.1133
W23Nvg3rw6U,Alan Herron,4.45,33.61
W23Nvg3rw6U,Alan Herron,4.5,34.1073
W23Nvg3rw6U,Alan Herron,4.55,34.6049
W23Nvg3rw6U,Alan Herron,4.6,35.1031
W23Nvg3rw6U,Alan Herron,4.65,35.6016
W23Nvg3rw6U,Alan Herron,4.7,36.1006
W23Nvg3rw6U,Alan Herron,4.75,36.5999
W23Nvg3rw6U,Alan Herron,4.8,37.0997
W23Nvg3rw6U,Alan Herron,4.85,37.5998
W23Nvg3rw6U,Alan Herron,4.9,38.1002
W23Nvg3rw6U,Alan Herron,4.95,38.6009
W23Nvg3rw6U,Alan Herron,5.0,39.102
W23Nvg3rw6U,Alan Herron,5.05,39.6034
f9RAoGpGkIY,Logan Jones,0.0,0.0
f9RAoGpGkIY,Logan Jones,0.05,0.012
f9RAoGpGkIY,Logan Jones,0.1,0.0471
f9RAoGpGkIY,Logan Jones,0.15,0.1043
f9RAoGpGkIY,Logan Jones,0.2,0.1826
f9RAoGpGkIY,Logan Jones,0.25,0.281
f9RAoGpGkIY,Logan Jones,0.3,0.3986
f9RAoGpGkIY,Logan Jones,0.35,0.5345
f9RAoGpGkIY,Logan Jones,0.4,0.6878
f9RAoGpGkIY,Logan Jones,0.45,0.8577
f9RAoGpGkIY,Logan Jones,0.5,1.0435
f9RAoGpGkIY,Logan Jones,0.55,1.2444
f9RAoGpGkIY,Logan Jones,0.6,1.4597
f9RAoGpGkIY,Logan Jones,0.65,1.6888
f9RAoGpGkIY,Logan Jones,0.7,1.931
f9RAoGpGkIY,Logan Jones,0.75,2.1857
f9RAoGpGkIY,Logan Jones,0.8,2.4524
f9RAoGpGkIY,Logan Jones,0.85,2.7304
f9RAoGpGkIY,Logan Jones,0.9,3.0193
f9RAoGpGkIY,Logan Jones,0.95,3.3185
f9RAoGpGkIY,Logan Jones,1.0,3.6276
f9RAoGpGkIY,Logan Jones,1.05,3.9461
f9RAoGpGkIY,Logan Jones,1.1,4.2736
f9RAoGpGkIY,Logan Jones,1.15,4.6096
f9RAoGpGkIY,Logan Jones,1.2,4.9538
f9RAoGpGkIY,Logan Jones,1.25,5.3058
f9RAoGpGkIY,Logan Jones,1.3,5.6652
f9RAoGpGkIY,Logan Jones,1.35,6.0317
f9RAoGpGkIY,Logan Jones,1.4,6.405
f9RAoGpGkIY,Logan Jones,1.45,6.7847
f9RAoGpGkIY,Logan Jones,1.5,7.1705
f9RAoGpGkIY,Logan Jones,1.55,7.5622
f9RAoGpGkIY,Logan Jones,1.6,7.9595
f9RAoGpGkIY,Logan Jones,1.65,8.3621
f9RAoGpGkIY,Logan Jones,1.7,8.7698
f9RAoGpGkIY,Logan Jones,1.75,9.1824
f9RAoGpGkIY,Logan Jones,1.8,9.5995
f9RAoGpGkIY,Logan Jones,1.85,10.0211
f9RAoGpGkIY,Logan Jones,1.9,10.4469
f9RAoGpGkIY,Logan Jones,1.95,10.8766
f9RAoGpGkIY,Logan Jones,2.0,11.3103
f9RAoGpGkIY,Logan Jones,2.05,11.7475
f9RAoGpGkIY,Logan Jones,2.1,12.1882
f9RAoGpGkIY,Logan Jones,2.15,12.6323
f9RAoGpGkIY,Logan Jones,2.2,13.0795
f9RAoGpGkIY,Logan Jones,2.25,13.5297
f9RAoGpGkIY,Logan Jones,2.3,13.9828
f9RAoGpGkIY,Logan Jones,2.35,14.4387
f9RAoGpGkIY,Logan Jones,2.4,14.8971
f9RAoGpGkIY,Logan Jones,2.45,15.3581
f9RAoGpGkIY,Logan Jones,2.5,15.8214
f9RAoGpGkIY,Logan Jones,2.55,16.287
f9RAoGpGkIY,Logan Jones,2.6,16.7548
f9RAoGpGkIY,Logan Jones,2.65,17.2246
f9RAoGpGkIY,Logan Jones,2.7,17.6964
f9RAoGpGkIY,Logan Jones,2.75,18.1701
f9RAoGpGkIY,Logan Jones,2.8,18.6456
f9RAoGpGkIY,Logan Jones,2.85,19.1227
f9RAoGpGkIY,Logan Jones,2.9,19.6015
f9RAoGpGkIY,Logan Jones,2.95,20.0819
f9RAoGpGkIY,Logan Jones,3.0,20.5637
f9RAoGpGkIY,Logan Jones,3.05,21.047
f9RAoGpGkIY,Logan Jones,3.1,21.5316
f9RAoGpGkIY,Logan Jones,3.15,22.0175
f9RAoGpGkIY,Logan Jones,3.2,22.5046
f9RAoGpGkIY,Logan Jones,3.25,22.9929
f9RAoGpGkIY,Logan Jones,3.3,23.4822
f9RAoGpGkIY,Logan Jones,3.35,23.9727
f9RAoGpGkIY,Logan Jones,3.4,24.4642
f9RAoGpGkIY,Logan Jones,3.45,24.9566
f9RAoGpGkIY,Logan Jones,3.5,25.45
f9RAoGpGkIY,Logan Jones,3.55,25.9442
f9RAoGpGkIY,Logan Jones,3.6,26.4393
f9RAoGpGkIY,Logan Jones,3.65,26.9351
f9RAoGpGkIY,Logan Jones,3.7,27.4318
f9RAoGpGkIY,Logan Jones,3.75,27.9291
f9RAoGpGkIY,Logan Jones,3.8,28.4272
f9RAoGpGkIY,Logan Jones,3.85,28.9259
f9RAoGpGkIY,Logan Jones,3.9,29.4252
f9RAoGpGkIY,Logan Jones,3.95,29.9252
f9RAoGpGkIY,Logan Jones,4.0,30.4257
f9RAoGpGkIY,Logan Jones,4.05,30.9268
f9RAoGpGkIY,Logan Jones,4.1,31.4284
f9RAoGpGkIY,Logan Jones,4.15,31.9305
f9RAoGpGkIY,Logan Jones,4.2,32.433
f9RAoGpGkIY,Logan Jones,4.25,32.936
f9RAoGpGkIY,Logan Jones,4.3,33.4395
f9RAoGpGkIY,Logan Jones,4.35,33.9433
f9RAoGpGkIY,Logan Jones,4.4,34.4476
f9RAoGpGkIY,Logan Jones,4.45,34.9522
f9RAoGpGkIY,Logan Jones,4.5,35.4572
f9RAoGpGkIY,Logan Jones,4.55,35.9625
f9RAoGpGkIY,Logan Jones,4.6,36.4682
f9RAoGpGkIY,Logan Jones,4.65,36.9741
f9RAoGpGkIY,Logan Jones,4.7,37.4804
f9RAoGpGkIY,Logan Jones,4.75,37.9869
f9RAoGpGkIY,Logan Jones,4.8,38.4937
f9RAoGpGkIY,Logan Jones,4.85,39.0008
f9RAoGpGkIY,Logan Jones,4.9,39.5081
f9RAoGpGkIY,Micah Morris,0.0,0.0
f9RAoGpGkIY,Micah Morris,0.05,0.0121
f9RAoGpGkIY,Micah Morris,0.1,0.0476
f9RAoGpGkIY,Micah Morris,0.15,0.1054
f9RAoGpGkIY,Micah Morris,0.2,0.1843
f9RAoGpGkIY,Micah Morris,0.25,0.2834
f9RAoGpGkIY,Micah Morris,0.3,0.4015
f9RAoGpGkIY,Micah Morris,0.35,0.5379
f9RAoGpGkIY,Micah Morris,0.4,0.6915
f9RAoGpGkIY,Micah Morris,0.45,0.8616
f9RAoGpGkIY,Micah Morris,0.5,1.0473
f9RAoGpGkIY,Micah Morris,0.55,1.2478
f9RAoGpGkIY,Micah Morris,0.6,1.4625
f9RAoGpGkIY,Micah Morris,0.65,1.6906
f9RAoGpGkIY,Micah Morris,0.7,1.9315
f9RAoGpGkIY,Micah Morris,0.75,2.1845
f9RAoGpGkIY,Micah Morris,0.8,2.449
f9RAoGpGkIY,Micah Morris,0.85,2.7245
f9RAoGpGkIY,Micah Morris,0.9,3.0104
f9RAoGpGkIY,Micah Morris,0.95,3.3062
f9RAoGpGkIY,Micah Morris,1.0,3.6115
f9RAoGpGkIY,Micah Morris,1.05,3.9257
f9RAoGpGkIY,Micah Morris,1.1,4.2484
f9RAoGpGkIY,Micah Morris,1.15,4.5793
f9RAoGpGkIY,Micah Morris,1.2,4.9178
f9RAoGpGkIY,Micah Morris,1.25,5.2637
f9RAoGpGkIY,Micah Morris,1.3,5.6165
f9RAoGpGkIY,Micah Morris,1.35,5.9759
f9RAoGpGkIY,Micah Morris,1.4,6.3416
f9RAoGpGkIY,Micah Morris,1.45,6.7133
f9RAoGpGkIY,Micah Morris,1.5,7.0907
f9RAoGpGkIY,Micah Morris,1.55,7.4735
f9RAoGpGkIY,Micah Morris,1.6,7.8614
f9RAoGpGkIY,Micah Morris,1.65,8.2542
f9RAoGpGkIY,Micah Morris,1.7,8.6516
f9RAoGpGkIY,Micah Morris,1.75,9.0535
f9RAoGpGkIY,Micah Morris,1.8,9.4596
f9RAoGpGkIY,Micah Morris,1.85,9.8696
f9RAoGpGkIY,Micah Morris,1.9,10.2835
f9RAoGpGkIY,Micah Morris,1.95,10.7009
f9RAoGpGkIY,Micah Morris,2.0,11.1218
f9RAoGpGkIY,Micah Morris,2.05,11.5459
f9RAoGpGkIY,Micah Morris,2.1,11.9732
f9RAoGpGkIY,Micah Morris,2.15,12.4034
f9RAoGpGkIY,Micah Morris,2.2,12.8364
f9RAoGpGkIY,Micah Morris,2.25,13.272
f9RAoGpGkIY,Micah Morris,2.3,13.7102
f9RAoGpGkIY,Micah Morris,2.35,14.1508
f9RAoGpGkIY,Micah Morris,2.4,14.5937
f9RAoGpGkIY,Micah Morris,2.45,15.0387
f9RAoGpGkIY,Micah Morris,2.5,15.4858
f9RAoGpGkIY,Micah Morris,2.55,15.9349
f9RAoGpGkIY,Micah Morris,2.6,16.3859
f9RAoGpGkIY,Micah Morris,2.65,16.8386
f9RAoGpGkIY,Micah Morris,2.7,17.293
f9RAoGpGkIY,Micah Morris,2.75,17.7491
f9RAoGpGkIY,Micah Morris,2.8,18.2066
f9RAoGpGkIY,Micah Morris,2.85,18.6656
f9RAoGpGkIY,Micah Morris,2.9,19.126
f9RAoGpGkIY,Micah Morris,2.95,19.5877
f9RAoGpGkIY,Micah Morris,3.0,20.0507
f9RAoGpGkIY,Micah Morris,3.05,20.5148
f9RAoGpGkIY,Micah Morris,3.1,20.9801
f9RAoGpGkIY,Micah Morris,3.15,21.4464
f9RAoGpGkIY,Micah Morris,3.2,21.9138
f9RAoGpGkIY,Micah Morris,3.25,22.3821
f9RAoGpGkIY,Micah Morris,3.3,22.8514
f9RAoGpGkIY,Micah Morris,3.35,23.3215
f9RAoGpGkIY,Micah Morris,3.4,23.7924
f9RAoGpGkIY,Micah Morris,3.45,24.2642
f9RAoGpGkIY,Micah Morris,3.5,24.7367
f9RAoGpGkIY,Micah Morris,3.55,25.2099
f9RAoGpGkIY,Micah Morris,3.6,25.6838
f9RAoGpGkIY,Micah Morris,3.65,26.1583
f9RAoGpGkIY,Micah Morris,3.7,26.6335
f9RAoGpGkIY,Micah Morris,3.75,27.1092
f9RAoGpGkIY,Micah Morris,3.8,27.5855
f9RAoGpGkIY,Micah Morris,3.85,28.0623
f9RAoGpGkIY,Micah Morris,3.9,28.5397
f9RAoGpGkIY,Micah Morris,3.95,29.0175
f9RAoGpGkIY,Micah Morris,4.0,29.4957
f9RAoGpGkIY,Micah Morris,4.05,29.9744
f9RAoGpGkIY,Micah Morris,4.1,30.4535
f9RAoGpGkIY,Micah Morris,4.15,30.933
f9RAoGpGkIY,Micah Morris,4.2,31.4129
f9RAoGpGkIY,Micah Morris,4.25,31.8931
f9RAoGpGkIY,Micah Morris,4.3,32.3736
f9RAoGpGkIY,Micah Morris,4.35,32.8545
f9RAoGpGkIY,Micah Morris,4.4,33.3357
f9RAoGpGkIY,Micah Morris,4.45,33.8171
f9RAoGpGkIY,Micah Morris,4.5,34.2989
f9RAoGpGkIY,Micah Morris,4.55,34.7808
f9RAoGpGkIY,Micah Morris,4.6,35.2631
f9RAoGpGkIY,Micah Morris,4.65,35.7456
f9RAoGpGkIY,Micah Morris,4.7,36.2283
f9RAoGpGkIY,Micah Morris,4.75,36.7112
f9RAoGpGkIY,Micah Morris,4.8,37.1943
f9RAoGpGkIY,Micah Morris,4.85,37.6776
f9RAoGpGkIY,Micah Morris,4.9,38.1611
f9RAoGpGkIY,Micah Morris,4.95,38.6447
f9RAoGpGkIY,Micah Morris,5.0,39.1286
f9RAoGpGkIY,Micah Morris,5.05,39.6126
f9RAoGpGkIY,Micah Morris,5.1,40.0967
f9RAoGpGkIY,Ar'maj Reed-Adams,0.0,0.0
f9RAoGpGkIY,Ar'maj Reed-Adams,0.05,0.0114
f9RAoGpGkIY,Ar'maj Reed-Adams,0.1,0.0449
f9RAoGpGkIY,Ar'maj Reed-Adams,0.15,0.0993
f9RAoGpGkIY,Ar'maj Reed-Adams,0.2,0.1737
f9RAoGpGkIY,Ar'maj Reed-Adams,0.25,0.2672
f9RAoGpGkIY,Ar'maj Reed-Adams,0.3,0.3787
f9RAoGpGkIY,Ar'maj Reed-Adams,0.35,0.5074
f9RAoGpGkIY,Ar'maj Reed-Adams,0.4,0.6525
f9RAoGpGkIY,Ar'maj Reed-Adams,0.45,0.8131
f9RAoGpGkIY,Ar'maj Reed-Adams,0.5,0.9886
f9RAoGpGkIY,Ar'maj Reed-Adams,0.55,1.1782
f9RAoGpGkIY,Ar'maj Reed-Adams,0.6,1.3812
f9RAoGpGkIY,Ar'maj Reed-Adams,0.65,1.5969
f9RAoGpGkIY,Ar'maj Reed-Adams,0.7,1.8249
f9RAoGpGkIY,Ar'maj Reed-Adams,0.75,2.0643
f9RAoGpGkIY,Ar'maj Reed-Adams,0.8,2.3148
f9RAoGpGkIY,Ar'maj Reed-Adams,0.85,2.5757
f9RAoGpGkIY,Ar'maj Reed-Adams,0.9,2.8466
f9RAoGpGkIY,Ar'maj Reed-Adams,0.95,3.1269
f9RAoGpGkIY,Ar'maj Reed-Adams,1.0,3.4163
f9RAoGpGkIY,Ar'maj Reed-Adams,1.05,3.7142
f9RAoGpGkIY,Ar'maj Reed-Adams,1.1,4.0203
f9RAoGpGkIY,Ar'maj Reed-Adams,1.15,4.3342
f9RAoGpGkIY,Ar'maj Reed-Adams,1.2,4.6554
f9RAoGpGkIY,Ar'maj Reed-Adams,1.25,4.9837
f9RAoGpGkIY,Ar'maj Reed-Adams,1.3,5.3187
f9RAoGpGkIY,Ar'maj Reed-Adams,1.35,5.66
f9RAoGpGkIY,Ar'maj Reed-Adams,1.4,6.0074
f9RAoGpGkIY,Ar'maj Reed-Adams,1.45,6.3605
f9RAoGpGkIY,Ar'maj Reed-Adams,1.5,6.7192
f9RAoGpGkIY,Ar'maj Reed-Adams,1.55,7.083
f9RAoGpGkIY,Ar'maj Reed-Adams,1.6,7.4518
f9RAoGpGkIY,Ar'maj Reed-Adams,1.65,7.8253
f9RAoGpGkIY,Ar'maj Reed-Adams,1.7,8.2033
f9RAoGpGkIY,Ar'maj Reed-Adams,1.75,8.5856
f9RAoGpGkIY,Ar'maj Reed-Adams,1.8,8.972
f9RAoGpGkIY,Ar'maj Reed-Adams,1.85,9.3622
f9RAoGpGkIY,Ar'maj Reed-Adams,1.9,9.7561
f9RAoGpGkIY,Ar'maj Reed-Adams,1.95,10.1535
f9RAoGpGkIY,Ar'maj Reed-Adams,2.0,10.5542
f9RAoGpGkIY,Ar'maj Reed-Adams,2.05,10.9582
f9RAoGpGkIY,Ar'maj Reed-Adams,2.1,11.3651
f9RAoGpGkIY,Ar'maj Reed-Adams,2.15,11.7749
f9RAoGpGkIY,Ar'maj Reed-Adams,2.2,12.1874
f9RAoGpGkIY,Ar'maj Reed-Adams,2.25,12.6026
f9RAoGpGkIY,Ar'maj Reed-Adams,2.3,13.0202
f9RAoGpGkIY,Ar'maj Reed-Adams,2.35,13.4401
f9RAoGpGkIY,Ar'maj Reed-Adams,2.4,13.8623
f9RAoGpGkIY,Ar'maj Reed-Adams,2.45,14.2867
f9RAoGpGkIY,Ar'maj Reed-Adams,2.5,14.713
f9RAoGpGkIY,Ar'maj Reed-Adams,2.55,15.1413
f9RAoGpGkIY,Ar'maj Reed-Adams,2.6,15.5714
f9RAoGpGkIY,Ar'maj Reed-Adams,2.65,16.0033
f9RAoGpGkIY,Ar'maj Reed-Adams,2.7,16.4368
f9RAoGpGkIY,Ar'maj Reed-Adams,2.75,16.8719
f9RAoGpGkIY,Ar'maj Reed-Adams,2.8,17.3086
f9RAoGpGkIY,Ar'maj Reed-Adams,2.85,17.7466
f9RAoGpGkIY,Ar'maj Reed-Adams,2.9,18.186
f9RAoGpGkIY,Ar'maj Reed-Adams,2.95,18.6267
f9RAoGpGkIY,Ar'maj Reed-Adams,3.0,19.0687
f9RAoGpGkIY,Ar'maj Reed-Adams,3.05,19.5118
f9RAoGpGkIY,Ar'maj Reed-Adams,3.1,19.956
f9RAoGpGkIY,Ar'maj Reed-Adams,3.15,20.4013
f9RAoGpGkIY,Ar'maj Reed-Adams,3.2,20.8476
f9RAoGpGkIY,Ar'maj Reed-Adams,3.25,21.2948
f9RAoGpGkIY,Ar'maj Reed-Adams,3.3,21.743
f9RAoGpGkIY,Ar'maj Reed-Adams,3.35,22.1921
f9RAoGpGkIY,Ar'maj Reed-Adams,3.4,22.6419
f9RAoGpGkIY,Ar'maj Reed-Adams,3.45,23.0926
f9RAoGpGkIY,Ar'maj Reed-Adams,3.5,23.544
f9RAoGpGkIY,Ar'maj Reed-Adams,3.55,23.9961
f9RAoGpGkIY,Ar'maj Reed-Adams,3.6,24.4489
f9RAoGpGkIY,Ar'maj Reed-Adams,3.65,24.9024
f9RAoGpGkIY,Ar'maj Reed-Adams,3.7,25.3564
f9RAoGpGkIY,Ar'maj Reed-Adams,3.75,25.8111
f9RAoGpGkIY,Ar'maj Reed-Adams,3.8,26.2663
f9RAoGpGkIY,Ar'maj Reed-Adams,3.85,26.722
f9RAoGpGkIY,Ar'maj Reed-Adams,3.9,27.1783
f9RAoGpGkIY,Ar'maj Reed-Adams,3.95,27.635
f9RAoGpGkIY,Ar'maj Reed-Adams,4.0,28.0922
f9RAoGpGkIY,Ar'maj Reed-Adams,4.05,28.5498
f9RAoGpGkIY,Ar'maj Reed-Adams,4.1,29.0078
f9RAoGpGkIY,Ar'maj Reed-Adams,4.15,29.4662
f9RAoGpGkIY,Ar'maj Reed-Adams,4.2,29.925
f9RAoGpGkIY,Ar'maj Reed-Adams,4.25,30.3841
f9RAoGpGkIY,Ar'maj Reed-Adams,4.3,30.8436
f9RAoGpGkIY,Ar'maj Reed-Adams,4.35,31.3034
f9RAoGpGkIY,Ar'maj Reed-Adams,4.4,31.7635
f9RAoGpGkIY,Ar'maj Reed-Adams,4.45,32.2239
f9RAoGpGkIY,Ar'maj Reed-Adams,4.5,32.6846
f9RAoGpGkIY,Ar'maj Reed-Adams,4.55,33.1455
f9RAoGpGkIY,Ar'maj Reed-Adams,4.6,33.6067
f9RAoGpGkIY,Ar'maj Reed-Adams,4.65,34.0681
f9RAoGpGkIY,Ar'maj Reed-Adams,4.7,34.5298
f9RAoGpGkIY,Ar'maj Reed-Adams,4.75,34.9917
f9RAoGpGkIY,Ar'maj Reed-Adams,4.8,35.4538
f9RAoGpGkIY,Ar'maj Reed-Adams,4.85,35.916
f9RAoGpGkIY,Ar'maj Reed-Adams,4.9,36.3785
f9RAoGpGkIY,Ar'maj Reed-Adams,4.95,36.8411
f9RAoGpGkIY,Ar'maj Reed-Adams,5.0,37.3039
f9RAoGpGkIY,Ar'maj Reed-Adams,5.05,37.7669
f9RAoGpGkIY,Ar'maj Reed-Adams,5.1,38.23
f9RAoGpGkIY,Ar'maj Reed-Adams,5.15,38.6933
f9RAoGpGkIY,Ar'maj Reed-Adams,5.2,39.1567
f9RAoGpGkIY,Ar'maj Reed-Adams,5.25,39.6202
f9RAoGpGkIY,Beau Stephens,0.0,0.0
f9RAoGpGkIY,Beau Stephens,0.05,0.0102
f9RAoGpGkIY,Beau Stephens,0.1,0.0403
f9RAoGpGkIY,Beau Stephens,0.15,0.0895
f9RAoGpGkIY,Beau Stephens,0.2,0.1568
f9RAoGpGkIY,Beau Stephens,0.25,0.2415
f9RAoGpGkIY,Beau Stephens,0.3,0.3429
f9RAoGpGkIY,Beau Stephens,0.35,0.4603
f9RAoGpGkIY,Beau Stephens,0.4,0.5929
f9RAoGpGkIY,Beau Stephens,0.45,0.7401
f9RAoGpGkIY,Beau Stephens,0.5,0.9013
f9RAoGpGkIY,Beau Stephens,0.55,1.0759
f9RAoGpGkIY,Beau Stephens,0.6,1.2632
f9RAoGpGkIY,Beau Stephens,0.65,1.4628
f9RAoGpGkIY,Beau Stephens,0.7,1.6742
f9RAoGpGkIY,Beau Stephens,0.75,1.8967
f9RAoGpGkIY,Beau Stephens,0.8,2.13
f9RAoGpGkIY,Beau Stephens,0.85,2.3735
f9RAoGpGkIY,Beau Stephens,0.9,2.6269
f9RAoGpGkIY,Beau Stephens,0.95,2.8897
f9RAoGpGkIY,Beau Stephens,1.0,3.1614
f9RAoGpGkIY,Beau Stephens,1.05,3.4418
f9RAoGpGkIY,Beau Stephens,1.1,3.7305
f9RAoGpGkIY,Beau Stephens,1.15,4.027
f9RAoGpGkIY,Beau Stephens,1.2,4.331
f9RAoGpGkIY,Beau Stephens,1.25,4.6423
f9RAoGpGkIY,Beau Stephens,1.3,4.9605
f9RAoGpGkIY,Beau Stephens,1.35,5.2853
f9RAoGpGkIY,Beau Stephens,1.4,5.6164
f9RAoGpGkIY,Beau Stephens,1.45,5.9536
f9RAoGpGkIY,Beau Stephens,1.5,6.2966
f9RAoGpGkIY,Beau Stephens,1.55,6.6451
f9RAoGpGkIY,Beau Stephens,1.6,6.999
f9RAoGpGkIY,Beau Stephens,1.65,7.3579
f9RAoGpGkIY,Beau Stephens,1.7,7.7217
f9RAoGpGkIY,Beau Stephens,1.75,8.0901
f9RAoGpGkIY,Beau Stephens,1.8,8.463
f9RAoGpGkIY,Beau Stephens,1.85,8.8401
f9RAoGpGkIY,Beau Stephens,1.9,9.2213
f9RAoGpGkIY,Beau Stephens,1.95,9.6064
f9RAoGpGkIY,Beau Stephens,2.0,9.9953
f9RAoGpGkIY,Beau Stephens,2.05,10.3877
f9RAoGpGkIY,Beau Stephens,2.1,10.7835
f9RAoGpGkIY,Beau Stephens,2.15,11.1826
f9RAoGpGkIY,Beau Stephens,2.2,11.5848
f9RAoGpGkIY,Beau Stephens,2.25,11.9901
f9RAoGpGkIY,Beau Stephens,2.3,12.3981
f9RAoGpGkIY,Beau Stephens,2.35,12.809
f9RAoGpGkIY,Beau Stephens,2.4,13.2224
f9RAoGpGkIY,Beau Stephens,2.45,13.6384
f9RAoGpGkIY,Beau Stephens,2.5,14.0568
f9RAoGpGkIY,Beau Stephens,2.55,14.4774
f9RAoGpGkIY,Beau Stephens,2.6,14.9003
f9RAoGpGkIY,Beau Stephens,2.65,15.3253
f9RAoGpGkIY,Beau Stephens,2.7,15.7523
f9RAoGpGkIY,Beau Stephens,2.75,16.1812
f9RAoGpGkIY,Beau Stephens,2.8,16.612
f9RAoGpGkIY,Beau Stephens,2.85,17.0445
f9RAoGpGkIY,Beau Stephens,2.9,17.4787
f9RAoGpGkIY,Beau Stephens,2.95,17.9145
f9RAoGpGkIY,Beau Stephens,3.0,18.3519
f9RAoGpGkIY,Beau Stephens,3.05,18.7908
f9RAoGpGkIY,Beau Stephens,3.1,19.2311
f9RAoGpGkIY,Beau Stephens,3.15,19.6727
f9RAoGpGkIY,Beau Stephens,3.2,20.1156
f9RAoGpGkIY,Beau Stephens,3.25,20.5598
f9RAoGpGkIY,Beau Stephens,3.3,21.0052
f9RAoGpGkIY,Beau Stephens,3.35,21.4517
f9RAoGpGkIY,Beau Stephens,3.4,21.8993
f9RAoGpGkIY,Beau Stephens,3.45,22.3479
f9RAoGpGkIY,Beau Stephens,3.5,22.7975
f9RAoGpGkIY,Beau Stephens,3.55,23.2481
f9RAoGpGkIY,Beau Stephens,3.6,23.6996
f9RAoGpGkIY,Beau Stephens,3.65,24.152
f9RAoGpGkIY,Beau Stephens,3.7,24.6052
f9RAoGpGkIY,Beau Stephens,3.75,25.0592
f9RAoGpGkIY,Beau Stephens,3.8,25.514
f9RAoGpGkIY,Beau Stephens,3.85,25.9695
f9RAoGpGkIY,Beau Stephens,3.9,26.4257
f9RAoGpGkIY,Beau Stephens,3.95,26.8825
f9RAoGpGkIY,Beau Stephens,4.0,27.34
f9RAoGpGkIY,Beau Stephens,4.05,27.7982
f9RAoGpGkIY,Beau Stephens,4.1,28.2569
f9RAoGpGkIY,Beau Stephens,4.15,28.7162
f9RAoGpGkIY,Beau Stephens,4.2,29.176
f9RAoGpGkIY,Beau Stephens,4.25,29.6363
f9RAoGpGkIY,Beau Stephens,4.3,30.0971
f9RAoGpGkIY,Beau Stephens,4.35,30.5584
f9RAoGpGkIY,Beau Stephens,4.4,31.0202
f9RAoGpGkIY,Beau Stephens,4.45,31.4824
f9RAoGpGkIY,Beau Stephens,4.5,31.9449
f9RAoGpGkIY,Beau Stephens,4.55,32.4079
f9RAoGpGkIY,Beau Stephens,4.6,32.8713
f9RAoGpGkIY,Beau Stephens,4.65,33.335
f9RAoGpGkIY,Beau Stephens,4.7,33.7991
f9RAoGpGkIY,Beau Stephens,4.75,34.2635
f9RAoGpGkIY,Beau Stephens,4.8,34.7282
f9RAoGpGkIY,Beau Stephens,4.85,35.1933
f9RAoGpGkIY,Beau Stephens,4.9,35.6586
f9RAoGpGkIY,Beau Stephens,4.95,36.1242
f9RAoGpGkIY,Beau Stephens,5.0,36.59
f9RAoGpGkIY,Beau Stephens,5.05,37.0561
f9RAoGpGkIY,Beau Stephens,5.1,37.5225
f9RAoGpGkIY,Beau Stephens,5.15,37.9891
f9RAoGpGkIY,Beau Stephens,5.2,38.4559
f9RAoGpGkIY,Beau Stephens,5.25,38.9229
f9RAoGpGkIY,Beau Stephens,5.3,39.3902
f9RAoGpGkIY,Beau Stephens,5.35,39.8576
f9RAoGpGkIY,Dillon Wade,0.0,0.0
f9RAoGpGkIY,Dillon Wade,0.05,0.0123
f9RAoGpGkIY,Dillon Wade,0.1,0.0484
f9RAoGpGkIY,Dillon Wade,0.15,0.1071
f9RAoGpGkIY,Dillon Wade,0.2,0.1873
f9RAoGpGkIY,Dillon Wade,0.25,0.2879
f9RAoGpGkIY,Dillon Wade,0.3,0.408
f9RAoGpGkIY,Dillon Wade,0.35,0.5464
f9RAoGpGkIY,Dillon Wade,0.4,0.7024
f9RAoGpGkIY,Dillon Wade,0.45,0.875
f9RAoGpGkIY,Dillon Wade,0.5,1.0634
f9RAoGpGkIY,Dillon Wade,0.55,1.2669
f9RAoGpGkIY,Dillon Wade,0.6,1.4846
f9RAoGpGkIY,Dillon Wade,0.65,1.7159
f9RAoGpGkIY,Dillon Wade,0.7,1.9601
f9RAoGpGkIY,Dillon Wade,0.75,2.2166
f9RAoGpGkIY,Dillon Wade,0.8,2.4847
f9RAoGpGkIY,Dillon Wade,0.85,2.7638
f9RAoGpGkIY,Dillon Wade,0.9,3.0535
f9RAoGpGkIY,Dillon Wade,0.95,3.3532
f9RAoGpGkIY,Dillon Wade,1.0,3.6623
f9RAoGpGkIY,Dillon Wade,1.05,3.9805
f9RAoGpGkIY,Dillon Wade,1.1,4.3072
f9RAoGpGkIY,Dillon Wade,1.15,4.6421
f9RAoGpGkIY,Dillon Wade,1.2,4.9847
f9RAoGpGkIY,Dillon Wade,1.25,5.3347
f9RAoGpGkIY,Dillon Wade,1.3,5.6917
f9RAoGpGkIY,Dillon Wade,1.35,6.0553
f9RAoGpGkIY,Dillon Wade,1.4,6.4252
f9RAoGpGkIY,Dillon Wade,1.45,6.8011
f9RAoGpGkIY,Dillon Wade,1.5,7.1827
f9RAoGpGkIY,Dillon Wade,1.55,7.5697
f9RAoGpGkIY,Dillon Wade,1.6,7.9618
f9RAoGpGkIY,Dillon Wade,1.65,8.3589
f9RAoGpGkIY,Dillon Wade,1.7,8.7606
f9RAoGpGkIY,Dillon Wade,1.75,9.1667
f9RAoGpGkIY,Dillon Wade,1.8,9.5769
f9RAoGpGkIY,Dillon Wade,1.85,9.9912
f9RAoGpGkIY,Dillon Wade,1.9,10.4093
f9RAoGpGkIY,Dillon Wade,1.95,10.8309
f9RAoGpGkIY,Dillon Wade,2.0,11.256
f9RAoGpGkIY,Dillon Wade,2.05,11.6843
f9RAoGpGkIY,Dillon Wade,2.1,12.1157
f9RAoGpGkIY,Dillon Wade,2.15,12.5501
f9RAoGpGkIY,Dillon Wade,2.2,12.9872
f9RAoGpGkIY,Dillon Wade,2.25,13.427
f9RAoGpGkIY,Dillon Wade,2.3,13.8693
f9RAoGpGkIY,Dillon Wade,2.35,14.314
f9RAoGpGkIY,Dillon Wade,2.4,14.7609
f9RAoGpGkIY,Dillon Wade,2.45,15.21
f9RAoGpGkIY,Dillon Wade,2.5,15.6612
f9RAoGpGkIY,Dillon Wade,2.55,16.1143
f9RAoGpGkIY,Dillon Wade,2.6,16.5693
f9RAoGpGkIY,Dillon Wade,2.65,17.026
f9RAoGpGkIY,Dillon Wade,2.7,17.4844
f9RAoGpGkIY,Dillon Wade,2.75,17.9444
f9RAoGpGkIY,Dillon Wade,2.8,18.4059
f9RAoGpGkIY,Dillon Wade,2.85,18.8688
f9RAoGpGkIY,Dillon Wade,2.9,19.3331
f9RAoGpGkIY,Dillon Wade,2.95,19.7987
f9RAoGpGkIY,Dillon Wade,3.0,20.2655
f9RAoGpGkIY,Dillon Wade,3.05,20.7335
f9RAoGpGkIY,Dillon Wade,3.1,21.2026
f9RAoGpGkIY,Dillon Wade,3.15,21.6728
f9RAoGpGkIY,Dillon Wade,3.2,22.1439
f9RAoGpGkIY,Dillon Wade,3.25,22.6161
f9RAoGpGkIY,Dillon Wade,3.3,23.0891
f9RAoGpGkIY,Dillon Wade,3.35,23.563
f9RAoGpGkIY,Dillon Wade,3.4,24.0377
f9RAoGpGkIY,Dillon Wade,3.45,24.5132
f9RAoGpGkIY,Dillon Wade,3.5,24.9894
f9RAoGpGkIY,Dillon Wade,3.55,25.4663
f9RAoGpGkIY,Dillon Wade,3.6,25.9439
f9RAoGpGkIY,Dillon Wade,3.65,26.4221
f9RAoGpGkIY,Dillon Wade,3.7,26.9009
f9RAoGpGkIY,Dillon Wade,3.75,27.3803
f9RAoGpGkIY,Dillon Wade,3.8,27.8603
f9RAoGpGkIY,Dillon Wade,3.85,28.3407
f9RAoGpGkIY,Dillon Wade,3.9,28.8217
f9RAoGpGkIY,Dillon Wade,3.95,29.3031
f9RAoGpGkIY,Dillon Wade,4.0,29.7849
f9RAoGpGkIY,Dillon Wade,4.05,30.2672
f9RAoGpGkIY,Dillon Wade,4.1,30.7499
f9RAoGpGkIY,Dillon Wade,4.15,31.233
f9RAoGpGkIY,Dillon Wade,4.2,31.7164
f9RAoGpGkIY,Dillon Wade,4.25,32.2002
f9RAoGpGkIY,Dillon Wade,4.3,32.6842
f9RAoGpGkIY,Dillon Wade,4.35,33.1686
f9RAoGpGkIY,Dillon Wade,4.4,33.6533
f9RAoGpGkIY,Dillon Wade,4.45,34.1383
f9RAoGpGkIY,Dillon Wade,4.5,34.6236
f9RAoGpGkIY,Dillon Wade,4.55,35.1091
f9RAoGpGkIY,Dillon Wade,4.6,35.5948
f9RAoGpGkIY,Dillon Wade,4.65,36.0808
f9RAoGpGkIY,Dillon Wade,4.7,36.5669
f9RAoGpGkIY,Dillon Wade,4.75,37.0533
f9RAoGpGkIY,Dillon Wade,4.8,37.5399
f9RAoGpGkIY,Dillon Wade,4.85,38.0267
f9RAoGpGkIY,Dillon Wade,4.9,38.5136
f9RAoGpGkIY,Dillon Wade,4.95,39.0007
f9RAoGpGkIY,Dillon Wade,5.0,39.488
f9RAoGpGkIY,Carver Willis,0.0,0.0
f9RAoGpGkIY,Carver Willis,0.05,0.0107
f9RAoGpGkIY,Carver Willis,0.1,0.0423
f9RAoGpGkIY,Carver Willis,0.15,0.0939
f9RAoGpGkIY,Carver Willis,0.2,0.1646
f9RAoGpGkIY,Carver Willis,0.25,0.2536
f9RAoGpGkIY,Carver Willis,0.3,0.3602
f9RAoGpGkIY,Carver Willis,0.35,0.4835
f9RAoGpGkIY,Carver Willis,0.4,0.6229
f9RAoGpGkIY,Carver Willis,0.45,0.7776
f9RAoGpGkIY,Carver Willis,0.5,0.9471
f9RAoGpGkIY,Carver Willis,0.55,1.1306
f9RAoGpGkIY,Carver Willis,0.6,1.3277
f9RAoGpGkIY,Carver Willis,0.65,1.5376
f9RAoGpGkIY,Carver Willis,0.7,1.7599
f9RAoGpGkIY,Carver Willis,0.75,1.9941
f9RAoGpGkIY,Carver Willis,0.8,2.2396
f9RAoGpGkIY,Carver Willis,0.85,2.4959
f9RAoGpGkIY,Carver Willis,0.9,2.7626
f9RAoGpGkIY,Carver Willis,0.95,3.0393
f9RAoGpGkIY,Carver Willis,1.0,3.3254
f9RAoGpGkIY,Carver Willis,1.05,3.6207
f9RAoGpGkIY,Carver Willis,1.1,3.9247
f9RAoGpGkIY,Carver Willis,1.15,4.237
f9RAoGpGkIY,Carver Willis,1.2,4.5573
f9RAoGpGkIY,Carver Willis,1.25,4.8853
f9RAoGpGkIY,Carver Willis,1.3,5.2206
f9RAoGpGkIY,Carver Willis,1.35,5.5629
f9RAoGpGkIY,Carver Willis,1.4,5.9119
f9RAoGpGkIY,Carver Willis,1.45,6.2674
f9RAoGpGkIY,Carver Willis,1.5,6.629
f9RAoGpGkIY,Carver Willis,1.55,6.9965
f9RAoGpGkIY,Carver Willis,1.6,7.3696
f9RAoGpGkIY,Carver Willis,1.65,7.7481
f9RAoGpGkIY,Carver Willis,1.7,8.1318
f9RAoGpGkIY,Carver Willis,1.75,8.5204
f9RAoGpGkIY,Carver Willis,1.8,8.9138
f9RAoGpGkIY,Carver Willis,1.85,9.3117
f9RAoGpGkIY,Carver Willis,1.9,9.7139
f9RAoGpGkIY,Carver Willis,1.95,10.1203
f9RAoGpGkIY,Carver Willis,2.0,10.5306
f9RAoGpGkIY,Carver Willis,2.05,10.9448
f9RAoGpGkIY,Carver Willis,2.1,11.3626
f9RAoGpGkIY,Carver Willis,2.15,11.7839
f9RAoGpGkIY,Carver Willis,2.2,12.2086
f9RAoGpGkIY,Carver Willis,2.25,12.6364
f9RAoGpGkIY,Carver Willis,2.3,13.0673
f9RAoGpGkIY,Carver Willis,2.35,13.5011
f9RAoGpGkIY,Carver Willis,2.4,13.9377
f9RAoGpGkIY,Carver Willis,2.45,14.3771
f9RAoGpGkIY,Carver Willis,2.5,14.8189
f9RAoGpGkIY,Carver Willis,2.55,15.2633
f9RAoGpGkIY,Carver Willis,2.6,15.71
f9RAoGpGkIY,Carver Willis,2.65,16.1589
f9RAoGpGkIY,Carver Willis,2.7,16.61
f9RAoGpGkIY,Carver Willis,2.75,17.0632
f9RAoGpGkIY,Carver Willis,2.8,17.5184
f9RAoGpGkIY,Carver Willis,2.85,17.9754
f9RAoGpGkIY,Carver Willis,2.9,18.4343
f9RAoGpGkIY,Carver Willis,2.95,18.8949
f9RAoGpGkIY,Carver Willis,3.0,19.3572
f9RAoGpGkIY,Carver Willis,3.05,19.821
f9RAoGpGkIY,Carver Willis,3.1,20.2864
f9RAoGpGkIY,Carver Willis,3.15,20.7532
f9RAoGpGkIY,Carver Willis,3.2,21.2214
f9RAoGpGkIY,Carver Willis,3.25,21.691
f9RAoGpGkIY,Carver Willis,3.3,22.1618
f9RAoGpGkIY,Carver Willis,3.35,22.6339
f9RAoGpGkIY,Carver Willis,3.4,23.1071
f9RAoGpGkIY,Carver Willis,3.45,23.5815
f9RAoGpGkIY,Carver Willis,3.5,24.0569
f9RAoGpGkIY,Carver Willis,3.55,24.5334
f9RAoGpGkIY,Carver Willis,3.6,25.0108
f9RAoGpGkIY,Carver Willis,3.65,25.4892
f9RAoGpGkIY,Carver Willis,3.7,25.9685
f9RAoGpGkIY,Carver Willis,3.75,26.4487
f9RAoGpGkIY,Carver Willis,3.8,26.9297
f9RAoGpGkIY,Carver Willis,3.85,27.4114
f9RAoGpGkIY,Carver Willis,3.9,27.894
f9RAoGpGkIY,Carver Willis,3.95,28.3772
f9RAoGpGkIY,Carver Willis,4.0,28.8612
f9RAoGpGkIY,Carver Willis,4.05,29.3458
f9RAoGpGkIY,Carver Willis,4.1,29.831
f9RAoGpGkIY,Carver Willis,4.15,30.3169
f9RAoGpGkIY,Carver Willis,4.2,30.8033
f9RAoGpGkIY,Carver Willis,4.25,31.2903
f9RAoGpGkIY,Carver Willis,4.3,31.7779
f9RAoGpGkIY,Carver Willis,4.35,32.2659
f9RAoGpGkIY,Carver Willis,4.4,32.7544
f9RAoGpGkIY,Carver Willis,4.45,33.2434
f9RAoGpGkIY,Carver Willis,4.5,33.7329
f9RAoGpGkIY,Carver Willis,4.55,34.2228
f9RAoGpGkIY,Carver Willis,4.6,34.7131
f9RAoGpGkIY,Carver Willis,4.65,35.2038
f9RAoGpGkIY,Carver Willis,4.7,35.6948
f9RAoGpGkIY,Carver Willis,4.75,36.1863
f9RAoGpGkIY,Carver Willis,4.8,36.678
f9RAoGpGkIY,Carver Willis,4.85,37.1701
f9RAoGpGkIY,Carver Willis,4.9,37.6625
f9RAoGpGkIY,Carver Willis,4.95,38.1553
f9RAoGpGkIY,Carver Willis,5.0,38.6483
f9RAoGpGkIY,Carver Willis,5.05,39.1416
f9RAoGpGkIY,Carver Willis,5.1,39.6351
f9RAoGpGkIY,Logan Jones,0.0,0.0
f9RAoGpGkIY,Logan Jones,0.05,0.0114
f9RAoGpGkIY,Logan Jones,0.1,0.0451
f9RAoGpGkIY,Logan Jones,0.15,0.1
f9RAoGpGkIY,Logan Jones,0.2,0.1752
f9RAoGpGkIY,Logan Jones,0.25,0.2699
f9RAoGpGkIY,Logan Jones,0.3,0.3832
f9RAoGpGkIY,Logan Jones,0.35,0.5142
f9RAoGpGkIY,Logan Jones,0.4,0.6623
f9RAoGpGkIY,Logan Jones,0.45,0.8266
f9RAoGpGkIY,Logan Jones,0.5,1.0065
f9RAoGpGkIY,Logan Jones,0.55,1.2013
f9RAoGpGkIY,Logan Jones,0.6,1.4104
f9RAoGpGkIY,Logan Jones,0.65,1.633
f9RAoGpGkIY,Logan Jones,0.7,1.8687
f9RAoGpGkIY,Logan Jones,0.75,2.1168
f9RAoGpGkIY,Logan Jones,0.8,2.3769
f9RAoGpGkIY,Logan Jones,0.85,2.6484
f9RAoGpGkIY,Logan Jones,0.9,2.9308
f9RAoGpGkIY,Logan Jones,0.95,3.2236
f9RAoGpGkIY,Logan Jones,1.0,3.5263
f9RAoGpGkIY,Logan Jones,1.05,3.8387
f9RAoGpGkIY,Logan Jones,1.1,4.1601
f9RAoGpGkIY,Logan Jones,1.15,4.4903
f9RAoGpGkIY,Logan Jones,1.2,4.8288
f9RAoGpGkIY,Logan Jones,1.25,5.1754
f9RAoGpGkIY,Logan Jones,1.3,5.5295
f9RAoGpGkIY,Logan Jones,1.35,5.891
f9RAoGpGkIY,Logan Jones,1.4,6.2595
f9RAoGpGkIY,Logan Jones,1.45,6.6346
f9RAoGpGkIY,Logan Jones,1.5,7.0162
f9RAoGpGkIY,Logan Jones,1.55,7.4038
f9RAoGpGkIY,Logan Jones,1.6,7.7973
f9RAoGpGkIY,Logan Jones,1.65,8.1965
f9RAoGpGkIY,Logan Jones,1.7,8.6009
f9RAoGpGkIY,Logan Jones,1.75,9.0105
f9RAoGpGkIY,Logan Jones,1.8,9.425
f9RAoGpGkIY,Logan Jones,1.85,9.8442
f9RAoGpGkIY,Logan Jones,1.9,10.2678
f9RAoGpGkIY,Logan Jones,1.95,10.6958
f9RAoGpGkIY,Logan Jones,2.0,11.1278
f9RAoGpGkIY,Logan Jones,2.05,11.5638
f9RAoGpGkIY,Logan Jones,2.1,12.0035
f9RAoGpGkIY,Logan Jones,2.15,12.4468
f9RAoGpGkIY,Logan Jones,2.2,12.8935
f9RAoGpGkIY,Logan Jones,2.25,13.3435
f9RAoGpGkIY,Logan Jones,2.3,13.7967
f9RAoGpGkIY,Logan Jones,2.35,14.2528
f9RAoGpGkIY,Logan Jones,2.4,14.7118
f9RAoGpGkIY,Logan Jones,2.45,15.1736
f9RAoGpGkIY,Logan Jones,2.5,15.638
f9RAoGpGkIY,Logan Jones,2.55,16.1049
f9RAoGpGkIY,Logan Jones,2.6,16.5742
f9RAoGpGkIY,Logan Jones,2.65,17.0459
f9RAoGpGkIY,Logan Jones,2.7,17.5197
f9RAoGpGkIY,Logan Jones,2.75,17.9956
f9RAoGpGkIY,Logan Jones,2.8,18.4735
f9RAoGpGkIY,Logan Jones,2.85,18.9534
f9RAoGpGkIY,Logan Jones,2.9,19.4351
f9RAoGpGkIY,Logan Jones,2.95,19.9186
f9RAoGpGkIY,Logan Jones,3.0,20.4037
f9RAoGpGkIY,Logan Jones,3.05,20.8905
f9RAoGpGkIY,Logan Jones,3.1,21.3788
f9RAoGpGkIY,Logan Jones,3.15,21.8686
f9RAoGpGkIY,Logan Jones,3.2,22.3598
f9RAoGpGkIY,Logan Jones,3.25,22.8523
f9RAoGpGkIY,Logan Jones,3.3,23.3461
f9RAoGpGkIY,Logan Jones,3.35,23.8412
f9RAoGpGkIY,Logan Jones,3.4,24.3374
f9RAoGpGkIY,Logan Jones,3.45,24.8348
f9RAoGpGkIY,Logan Jones,3.5,25.3332
f9RAoGpGkIY,Logan Jones,3.55,25.8327
f9RAoGpGkIY,Logan Jones,3.6,26.3332
f9RAoGpGkIY,Logan Jones,3.65,26.8346
f9RAoGpGkIY,Logan Jones,3.7,27.3369
f9RAoGpGkIY,Logan Jones,3.75,27.8401
f9RAoGpGkIY,Logan Jones,3.8,28.3441
f9RAoGpGkIY,Logan Jones,3.85,28.8489
f9RAoGpGkIY,Logan Jones,3.9,29.3545
f9RAoGpGkIY,Logan Jones,3.95,29.8607
f9RAoGpGkIY,Logan Jones,4.0,30.3677
f9RAoGpGkIY,Logan Jones,4.05,30.8753
f9RAoGpGkIY,Logan Jones,4.1,31.3836
f9RAoGpGkIY,Logan Jones,4.15,31.8925
f9RAoGpGkIY,Logan Jones,4.2,32.4019
f9RAoGpGkIY,Logan Jones,4.25,32.912
f9RAoGpGkIY,Logan Jones,4.3,33.4225
f9RAoGpGkIY,Logan Jones,4.35,33.9335
f9RAoGpGkIY,Logan Jones,4.4,34.4451
f9RAoGpGkIY,Logan Jones,4.45,34.9571
f9RAoGpGkIY,Logan Jones,4.5,35.4695
f9RAoGpGkIY,Logan Jones,4.55,35.9824
f9RAoGpGkIY,Logan Jones,4.6,36.4956
f9RAoGpGkIY,Logan Jones,4.65,37.0093
f9RAoGpGkIY,Logan Jones,4.7,37.5233
f9RAoGpGkIY,Logan Jones,4.75,38.0377
f9RAoGpGkIY,Logan Jones,4.8,38.5524
f9RAoGpGkIY,Logan Jones,4.85,39.0675
f9RAoGpGkIY,Logan Jones,4.9,39.5828
f9RAoGpGkIY,Blake Miller,0.0,0.0
f9RAoGpGkIY,Blake Miller,0.05,0.0131
f9RAoGpGkIY,Blake Miller,0.1,0.0513
f9RAoGpGkIY,Blake Miller,0.15,0.1133
f9RAoGpGkIY,Blake Miller,0.2,0.1978
f9RAoGpGkIY,Blake Miller,0.25,0.3037
f9RAoGpGkIY,Blake Miller,0.3,0.4296
f9RAoGpGkIY,Blake Miller,0.35,0.5746
f9RAoGpGkIY,Blake Miller,0.4,0.7377
f9RAoGpGkIY,Blake Miller,0.45,0.9177
f9RAoGpGkIY,Blake Miller,0.5,1.1139
f9RAoGpGkIY,Blake Miller,0.55,1.3253
f9RAoGpGkIY,Blake Miller,0.6,1.5511
f9RAoGpGkIY,Blake Miller,0.65,1.7906
f9RAoGpGkIY,Blake Miller,0.7,2.0429
f9RAoGpGkIY,Blake Miller,0.75,2.3075
f9RAoGpGkIY,Blake Miller,0.8,2.5836
f9RAoGpGkIY,Blake Miller,0.85,2.8706
f9RAoGpGkIY,Blake Miller,0.9,3.1679
f9RAoGpGkIY,Blake Miller,0.95,3.475
f9RAoGpGkIY,Blake Miller,1.0,3.7913
f9RAoGpGkIY,Blake Miller,1.05,4.1163
f9RAoGpGkIY,Blake Miller,1.1,4.4496
f9RAoGpGkIY,Blake Miller,1.15,4.7907
f9RAoGpGkIY,Blake Miller,1.2,5.1392
f9RAoGpGkIY,Blake Miller,1.25,5.4947
f9RAoGpGkIY,Blake Miller,1.3,5.8568
f9RAoGpGkIY,Blake Miller,1.35,6.2251
f9RAoGpGkIY,Blake Miller,1.4,6.5993
f9RAoGpGkIY,Blake Miller,1.45,6.9792
f9RAoGpGkIY,Blake Miller,1.5,7.3643
f9RAoGpGkIY,Blake Miller,1.55,7.7544
f9RAoGpGkIY,Blake Miller,1.6,8.1492
f9RAoGpGkIY,Blake Miller,1.65,8.5486
f9RAoGpGkIY,Blake Miller,1.7,8.9521
f9RAoGpGkIY,Blake Miller,1.75,9.3597
f9RAoGpGkIY,Blake Miller,1.8,9.771
f9RAoGpGkIY,Blake Miller,1.85,10.1859
f9RAoGpGkIY,Blake Miller,1.9,10.6042
f9RAoGpGkIY,Blake Miller,1.95,11.0257
f9RAoGpGkIY,Blake Miller,2.0,11.4503
f9RAoGpGkIY,Blake Miller,2.05,11.8777
f9RAoGpGkIY,Blake Miller,2.1,12.3078
f9RAoGpGkIY,Blake Miller,2.15,12.7405
f9RAoGpGkIY,Blake Miller,2.2,13.1755
f9RAoGpGkIY,Blake Miller,2.25,13.6129
f9RAoGpGkIY,Blake Miller,2.3,14.0525
f9RAoGpGkIY,Blake Miller,2.35,14.4941
f9RAoGpGkIY,Blake Miller,2.4,14.9376
f9RAoGpGkIY,Blake Miller,2.45,15.383
f9RAoGpGkIY,Blake Miller,2.5,15.8301
f9RAoGpGkIY,Blake Miller,2.55,16.2789
f9RAoGpGkIY,Blake Miller,2.6,16.7292
f9RAoGpGkIY,Blake Miller,2.65,17.181
f9RAoGpGkIY,Blake Miller,2.7,17.6341
f9RAoGpGkIY,Blake Miller,2.75,18.0886
f9RAoGpGkIY,Blake Miller,2.8,18.5443
f9RAoGpGkIY,Blake Miller,2.85,19.0012
f9RAoGpGkIY,Blake Miller,2.9,19.4592
f9RAoGpGkIY,Blake Miller,2.95,19.9183
f9RAoGpGkIY,Blake Miller,3.0,20.3783
f9RAoGpGkIY,Blake Miller,3.05,20.8393
f9RAoGpGkIY,Blake Miller,3.1,21.3012
f9RAoGpGkIY,Blake Miller,3.15,21.7639
f9RAoGpGkIY,Blake Miller,3.2,22.2274
f9RAoGpGkIY,Blake Miller,3.25,22.6917
f9RAoGpGkIY,Blake Miller,3.3,23.1566
f9RAoGpGkIY,Blake Miller,3.35,23.6223
f9RAoGpGkIY,Blake Miller,3.4,24.0886
f9RAoGpGkIY,Blake Miller,3.45,24.5555
f9RAoGpGkIY,Blake Miller,3.5,25.0229
f9RAoGpGkIY,Blake Miller,3.55,25.4909
f9RAoGpGkIY,Blake Miller,3.6,25.9594
f9RAoGpGkIY,Blake Miller,3.65,26.4284
f9RAoGpGkIY,Blake Miller,3.7,26.8978
f9RAoGpGkIY,Blake Miller,3.75,27.3677
f9RAoGpGkIY,Blake Miller,3.8,27.838
f9RAoGpGkIY,Blake Miller,3.85,28.3086
f9RAoGpGkIY,Blake Miller,3.9,28.7797
f9RAoGpGkIY,Blake Miller,3.95,29.251
f9RAoGpGkIY,Blake Miller,4.0,29.7227
f9RAoGpGkIY,Blake Miller,4.05,30.1948
f9RAoGpGkIY,Blake Miller,4.1,30.6671
f9RAoGpGkIY,Blake Miller,4.15,31.1396
f9RAoGpGkIY,Blake Miller,4.2,31.6125
f9RAoGpGkIY,Blake Miller,4.25,32.0855
f9RAoGpGkIY,Blake Miller,4.3,32.5589
f9RAoGpGkIY,Blake Miller,4.35,33.0324
f9RAoGpGkIY,Blake Miller,4.4,33.5061
f9RAoGpGkIY,Blake Miller,4.45,33.9801
f9RAoGpGkIY,Blake Miller,4.5,34.4542
f9RAoGpGkIY,Blake Miller,4.55,34.9285
f9RAoGpGkIY,Blake Miller,4.6,35.403
f9RAoGpGkIY,Blake Miller,4.65,35.8776
f9RAoGpGkIY,Blake Miller,4.7,36.3524
f9RAoGpGkIY,Blake Miller,4.75,36.8273
f9RAoGpGkIY,Blake Miller,4.8,37.3024
f9RAoGpGkIY,Blake Miller,4.85,37.7776
f9RAoGpGkIY,Blake Miller,4.9,38.2529
f9RAoGpGkIY,Blake Miller,4.95,38.7283
f9RAoGpGkIY,Blake Miller,5.0,39.2038
f9RAoGpGkIY,Blake Miller,5.05,39.6794
f9RAoGpGkIY,Diego Pounds,0.0,0.0
f9RAoGpGkIY,Diego Pounds,0.05,0.0135
f9RAoGpGkIY,Diego Pounds,0.1,0.0531
f9RAoGpGkIY,Diego Pounds,0.15,0.1172
f9RAoGpGkIY,Diego Pounds,0.2,0.2044
f9RAoGpGkIY,Diego Pounds,0.25,0.3133
f9RAoGpGkIY,Diego Pounds,0.3,0.4428
f9RAoGpGkIY,Diego Pounds,0.35,0.5914
f9RAoGpGkIY,Diego Pounds,0.4,0.7583
f9RAoGpGkIY,Diego Pounds,0.45,0.9422
f9RAoGpGkIY,Diego Pounds,0.5,1.1423
f9RAoGpGkIY,Diego Pounds,0.55,1.3575
f9RAoGpGkIY,Diego Pounds,0.6,1.587
f9RAoGpGkIY,Diego Pounds,0.65,1.83
f9RAoGpGkIY,Diego Pounds,0.7,2.0856
f9RAoGpGkIY,Diego Pounds,0.75,2.3531
f9RAoGpGkIY,Diego Pounds,0.8,2.6319
f9RAoGpGkIY,Diego Pounds,0.85,2.9212
f9RAoGpGkIY,Diego Pounds,0.9,3.2205
f9RAoGpGkIY,Diego Pounds,0.95,3.5292
f9RAoGpGkIY,Diego Pounds,1.0,3.8468
f9RAoGpGkIY,Diego Pounds,1.05,4.1726
f9RAoGpGkIY,Diego Pounds,1.1,4.5063
f9RAoGpGkIY,Diego Pounds,1.15,4.8473
f9RAoGpGkIY,Diego Pounds,1.2,5.1953
f9RAoGpGkIY,Diego Pounds,1.25,5.5499
f9RAoGpGkIY,Diego Pounds,1.3,5.9106
f9RAoGpGkIY,Diego Pounds,1.35,6.2771
f9RAoGpGkIY,Diego Pounds,1.4,6.649
f9RAoGpGkIY,Diego Pounds,1.45,7.0261
f9RAoGpGkIY,Diego Pounds,1.5,7.4081
f9RAoGpGkIY,Diego Pounds,1.55,7.7946
f9RAoGpGkIY,Diego Pounds,1.6,8.1854
f9RAoGpGkIY,Diego Pounds,1.65,8.5803
f9RAoGpGkIY,Diego Pounds,1.7,8.979
f9RAoGpGkIY,Diego Pounds,1.75,9.3812
f9RAoGpGkIY,Diego Pounds,1.8,9.7869
f9RAoGpGkIY,Diego Pounds,1.85,10.1957
f9RAoGpGkIY,Diego Pounds,1.9,10.6075
f9RAoGpGkIY,Diego Pounds,1.95,11.0222
f9RAoGpGkIY,Diego Pounds,2.0,11.4395
f9RAoGpGkIY,Diego Pounds,2.05,11.8593
f9RAoGpGkIY,Diego Pounds,2.1,12.2814
f9RAoGpGkIY,Diego Pounds,2.15,12.7058
f9RAoGpGkIY,Diego Pounds,2.2,13.1323
f9RAoGpGkIY,Diego Pounds,2.25,13.5607
f9RAoGpGkIY,Diego Pounds,2.3,13.991
f9RAoGpGkIY,Diego Pounds,2.35,14.4231
f9RAoGpGkIY,Diego Pounds,2.4,14.8567
f9RAoGpGkIY,Diego Pounds,2.45,15.292
f9RAoGpGkIY,Diego Pounds,2.5,15.7287
f9RAoGpGkIY,Diego Pounds,2.55,16.1667
f9RAoGpGkIY,Diego Pounds,2.6,16.6061
f9RAoGpGkIY,Diego Pounds,2.65,17.0467
f9RAoGpGkIY,Diego Pounds,2.7,17.4884
f9RAoGpGkIY,Diego Pounds,2.75,17.9312
f9RAoGpGkIY,Diego Pounds,2.8,18.375
f9RAoGpGkIY,Diego Pounds,2.85,18.8198
f9RAoGpGkIY,Diego Pounds,2.9,19.2654
f9RAoGpGkIY,Diego Pounds,2.95,19.712
f9RAoGpGkIY,Diego Pounds,3.0,20.1593
f9RAoGpGkIY,Diego Pounds,3.05,20.6074
f9RAoGpGkIY,Diego Pounds,3.1,21.0561
f9RAoGpGkIY,Diego Pounds,3.15,21.5056
f9RAoGpGkIY,Diego Pounds,3.2,21.9557
f9RAoGpGkIY,Diego Pounds,3.25,22.4064
f9RAoGpGkIY,Diego Pounds,3.3,22.8576
f9RAoGpGkIY,Diego Pounds,3.35,23.3093
f9RAoGpGkIY,Diego Pounds,3.4,23.7616
f9RAoGpGkIY,Diego Pounds,3.45,24.2143
f9RAoGpGkIY,Diego Pounds,3.5,24.6675
f9RAoGpGkIY,Diego Pounds,3.55,25.121
f9RAoGpGkIY,Diego Pounds,3.6,25.575
f9RAoGpGkIY,Diego Pounds,3.65,26.0293
f9RAoGpGkIY,Diego Pounds,3.7,26.484
f9RAoGpGkIY,Diego Pounds,3.75,26.939
f9RAoGpGkIY,Diego Pounds,3.8,27.3943
f9RAoGpGkIY,Diego Pounds,3.85,27.8499
f9RAoGpGkIY,Diego Pounds,3.9,28.3057
f9RAoGpGkIY,Diego Pounds,3.95,28.7619
f9RAoGpGkIY,Diego Pounds,4.0,29.2182
f9RAoGpGkIY,Diego Pounds,4.05,29.6748
f9RAoGpGkIY,Diego Pounds,4.1,30.1316
f9RAoGpGkIY,Diego Pounds,4.15,30.5886
f9RAoGpGkIY,Diego Pounds,4.2,31.0458
f9RAoGpGkIY,Diego Pounds,4.25,31.5031
f9RAoGpGkIY,Diego Pounds,4.3,31.9607
f9RAoGpGkIY,Diego Pounds,4.35,32.4184
f9RAoGpGkIY,Diego Pounds,4.4,32.8762
f9RAoGpGkIY,Diego Pounds,4.45,33.3342
f9RAoGpGkIY,Diego Pounds,4.5,33.7923
f9RAoGpGkIY,Diego Pounds,4.55,34.2505
f9RAoGpGkIY,Diego Pounds,4.6,34.7089
f9RAoGpGkIY,Diego Pounds,4.65,35.1673
f9RAoGpGkIY,Diego Pounds,4.7,35.6259
f9RAoGpGkIY,Diego Pounds,4.75,36.0846
f9RAoGpGkIY,Diego Pounds,4.8,36.5433
f9RAoGpGkIY,Diego Pounds,4.85,37.0022
f9RAoGpGkIY,Diego Pounds,4.9,37.4611
f9RAoGpGkIY,Diego Pounds,4.95,37.9201
f9RAoGpGkIY,Diego Pounds,5.0,38.3792
f9RAoGpGkIY,Diego Pounds,5.05,38.8383
f9RAoGpGkIY,Diego Pounds,5.1,39.2975
f9RAoGpGkIY,Diego Pounds,5.15,39.7568
f9RAoGpGkIY,Kadyn Proctor,0.0,0.0
f9RAoGpGkIY,Kadyn Proctor,0.05,0.0105
f9RAoGpGkIY,Kadyn Proctor,0.1,0.0414
f9RAoGpGkIY,Kadyn Proctor,0.15,0.0918
f9RAoGpGkIY,Kadyn Proctor,0.2,0.1609
f9RAoGpGkIY,Kadyn Proctor,0.25,0.2479
f9RAoGpGkIY,Kadyn Proctor,0.3,0.3521
f9RAoGpGkIY,Kadyn Proctor,0.35,0.4727
f9RAoGpGkIY,Kadyn Proctor,0.4,0.609
f9RAoGpGkIY,Kadyn Proctor,0.45,0.7603
f9RAoGpGkIY,Kadyn Proctor,0.5,0.926
f9RAoGpGkIY,Kadyn Proctor,0.55,1.1055
f9RAoGpGkIY,Kadyn Proctor,0.6,1.2983
f9RAoGpGkIY,Kadyn Proctor,0.65,1.5036
f9RAoGpGkIY,Kadyn Proctor,0.7,1.7211
f9RAoGpGkIY,Kadyn Proctor,0.75,1.9502
f9RAoGpGkIY,Kadyn Proctor,0.8,2.1903
f9RAoGpGkIY,Kadyn Proctor,0.85,2.4411
f9RAoGpGkIY,Kadyn Proctor,0.9,2.7021
f9RAoGpGkIY,Kadyn Proctor,0.95,2.9728
f9RAoGpGkIY,Kadyn Proctor,1.0,3.2528
f9RAoGpGkIY,Kadyn Proctor,1.05,3.5417
f9RAoGpGkIY,Kadyn Proctor,1.1,3.8392
f9RAoGpGkIY,Kadyn Proctor,1.15,4.1449
f9RAoGpGkIY,Kadyn Proctor,1.2,4.4584
f9RAoGpGkIY,Kadyn Proctor,1.25,4.7795
f9RAoGpGkIY,Kadyn Proctor,1.3,5.1077
f9RAoGpGkIY,Kadyn Proctor,1.35,5.4428
f9RAoGpGkIY,Kadyn Proctor,1.4,5.7844
f9RAoGpGkIY,Kadyn Proctor,1.45,6.1324
f9RAoGpGkIY,Kadyn Proctor,1.5,6.4864
f9RAoGpGkIY,Kadyn Proctor,1.55,6.8462
f9RAoGpGkIY,Kadyn Proctor,1.6,7.2115
f9RAoGpGkIY,Kadyn Proctor,1.65,7.5822
f9RAoGpGkIY,Kadyn Proctor,1.7,7.9579
f9RAoGpGkIY,Kadyn Proctor,1.75,8.3384
f9RAoGpGkIY,Kadyn Proctor,1.8,8.7236
f9RAoGpGkIY,Kadyn Proctor,1.85,9.1133
f9RAoGpGkIY,Kadyn Proctor,1.9,9.5072
f9RAoGpGkIY,Kadyn Proctor,1.95,9.9052
f9RAoGpGkIY,Kadyn Proctor,2.0,10.3071
f9RAoGpGkIY,Kadyn Proctor,2.05,10.7128
f9RAoGpGkIY,Kadyn Proctor,2.1,11.122
f9RAoGpGkIY,Kadyn Proctor,2.15,11.5347
f9RAoGpGkIY,Kadyn Proctor,2.2,11.9507
f9RAoGpGkIY,Kadyn Proctor,2.25,12.3698
f9RAoGpGkIY,Kadyn Proctor,2.3,12.7919
f9RAoGpGkIY,Kadyn Proctor,2.35,13.2169
f9RAoGpGkIY,Kadyn Proctor,2.4,13.6446
f9RAoGpGkIY,Kadyn Proctor,2.45,14.075
f9RAoGpGkIY,Kadyn Proctor,2.5,14.508
f9RAoGpGkIY,Kadyn Proctor,2.55,14.9433
f9RAoGpGkIY,Kadyn Proctor,2.6,15.381
f9RAoGpGkIY,Kadyn Proctor,2.65,15.8209
f9RAoGpGkIY,Kadyn Proctor,2.7,16.2629
f9RAoGpGkIY,Kadyn Proctor,2.75,16.707
f9RAoGpGkIY,Kadyn Proctor,2.8,17.153
f9RAoGpGkIY,Kadyn Proctor,2.85,17.6008
f9RAoGpGkIY,Kadyn Proctor,2.9,18.0505
f9RAoGpGkIY,Kadyn Proctor,2.95,18.5019
f9RAoGpGkIY,Kadyn Proctor,3.0,18.9549
f9RAoGpGkIY,Kadyn Proctor,3.05,19.4094
f9RAoGpGkIY,Kadyn Proctor,3.1,19.8655
f9RAoGpGkIY,Kadyn Proctor,3.15,20.323
f9RAoGpGkIY,Kadyn Proctor,3.2,20.7819
f9RAoGpGkIY,Kadyn Proctor,3.25,21.2421
f9RAoGpGkIY,Kadyn Proctor,3.3,21.7036
f9RAoGpGkIY,Kadyn Proctor,3.35,22.1663
f9RAoGpGkIY,Kadyn Proctor,3.4,22.6301
f9RAoGpGkIY,Kadyn Proctor,3.45,23.0951
f9RAoGpGkIY,Kadyn Proctor,3.5,23.5611
f9RAoGpGkIY,Kadyn Proctor,3.55,24.0281
f9RAoGpGkIY,Kadyn Proctor,3.6,24.4961
f9RAoGpGkIY,Kadyn Proctor,3.65,24.965
f9RAoGpGkIY,Kadyn Proctor,3.7,25.4348
f9RAoGpGkIY,Kadyn Proctor,3.75,25.9055
f9RAoGpGkIY,Kadyn Proctor,3.8,26.377
f9RAoGpGkIY,Kadyn Proctor,3.85,26.8493
f9RAoGpGkIY,Kadyn Proctor,3.9,27.3223
f9RAoGpGkIY,Kadyn Proctor,3.95,27.796
f9RAoGpGkIY,Kadyn Proctor,4.0,28.2704
f9RAoGpGkIY,Kadyn Proctor,4.05,28.7455
f9RAoGpGkIY,Kadyn Proctor,4.1,29.2212
f9RAoGpGkIY,Kadyn Proctor,4.15,29.6975
f9RAoGpGkIY,Kadyn Proctor,4.2,30.1744
f9RAoGpGkIY,Kadyn Proctor,4.25,30.6518
f9RAoGpGkIY,Kadyn Proctor,4.3,31.1298
f9RAoGpGkIY,Kadyn Proctor,4.35,31.6083
f9RAoGpGkIY,Kadyn Proctor,4.4,32.0872
f9RAoGpGkIY,Kadyn Proctor,4.45,32.5667
f9RAoGpGkIY,Kadyn Proctor,4.5,33.0465
f9RAoGpGkIY,Kadyn Proctor,4.55,33.5268
f9RAoGpGkIY,Kadyn Proctor,4.6,34.0075
f9RAoGpGkIY,Kadyn Proctor,4.65,34.4886
f9RAoGpGkIY,Kadyn Proctor,4.7,34.9701
f9RAoGpGkIY,Kadyn Proctor,4.75,35.4519
f9RAoGpGkIY,Kadyn Proctor,4.8,35.9341
f9RAoGpGkIY,Kadyn Proctor,4.85,36.4166
f9RAoGpGkIY,Kadyn Proctor,4.9,36.8994
f9RAoGpGkIY,Kadyn Proctor,4.95,37.3825
f9RAoGpGkIY,Kadyn Proctor,5.0,37.8659
f9RAoGpGkIY,Kadyn Proctor,5.05,38.3496
f9RAoGpGkIY,Kadyn Proctor,5.1,38.8335
f9RAoGpGkIY,Kadyn Proctor,5.15,39.3177
f9RAoGpGkIY,Kadyn Proctor,5.2,39.8021
f9RAoGpGkIY,Keylan Rutledge,0.0,0.0
f9RAoGpGkIY,Keylan Rutledge,0.05,0.0102
f9RAoGpGkIY,Keylan Rutledge,0.1,0.0404
f9RAoGpGkIY,Keylan Rutledge,0.15,0.0897
f9RAoGpGkIY,Keylan Rutledge,0.2,0.1573
f9RAoGpGkIY,Keylan Rutledge,0.25,0.2427
f9RAoGpGkIY,Keylan Rutledge,0.3,0.3451
f9RAoGpGkIY,Keylan Rutledge,0.35,0.4638
f9RAoGpGkIY,Keylan Rutledge,0.4,0.5982
f9RAoGpGkIY,Keylan Rutledge,0.45,0.7477
f9RAoGpGkIY,Keylan Rutledge,0.5,0.9117
f9RAoGpGkIY,Keylan Rutledge,0.55,1.0897
f9RAoGpGkIY,Keylan Rutledge,0.6,1.2811
f9RAoGpGkIY,Keylan Rutledge,0.65,1.4853
f9RAoGpGkIY,Keylan Rutledge,0.7,1.7019
f9RAoGpGkIY,Keylan Rutledge,0.75,1.9304
f9RAoGpGkIY,Keylan Rutledge,0.8,2.1704
f9RAoGpGkIY,Keylan Rutledge,0.85,2.4213
f9RAoGpGkIY,Keylan Rutledge,0.9,2.6829
f9RAoGpGkIY,Keylan Rutledge,0.95,2.9545
f9RAoGpGkIY,Keylan Rutledge,1.0,3.236
f9RAoGpGkIY,Keylan Rutledge,1.05,3.5268
f9RAoGpGkIY,Keylan Rutledge,1.1,3.8266
f9RAoGpGkIY,Keylan Rutledge,1.15,4.1351
f9RAoGpGkIY,Keylan Rutledge,1.2,4.4519
f9RAoGpGkIY,Keylan Rutledge,1.25,4.7767
f9RAoGpGkIY,Keylan Rutledge,1.3,5.1093
f9RAoGpGkIY,Keylan Rutledge,1.35,5.4492
f9RAoGpGkIY,Keylan Rutledge,1.4,5.7962
f9RAoGpGkIY,Keylan Rutledge,1.45,6.1501
f9RAoGpGkIY,Keylan Rutledge,1.5,6.5105
f9RAoGpGkIY,Keylan Rutledge,1.55,6.8772
f9RAoGpGkIY,Keylan Rutledge,1.6,7.25
f9RAoGpGkIY,Keylan Rutledge,1.65,7.6287
f9RAoGpGkIY,Keylan Rutledge,1.7,8.0129
f9RAoGpGkIY,Keylan Rutledge,1.75,8.4025
f9RAoGpGkIY,Keylan Rutledge,1.8,8.7973
f9RAoGpGkIY,Keylan Rutledge,1.85,9.1971
f9RAoGpGkIY,Keylan Rutledge,1.9,9.6017
f9RAoGpGkIY,Keylan Rutledge,1.95,10.0108
f9RAoGpGkIY,Keylan Rutledge,2.0,10.4244
f9RAoGpGkIY,Keylan Rutledge,2.05,10.8422
f9RAoGpGkIY,Keylan Rutledge,2.1,11.2641
f9RAoGpGkIY,Keylan Rutledge,2.15,11.69
f9RAoGpGkIY,Keylan Rutledge,2.2,12.1196
f9RAoGpGkIY,Keylan Rutledge,2.25,12.5528
f9RAoGpGkIY,Keylan Rutledge,2.3,12.9895
f9RAoGpGkIY,Keylan Rutledge,2.35,13.4296
f9RAoGpGkIY,Keylan Rutledge,2.4,13.8728
f9RAoGpGkIY,Keylan Rutledge,2.45,14.3192
f9RAoGpGkIY,Keylan Rutledge,2.5,14.7685
f9RAoGpGkIY,Keylan Rutledge,2.55,15.2207
f9RAoGpGkIY,Keylan Rutledge,2.6,15.6757
f9RAoGpGkIY,Keylan Rutledge,2.65,16.1333
f9RAoGpGkIY,Keylan Rutledge,2.7,16.5934
f9RAoGpGkIY,Keylan Rutledge,2.75,17.0559
f9RAoGpGkIY,Keylan Rutledge,2.8,17.5208
f9RAoGpGkIY,Keylan Rutledge,2.85,17.988
f9RAoGpGkIY,Keylan Rutledge,2.9,18.4573
f9RAoGpGkIY,Keylan Rutledge,2.95,18.9287
f9RAoGpGkIY,Keylan Rutledge,3.0,19.4021
f9RAoGpGkIY,Keylan Rutledge,3.05,19.8774
f9RAoGpGkIY,Keylan Rutledge,3.1,20.3546
f9RAoGpGkIY,Keylan Rutledge,3.15,20.8335
f9RAoGpGkIY,Keylan Rutledge,3.2,21.3142
f9RAoGpGkIY,Keylan Rutledge,3.25,21.7965
f9RAoGpGkIY,Keylan Rutledge,3.3,22.2803
f9RAoGpGkIY,Keylan Rutledge,3.35,22.7657
f9RAoGpGkIY,Keylan Rutledge,3.4,23.2526
f9RAoGpGkIY,Keylan Rutledge,3.45,23.7408
f9RAoGpGkIY,Keylan Rutledge,3.5,24.2304
f9RAoGpGkIY,Keylan Rutledge,3.55,24.7213
f9RAoGpGkIY,Keylan Rutledge,3.6,25.2134
f9RAoGpGkIY,Keylan Rutledge,3.65,25.7067
f9RAoGpGkIY,Keylan Rutledge,3.7,26.2012
f9RAoGpGkIY,Keylan Rutledge,3.75,26.6967
f9RAoGpGkIY,Keylan Rutledge,3.8,27.1934
f9RAoGpGkIY,Keylan Rutledge,3.85,27.691
f9RAoGpGkIY,Keylan Rutledge,3.9,28.1897
f9RAoGpGkIY,Keylan Rutledge,3.95,28.6892
f9RAoGpGkIY,Keylan Rutledge,4.0,29.1897
f9RAoGpGkIY,Keylan Rutledge,4.05,29.6911
f9RAoGpGkIY,Keylan Rutledge,4.1,30.1932
f9RAoGpGkIY,Keylan Rutledge,4.15,30.6962
f9RAoGpGkIY,Keylan Rutledge,4.2,31.2
f9RAoGpGkIY,Keylan Rutledge,4.25,31.7045
f9RAoGpGkIY,Keylan Rutledge,4.3,32.2097
f9RAoGpGkIY,Keylan Rutledge,4.35,32.7156
f9RAoGpGkIY,Keylan Rutledge,4.4,33.2222
f9RAoGpGkIY,Keylan Rutledge,4.45,33.7294
f9RAoGpGkIY,Keylan Rutledge,4.5,34.2372
f9RAoGpGkIY,Keylan Rutledge,4.55,34.7456
f9RAoGpGkIY,Keylan Rutledge,4.6,35.2545
f9RAoGpGkIY,Keylan Rutledge,4.65,35.764
f9RAoGpGkIY,Keylan Rutledge,4.7,36.274
f9RAoGpGkIY,Keylan Rutledge,4.75,36.7845
f9RAoGpGkIY,Keylan Rutledge,4.8,37.2955
f9RAoGpGkIY,Keylan Rutledge,4.85,37.807
f9RAoGpGkIY,Keylan Rutledge,4.9,38.3189
f9RAoGpGkIY,Keylan Rutledge,4.95,38.8312
f9RAoGpGkIY,Keylan Rutledge,5.0,39.3439
f9RAoGpGkIY,Keylan Rutledge,5.05,39.8571
f9RAoGpGkIY,Beau Stephens,0.0,0.0
f9RAoGpGkIY,Beau Stephens,0.05,0.0105
f9RAoGpGkIY,Beau Stephens,0.1,0.0413
f9RAoGpGkIY,Beau Stephens,0.15,0.0915
f9RAoGpGkIY,Beau Stephens,0.2,0.1603
f9RAoGpGkIY,Beau Stephens,0.25,0.2469
f9RAoGpGkIY,Beau Stephens,0.3,0.3504
f9RAoGpGkIY,Beau Stephens,0.35,0.4702
f9RAoGpGkIY,Beau Stephens,0.4,0.6054
f9RAoGpGkIY,Beau Stephens,0.45,0.7555
f9RAoGpGkIY,Beau Stephens,0.5,0.9198
f9RAoGpGkIY,Beau Stephens,0.55,1.0976
f9RAoGpGkIY,Beau Stephens,0.6,1.2884
f9RAoGpGkIY,Beau Stephens,0.65,1.4915
f9RAoGpGkIY,Beau Stephens,0.7,1.7065
f9RAoGpGkIY,Beau Stephens,0.75,1.9328
f9RAoGpGkIY,Beau Stephens,0.8,2.1699
f9RAoGpGkIY,Beau Stephens,0.85,2.4173
f9RAoGpGkIY,Beau Stephens,0.9,2.6746
f9RAoGpGkIY,Beau Stephens,0.95,2.9414
f9RAoGpGkIY,Beau Stephens,1.0,3.2171
f9RAoGpGkIY,Beau Stephens,1.05,3.5016
f9RAoGpGkIY,Beau Stephens,1.1,3.7942
f9RAoGpGkIY,Beau Stephens,1.15,4.0948
f9RAoGpGkIY,Beau Stephens,1.2,4.4028
f9RAoGpGkIY,Beau Stephens,1.25,4.7181
f9RAoGpGkIY,Beau Stephens,1.3,5.0403
f9RAoGpGkIY,Beau Stephens,1.35,5.369
f9RAoGpGkIY,Beau Stephens,1.4,5.7041
f9RAoGpGkIY,Beau Stephens,1.45,6.0451
f9RAoGpGkIY,Beau Stephens,1.5,6.392
f9RAoGpGkIY,Beau Stephens,1.55,6.7443
f9RAoGpGkIY,Beau Stephens,1.6,7.1018
f9RAoGpGkIY,Beau Stephens,1.65,7.4644
f9RAoGpGkIY,Beau Stephens,1.7,7.8318
f9RAoGpGkIY,Beau Stephens,1.75,8.2038
f9RAoGpGkIY,Beau Stephens,1.8,8.5801
f9RAoGpGkIY,Beau Stephens,1.85,8.9607
f9RAoGpGkIY,Beau Stephens,1.9,9.3453
f9RAoGpGkIY,Beau Stephens,1.95,9.7337
f9RAoGpGkIY,Beau Stephens,2.0,10.1257
f9RAoGpGkIY,Beau Stephens,2.05,10.5213
f9RAoGpGkIY,Beau Stephens,2.1,10.9202
f9RAoGpGkIY,Beau Stephens,2.15,11.3223
f9RAoGpGkIY,Beau Stephens,2.2,11.7275
f9RAoGpGkIY,Beau Stephens,2.25,12.1356
f9RAoGpGkIY,Beau Stephens,2.3,12.5465
f9RAoGpGkIY,Beau Stephens,2.35,12.96
f9RAoGpGkIY,Beau Stephens,2.4,13.3761
f9RAoGpGkIY,Beau Stephens,2.45,13.7947
f9RAoGpGkIY,Beau Stephens,2.5,14.2156
f9RAoGpGkIY,Beau Stephens,2.55,14.6387
f9RAoGpGkIY,Beau Stephens,2.6,15.0639
f9RAoGpGkIY,Beau Stephens,2.65,15.4912
f9RAoGpGkIY,Beau Stephens,2.7,15.9204
f9RAoGpGkIY,Beau Stephens,2.75,16.3515
f9RAoGpGkIY,Beau Stephens,2.8,16.7844
f9RAoGpGkIY,Beau Stephens,2.85,17.219
f9RAoGpGkIY,Beau Stephens,2.9,17.6552
f9RAoGpGkIY,Beau Stephens,2.95,18.0929
f9RAoGpGkIY,Beau Stephens,3.0,18.5322
f9RAoGpGkIY,Beau Stephens,3.05,18.9729
f9RAoGpGkIY,Beau Stephens,3.1,19.4149
f9RAoGpGkIY,Beau Stephens,3.15,19.8582
f9RAoGpGkIY,Beau Stephens,3.2,20.3028
f9RAoGpGkIY,Beau Stephens,3.25,20.7485
f9RAoGpGkIY,Beau Stephens,3.3,21.1954
f9RAoGpGkIY,Beau Stephens,3.35,21.6434
f9RAoGpGkIY,Beau Stephens,3.4,22.0924
f9RAoGpGkIY,Beau Stephens,3.45,22.5424
f9RAoGpGkIY,Beau Stephens,3.5,22.9933
f9RAoGpGkIY,Beau Stephens,3.55,23.4451
f9RAoGpGkIY,Beau Stephens,3.6,23.8979
f9RAoGpGkIY,Beau Stephens,3.65,24.3514
f9RAoGpGkIY,Beau Stephens,3.7,24.8057
f9RAoGpGkIY,Beau Stephens,3.75,25.2608
f9RAoGpGkIY,Beau Stephens,3.8,25.7166
f9RAoGpGkIY,Beau Stephens,3.85,26.1731
f9RAoGpGkIY,Beau Stephens,3.9,26.6303
f9RAoGpGkIY,Beau Stephens,3.95,27.088
f9RAoGpGkIY,Beau Stephens,4.0,27.5464
f9RAoGpGkIY,Beau Stephens,4.05,28.0054
f9RAoGpGkIY,Beau Stephens,4.1,28.4649
f9RAoGpGkIY,Beau Stephens,4.15,28.925
f9RAoGpGkIY,Beau Stephens,4.2,29.3855
f9RAoGpGkIY,Beau Stephens,4.25,29.8465
f9RAoGpGkIY,Beau Stephens,4.3,30.308
f9RAoGpGkIY,Beau Stephens,4.35,30.77
f9RAoGpGkIY,Beau Stephens,4.4,31.2323
f9RAoGpGkIY,Beau Stephens,4.45,31.6951
f9RAoGpGkIY,Beau Stephens,4.5,32.1582
f9RAoGpGkIY,Beau Stephens,4.55,32.6217
f9RAoGpGkIY,Beau Stephens,4.6,33.0856
f9RAoGpGkIY,Beau Stephens,4.65,33.5497
f9RAoGpGkIY,Beau Stephens,4.7,34.0143
f9RAoGpGkIY,Beau Stephens,4.75,34.4791
f9RAoGpGkIY,Beau Stephens,4.8,34.9442
f9RAoGpGkIY,Beau Stephens,4.85,35.4096
f9RAoGpGkIY,Beau Stephens,4.9,35.8752
f9RAoGpGkIY,Beau Stephens,4.95,36.3411
f9RAoGpGkIY,Beau Stephens,5.0,36.8073
f9RAoGpGkIY,Beau Stephens,5.05,37.2737
f9RAoGpGkIY,Beau Stephens,5.1,37.7403
f9RAoGpGkIY,Beau Stephens,5.15,38.2071
f9RAoGpGkIY,Beau Stephens,5.2,38.6742
f9RAoGpGkIY,Beau Stephens,5.25,39.1414
f9RAoGpGkIY,Beau Stephens,5.3,39.6088
f9RAoGpGkIY,Beau Stephens,5.35,40.0764
f9RAoGpGkIY,Carver Willis,0.0,0.0
f9RAoGpGkIY,Carver Willis,0.05,0.0121
f9RAoGpGkIY,Carver Willis,0.1,0.0477
f9RAoGpGkIY,Carver Willis,0.15,0.1054
f9RAoGpGkIY,Carver Willis,0.2,0.1844
f9RAoGpGkIY,Carver Willis,0.25,0.2834
f9RAoGpGkIY,Carver Willis,0.3,0.4015
f9RAoGpGkIY,Carver Willis,0.35,0.5378
f9RAoGpGkIY,Carver Willis,0.4,0.6913
f9RAoGpGkIY,Carver Willis,0.45,0.8612
f9RAoGpGkIY,Carver Willis,0.5,1.0467
f9RAoGpGkIY,Carver Willis,0.55,1.2469
f9RAoGpGkIY,Carver Willis,0.6,1.4612
f9RAoGpGkIY,Carver Willis,0.65,1.6889
f9RAoGpGkIY,Carver Willis,0.7,1.9292
f9RAoGpGkIY,Carver Willis,0.75,2.1816
f9RAoGpGkIY,Carver Willis,0.8,2.4455
f9RAoGpGkIY,Carver Willis,0.85,2.7203
f9RAoGpGkIY,Carver Willis,0.9,3.0054
f9RAoGpGkIY,Carver Willis,0.95,3.3003
f9RAoGpGkIY,Carver Willis,1.0,3.6045
f9RAoGpGkIY,Carver Willis,1.05,3.9177
f9RAoGpGkIY,Carver Willis,1.1,4.2393
f9RAoGpGkIY,Carver Willis,1.15,4.5688
f9RAoGpGkIY,Carver Willis,1.2,4.906
f9RAoGpGkIY,Carver Willis,1.25,5.2505
f9RAoGpGkIY,Carver Willis,1.3,5.6018
f9RAoGpGkIY,Carver Willis,1.35,5.9596
f9RAoGpGkIY,Carver Willis,1.4,6.3237
f9RAoGpGkIY,Carver Willis,1.45,6.6936
f9RAoGpGkIY,Carver Willis,1.5,7.0692
f9RAoGpGkIY,Carver Willis,1.55,7.45
f9RAoGpGkIY,Carver Willis,1.6,7.836
f9RAoGpGkIY,Carver Willis,1.65,8.2267
f9RAoGpGkIY,Carver Willis,1.7,8.622
f9RAoGpGkIY,Carver Willis,1.75,9.0217
f9RAoGpGkIY,Carver Willis,1.8,9.4255
f9RAoGpGkIY,Carver Willis,1.85,9.8332
f9RAoGpGkIY,Carver Willis,1.9,10.2446
f9RAoGpGkIY,Carver Willis,1.95,10.6596
f9RAoGpGkIY,Carver Willis,2.0,11.0779
f9RAoGpGkIY,Carver Willis,2.05,11.4994
f9RAoGpGkIY,Carver Willis,2.1,11.924
f9RAoGpGkIY,Carver Willis,2.15,12.3514
f9RAoGpGkIY,Carver Willis,2.2,12.7816
f9RAoGpGkIY,Carver Willis,2.25,13.2144
f9RAoGpGkIY,Carver Willis,2.3,13.6497
f9RAoGpGkIY,Carver Willis,2.35,14.0873
f9RAoGpGkIY,Carver Willis,2.4,14.5271
f9RAoGpGkIY,Carver Willis,2.45,14.9691
f9RAoGpGkIY,Carver Willis,2.5,15.4131
f9RAoGpGkIY,Carver Willis,2.55,15.859
f9RAoGpGkIY,Carver Willis,2.6,16.3067
f9RAoGpGkIY,Carver Willis,2.65,16.7562
f9RAoGpGkIY,Carver Willis,2.7,17.2073
f9RAoGpGkIY,Carver Willis,2.75,17.66
f9RAoGpGkIY,Carver Willis,2.8,18.1141
f9RAoGpGkIY,Carver Willis,2.85,18.5697
f9RAoGpGkIY,Carver Willis,2.9,19.0266
f9RAoGpGkIY,Carver Willis,2.95,19.4848
f9RAoGpGkIY,Carver Willis,3.0,19.9442
f9RAoGpGkIY,Carver Willis,3.05,20.4048
f9RAoGpGkIY,Carver Willis,3.1,20.8664
f9RAoGpGkIY,Carver Willis,3.15,21.3291
f9RAoGpGkIY,Carver Willis,3.2,21.7927
f9RAoGpGkIY,Carver Willis,3.25,22.2573
f9RAoGpGkIY,Carver Willis,3.3,22.7228
f9RAoGpGkIY,Carver Willis,3.35,23.1892
f9RAoGpGkIY,Carver Willis,3.4,23.6563
f9RAoGpGkIY,Carver Willis,3.45,24.1242
f9RAoGpGkIY,Carver Willis,3.5,24.5929
f9RAoGpGkIY,Carver Willis,3.55,25.0622
f9RAoGpGkIY,Carver Willis,3.6,25.5322
f9RAoGpGkIY,Carver Willis,3.65,26.0028
f9RAoGpGkIY,Carver Willis,3.7,26.474
f9RAoGpGkIY,Carver Willis,3.75,26.9457
f9RAoGpGkIY,Carver Willis,3.8,27.418
f9RAoGpGkIY,Carver Willis,3.85,27.8908
f9RAoGpGkIY,Carver Willis,3.9,28.3641
f9RAoGpGkIY,Carver Willis,3.95,28.8379
f9RAoGpGkIY,Carver Willis,4.0,29.3121
f9RAoGpGkIY,Carver Willis,4.05,29.7867
f9RAoGpGkIY,Carver Willis,4.1,30.2616
f9RAoGpGkIY,Carver Willis,4.15,30.737
f9RAoGpGkIY,Carver Willis,4.2,31.2127
f9RAoGpGkIY,Carver Willis,4.25,31.6888
f9RAoGpGkIY,Carver Willis,4.3,32.1652
f9RAoGpGkIY,Carver Willis,4.35,32.6418
f9RAoGpGkIY,Carver Willis,4.4,33.1188
f9RAoGpGkIY,Carver Willis,4.45,33.5961
f9RAoGpGkIY,Carver Willis,4.5,34.0736
f9RAoGpGkIY,Carver Willis,4.55,34.5513
f9RAoGpGkIY,Carver Willis,4.6,35.0293
f9RAoGpGkIY,Carver Willis,4.65,35.5075
f9RAoGpGkIY,Carver Willis,4.7,35.986
f9RAoGpGkIY,Carver Willis,4.75,36.4646
f9RAoGpGkIY,Carver Willis,4.8,36.9434
f9RAoGpGkIY,Carver Willis,4.85,37.4225
f9RAoGpGkIY,Carver Willis,4.9,37.9016
f9RAoGpGkIY,Carver Willis,4.95,38.381
f9RAoGpGkIY,Carver Willis,5.0,38.8605
f9RAoGpGkIY,Carver Willis,5.05,39.3401
f9RAoGpGkIY,Carver Willis,5.1,39.8199
g__zmhX838U,Emmett Johnson,0.0,0.0
g__zmhX838U,Emmett Johnson,0.05,0.0137
g__zmhX838U,Emmett Johnson,0.1,0.0541
g__zmhX838U,Emmett Johnson,0.15,0.1197
g__zmhX838U,Emmett Johnson,0.2,0.2093
g__zmhX838U,Emmett Johnson,0.25,0.3217
g__zmhX838U,Emmett Johnson,0.3,0.4559
g__zmhX838U,Emmett Johnson,0.35,0.6107
g__zmhX838U,Emmett Johnson,0.4,0.7851
g__zmhX838U,Emmett Johnson,0.45,0.9781
g__zmhX838U,Emmett Johnson,0.5,1.1889
g__zmhX838U,Emmett Johnson,0.55,1.4165
g__zmhX838U,Emmett Johnson,0.6,1.6601
g__zmhX838U,Emmett Johnson,0.65,1.919
g__zmhX838U,Emmett Johnson,0.7,2.1923
g__zmhX838U,Emmett Johnson,0.75,2.4794
g__zmhX838U,Emmett Johnson,0.8,2.7795
g__zmhX838U,Emmett Johnson,0.85,3.0921
g__zmhX838U,Emmett Johnson,0.9,3.4165
g__zmhX838U,Emmett Johnson,0.95,3.7521
g__zmhX838U,Emmett Johnson,1.0,4.0984
g__zmhX838U,Emmett Johnson,1.05,4.4549
g__zmhX838U,Emmett Johnson,1.1,4.821
g__zmhX838U,Emmett Johnson,1.15,5.1962
g__zmhX838U,Emmett Johnson,1.2,5.5802
g__zmhX838U,Emmett Johnson,1.25,5.9725
g__zmhX838U,Emmett Johnson,1.3,6.3726
g__zmhX838U,Emmett Johnson,1.35,6.7803
g__zmhX838U,Emmett Johnson,1.4,7.195
g__zmhX838U,Emmett Johnson,1.45,7.6165
g__zmhX838U,Emmett Johnson,1.5,8.0445
g__zmhX838U,Emmett Johnson,1.55,8.4785
g__zmhX838U,Emmett Johnson,1.6,8.9184
g__zmhX838U,Emmett Johnson,1.65,9.3638
g__zmhX838U,Emmett Johnson,1.7,9.8145
g__zmhX838U,Emmett Johnson,1.75,10.2701
g__zmhX838U,Emmett Johnson,1.8,10.7305
g__zmhX838U,Emmett Johnson,1.85,11.1954
g__zmhX838U,Emmett Johnson,1.9,11.6646
g__zmhX838U,Emmett Johnson,1.95,12.1378
g__zmhX838U,Emmett Johnson,2.0,12.615
g__zmhX838U,Emmett Johnson,2.05,13.0958
g__zmhX838U,Emmett Johnson,2.1,13.5801
g__zmhX838U,Emmett Johnson,2.15,14.0677
g__zmhX838U,Emmett Johnson,2.2,14.5586
g__zmhX838U,Emmett Johnson,2.25,15.0524
g__zmhX838U,Emmett Johnson,2.3,15.5491
g__zmhX838U,Emmett Johnson,2.35,16.0485
g__zmhX838U,Emmett Johnson,2.4,16.5504
g__zmhX838U,Emmett Johnson,2.45,17.0549
g__zmhX838U,Emmett Johnson,2.5,17.5616
g__zmhX838U,Emmett Johnson,2.55,18.0706
g__zmhX838U,Emmett Johnson,2.6,18.5817
g__zmhX838U,Emmett Johnson,2.65,19.0948
g__zmhX838U,Emmett Johnson,2.7,19.6098
g__zmhX838U,Emmett Johnson,2.75,20.1266
g__zmhX838U,Emmett Johnson,2.8,20.6452
g__zmhX838U,Emmett Johnson,2.85,21.1653
g__zmhX838U,Emmett Johnson,2.9,21.6871
g__zmhX838U,Emmett Johnson,2.95,22.2103
g__zmhX838U,Emmett Johnson,3.0,22.7349
g__zmhX838U,Emmett Johnson,3.05,23.2609
g__zmhX838U,Emmett Johnson,3.1,23.7881
g__zmhX838U,Emmett Johnson,3.15,24.3165
g__zmhX838U,Emmett Johnson,3.2,24.8461
g__zmhX838U,Emmett Johnson,3.25,25.3768
g__zmhX838U,Emmett Johnson,3.3,25.9085
g__zmhX838U,Emmett Johnson,3.35,26.4412
g__zmhX838U,Emmett Johnson,3.4,26.9748
g__zmhX838U,Emmett Johnson,3.45,27.5093
g__zmhX838U,Emmett Johnson,3.5,28.0447
g__zmhX838U,Emmett Johnson,3.55,28.5809
g__zmhX838U,Emmett Johnson,3.6,29.1178
g__zmhX838U,Emmett Johnson,3.65,29.6555
g__zmhX838U,Emmett Johnson,3.7,30.1938
g__zmhX838U,Emmett Johnson,3.75,30.7329
g__zmhX838U,Emmett Johnson,3.8,31.2725
g__zmhX838U,Emmett Johnson,3.85,31.8127
g__zmhX838U,Emmett Johnson,3.9,32.3535
g__zmhX838U,Emmett Johnson,3.95,32.8949
g__zmhX838U,Emmett Johnson,4.0,33.4367
g__zmhX838U,Emmett Johnson,4.05,33.9791
g__zmhX838U,Emmett Johnson,4.1,34.5219
g__zmhX838U,Emmett Johnson,4.15,35.0651
g__zmhX838U,Emmett Johnson,4.2,35.6087
g__zmhX838U,Emmett Johnson,4.25,36.1528
g__zmhX838U,Emmett Johnson,4.3,36.6972
g__zmhX838U,Emmett Johnson,4.35,37.242
g__zmhX838U,Emmett Johnson,4.4,37.7871
g__zmhX838U,Emmett Johnson,4.45,38.3326
g__zmhX838U,Emmett Johnson,4.5,38.8783
g__zmhX838U,Emmett Johnson,4.55,39.4243
g__zmhX838U,Emmett Johnson,4.6,39.9707
g__zmhX838U,Adam Randall,0.0,0.0
g__zmhX838U,Adam Randall,0.05,0.0156
g__zmhX838U,Adam Randall,0.1,0.0611
g__zmhX838U,Adam Randall,0.15,0.1348
g__zmhX838U,Adam Randall,0.2,0.2353
g__zmhX838U,Adam Randall,0.25,0.3609
g__zmhX838U,Adam Randall,0.3,0.5102
g__zmhX838U,Adam Randall,0.35,0.6819
g__zmhX838U,Adam Randall,0.4,0.8748
g__zmhX838U,Adam Randall,0.45,1.0876
g__zmhX838U,Adam Randall,0.5,1.3193
g__zmhX838U,Adam Randall,0.55,1.5687
g__zmhX838U,Adam Randall,0.6,1.8348
g__zmhX838U,Adam Randall,0.65,2.1168
g__zmhX838U,Adam Randall,0.7,2.4137
g__zmhX838U,Adam Randall,0.75,2.7247
g__zmhX838U,Adam Randall,0.8,3.049
g__zmhX838U,Adam Randall,0.85,3.3858
g__zmhX838U,Adam Randall,0.9,3.7345
g__zmhX838U,Adam Randall,0.95,4.0943
g__zmhX838U,Adam Randall,1.0,4.4646
g__zmhX838U,Adam Randall,1.05,4.8449
g__zmhX838U,Adam Randall,1.1,5.2346
g__zmhX838U,Adam Randall,1.15,5.6331
g__zmhX838U,Adam Randall,1.2,6.04
g__zmhX838U,Adam Randall,1.25,6.4548
g__zmhX838U,Adam Randall,1.3,6.877
g__zmhX838U,Adam Randall,1.35,7.3062
g__zmhX838U,Adam Randall,1.4,7.742
g__zmhX838U,Adam Randall,1.45,8.1841
g__zmhX838U,Adam Randall,1.5,8.6321
g__zmhX838U,Adam Randall,1.55,9.0856
g__zmhX838U,Adam Randall,1.6,9.5444
g__zmhX838U,Adam Randall,1.65,10.0082
g__zmhX838U,Adam Randall,1.7,10.4766
g__zmhX838U,Adam Randall,1.75,10.9494
g__zmhX838U,Adam Randall,1.8,11.4264
g__zmhX838U,Adam Randall,1.85,11.9074
g__zmhX838U,Adam Randall,1.9,12.392
g__zmhX838U,Adam Randall,1.95,12.8801
g__zmhX838U,Adam Randall,2.0,13.3715
g__zmhX838U,Adam Randall,2.05,13.8661
g__zmhX838U,Adam Randall,2.1,14.3636
g__zmhX838U,Adam Randall,2.15,14.8638
g__zmhX838U,Adam Randall,2.2,15.3667
g__zmhX838U,Adam Randall,2.25,15.872
g__zmhX838U,Adam Randall,2.3,16.3797
g__zmhX838U,Adam Randall,2.35,16.8896
g__zmhX838U,Adam Randall,2.4,17.4015
g__zmhX838U,Adam Randall,2.45,17.9154
g__zmhX838U,Adam Randall,2.5,18.4312
g__zmhX838U,Adam Randall,2.55,18.9487
g__zmhX838U,Adam Randall,2.6,19.4678
g__zmhX838U,Adam Randall,2.65,19.9885
g__zmhX838U,Adam Randall,2.7,20.5106
g__zmhX838U,Adam Randall,2.75,21.0342
g__zmhX838U,Adam Randall,2.8,21.559
g__zmhX838U,Adam Randall,2.85,22.0851
g__zmhX838U,Adam Randall,2.9,22.6123
g__zmhX838U,Adam Randall,2.95,23.1406
g__zmhX838U,Adam Randall,3.0,23.67
g__zmhX838U,Adam Randall,3.05,24.2003
g__zmhX838U,Adam Randall,3.1,24.7316
g__zmhX838U,Adam Randall,3.15,25.2637
g__zmhX838U,Adam Randall,3.2,25.7966
g__zmhX838U,Adam Randall,3.25,26.3303
g__zmhX838U,Adam Randall,3.3,26.8648
g__zmhX838U,Adam Randall,3.35,27.3999
g__zmhX838U,Adam Randall,3.4,27.9357
g__zmhX838U,Adam Randall,3.45,28.4721
g__zmhX838U,Adam Randall,3.5,29.0091
g__zmhX838U,Adam Randall,3.55,29.5466
g__zmhX838U,Adam Randall,3.6,30.0846
g__zmhX838U,Adam Randall,3.65,30.6232
g__zmhX838U,Adam Randall,3.7,31.1621
g__zmhX838U,Adam Randall,3.75,31.7016
g__zmhX838U,Adam Randall,3.8,32.2414
g__zmhX838U,Adam Randall,3.85,32.7816
g__zmhX838U,Adam Randall,3.9,33.3222
g__zmhX838U,Adam Randall,3.95,33.8631
g__zmhX838U,Adam Randall,4.0,34.4043
g__zmhX838U,Adam Randall,4.05,34.9459
g__zmhX838U,Adam Randall,4.1,35.4877
g__zmhX838U,Adam Randall,4.15,36.0298
g__zmhX838U,Adam Randall,4.2,36.5722
g__zmhX838U,Adam Randall,4.25,37.1148
g__zmhX838U,Adam Randall,4.3,37.6576
g__zmhX838U,Adam Randall,4.35,38.2006
g__zmhX838U,Adam Randall,4.4,38.7439
g__zmhX838U,Adam Randall,4.45,39.2873
g__zmhX838U,Adam Randall,4.5,39.831
g__zmhX838U,Mike Washington Jr.,0.0,0.0
g__zmhX838U,Mike Washington Jr.,0.05,0.0149
g__zmhX838U,Mike Washington Jr.,0.1,0.0587
g__zmhX838U,Mike Washington Jr.,0.15,0.13
g__zmhX838U,Mike Washington Jr.,0.2,0.2273
g__zmhX838U,Mike Washington Jr.,0.25,0.3494
g__zmhX838U,Mike Washington Jr.,0.3,0.4951
g__zmhX838U,Mike Washington Jr.,0.35,0.6631
g__zmhX838U,Mike Washington Jr.,0.4,0.8525
g__zmhX838U,Mike Washington Jr.,0.45,1.0621
g__zmhX838U,Mike Washington Jr.,0.5,1.2909
g__zmhX838U,Mike Washington Jr.,0.55,1.5379
g__zmhX838U,Mike Washington Jr.,0.6,1.8024
g__zmhX838U,Mike Washington Jr.,0.65,2.0834
g__zmhX838U,Mike Washington Jr.,0.7,2.38
g__zmhX838U,Mike Washington Jr.,0.75,2.6916
g__zmhX838U,Mike Washington Jr.,0.8,3.0174
g__zmhX838U,Mike Washington Jr.,0.85,3.3566
g__zmhX838U,Mike Washington Jr.,0.9,3.7087
g__zmhX838U,Mike Washington Jr.,0.95,4.0729
g__zmhX838U,Mike Washington Jr.,1.0,4.4487
g__zmhX838U,Mike Washington Jr.,1.05,4.8354
g__zmhX838U,Mike Washington Jr.,1.1,5.2327
g__zmhX838U,Mike Washington Jr.,1.15,5.6399
g__zmhX838U,Mike Washington Jr.,1.2,6.0565
g__zmhX838U,Mike Washington Jr.,1.25,6.4821
g__zmhX838U,Mike Washington Jr.,1.3,6.9162
g__zmhX838U,Mike Washington Jr.,1.35,7.3584
g__zmhX838U,Mike Washington Jr.,1.4,7.8084
g__zmhX838U,Mike Washington Jr.,1.45,8.2656
g__zmhX838U,Mike Washington Jr.,1.5,8.7299
g__zmhX838U,Mike Washington Jr.,1.55,9.2007
g__zmhX838U,Mike Washington Jr.,1.6,9.6778
g__zmhX838U,Mike Washington Jr.,1.65,10.161
g__zmhX838U,Mike Washington Jr.,1.7,10.6498
g__zmhX838U,Mike Washington Jr.,1.75,11.144
g__zmhX838U,Mike Washington Jr.,1.8,11.6433
g__zmhX838U,Mike Washington Jr.,1.85,12.1475
g__zmhX838U,Mike Washington Jr.,1.9,12.6564
g__zmhX838U,Mike Washington Jr.,1.95,13.1696
g__zmhX838U,Mike Washington Jr.,2.0,13.6871
g__zmhX838U,Mike Washington Jr.,2.05,14.2085
g__zmhX838U,Mike Washington Jr.,2.1,14.7337
g__zmhX838U,Mike Washington Jr.,2.15,15.2625
g__zmhX838U,Mike Washington Jr.,2.2,15.7948
g__zmhX838U,Mike Washington Jr.,2.25,16.3302
g__zmhX838U,Mike Washington Jr.,2.3,16.8688
g__zmhX838U,Mike Washington Jr.,2.35,17.4103
g__zmhX838U,Mike Washington Jr.,2.4,17.9546
g__zmhX838U,Mike Washington Jr.,2.45,18.5016
g__zmhX838U,Mike Washington Jr.,2.5,19.051
g__zmhX838U,Mike Washington Jr.,2.55,19.6029
g__zmhX838U,Mike Washington Jr.,2.6,20.1571
g__zmhX838U,Mike Washington Jr.,2.65,20.7134
g__zmhX838U,Mike Washington Jr.,2.7,21.2717
g__zmhX838U,Mike Washington Jr.,2.75,21.8321
g__zmhX838U,Mike Washington Jr.,2.8,22.3943
g__zmhX838U,Mike Washington Jr.,2.85,22.9582
g__zmhX838U,Mike Washington Jr.,2.9,23.5238
g__zmhX838U,Mike Washington Jr.,2.95,24.0911
g__zmhX838U,Mike Washington Jr.,3.0,24.6598
g__zmhX838U,Mike Washington Jr.,3.05,25.23
g__zmhX838U,Mike Washington Jr.,3.1,25.8015
g__zmhX838U,Mike Washington Jr.,3.15,26.3744
g__zmhX838U,Mike Washington Jr.,3.2,26.9485
g__zmhX838U,Mike Washington Jr.,3.25,27.5238
g__zmhX838U,Mike Washington Jr.,3.3,28.1002
g__zmhX838U,Mike Washington Jr.,3.35,28.6776
g__zmhX838U,Mike Washington Jr.,3.4,29.2561
g__zmhX838U,Mike Washington Jr.,3.45,29.8355
g__zmhX838U,Mike Washington Jr.,3.5,30.4159
g__zmhX838U,Mike Washington Jr.,3.55,30.9971
g__zmhX838U,Mike Washington Jr.,3.6,31.5791
g__zmhX838U,Mike Washington Jr.,3.65,32.1619
g__zmhX838U,Mike Washington Jr.,3.7,32.7455
g__zmhX838U,Mike Washington Jr.,3.75,33.3297
g__zmhX838U,Mike Washington Jr.,3.8,33.9147
g__zmhX838U,Mike Washington Jr.,3.85,34.5003
g__zmhX838U,Mike Washington Jr.,3.9,35.0865
g__zmhX838U,Mike Washington Jr.,3.95,35.6732
g__zmhX838U,Mike Washington Jr.,4.0,36.2605
g__zmhX838U,Mike Washington Jr.,4.05,36.8484
g__zmhX838U,Mike Washington Jr.,4.1,37.4367
g__zmhX838U,Mike Washington Jr.,4.15,38.0255
g__zmhX838U,Mike Washington Jr.,4.2,38.6148
g__zmhX838U,Mike Washington Jr.,4.25,39.2045
g__zmhX838U,Mike Washington Jr.,4.3,39.7946
g__zmhX838U,Eli Heidenreich,0.0,0.0
g__zmhX838U,Eli Heidenreich,0.05,0.0162
g__zmhX838U,Eli Heidenreich,0.1,0.0634
g__zmhX838U,Eli Heidenreich,0.15,0.1399
g__zmhX838U,Eli Heidenreich,0.2,0.244
g__zmhX838U,Eli Heidenreich,0.25,0.3739
g__zmhX838U,Eli Heidenreich,0.3,0.5282
g__zmhX838U,Eli Heidenreich,0.35,0.7055
g__zmhX838U,Eli Heidenreich,0.4,0.9044
g__zmhX838U,Eli Heidenreich,0.45,1.1236
g__zmhX838U,Eli Heidenreich,0.5,1.3619
g__zmhX838U,Eli Heidenreich,0.55,1.6183
g__zmhX838U,Eli Heidenreich,0.6,1.8916
g__zmhX838U,Eli Heidenreich,0.65,2.1809
g__zmhX838U,Eli Heidenreich,0.7,2.4852
g__zmhX838U,Eli Heidenreich,0.75,2.8036
g__zmhX838U,Eli Heidenreich,0.8,3.1353
g__zmhX838U,Eli Heidenreich,0.85,3.4795
g__zmhX838U,Eli Heidenreich,0.9,3.8355
g__zmhX838U,Eli Heidenreich,0.95,4.2026
g__zmhX838U,Eli Heidenreich,1.0,4.5802
g__zmhX838U,Eli Heidenreich,1.05,4.9676
g__zmhX838U,Eli Heidenreich,1.1,5.3642
g__zmhX838U,Eli Heidenreich,1.15,5.7695
g__zmhX838U,Eli Heidenreich,1.2,6.183
g__zmhX838U,Eli Heidenreich,1.25,6.6042
g__zmhX838U,Eli Heidenreich,1.3,7.0327
g__zmhX838U,Eli Heidenreich,1.35,7.468
g__zmhX838U,Eli Heidenreich,1.4,7.9097
g__zmhX838U,Eli Heidenreich,1.45,8.3575
g__zmhX838U,Eli Heidenreich,1.5,8.811
g__zmhX838U,Eli Heidenreich,1.55,9.2698
g__zmhX838U,Eli Heidenreich,1.6,9.7337
g__zmhX838U,Eli Heidenreich,1.65,10.2023
g__zmhX838U,Eli Heidenreich,1.7,10.6754
g__zmhX838U,Eli Heidenreich,1.75,11.1527
g__zmhX838U,Eli Heidenreich,1.8,11.6339
g__zmhX838U,Eli Heidenreich,1.85,12.1189
g__zmhX838U,Eli Heidenreich,1.9,12.6074
g__zmhX838U,Eli Heidenreich,1.95,13.0992
g__zmhX838U,Eli Heidenreich,2.0,13.594
g__zmhX838U,Eli Heidenreich,2.05,14.0919
g__zmhX838U,Eli Heidenreich,2.1,14.5924
g__zmhX838U,Eli Heidenreich,2.15,15.0956
g__zmhX838U,Eli Heidenreich,2.2,15.6012
g__zmhX838U,Eli Heidenreich,2.25,16.109
g__zmhX838U,Eli Heidenreich,2.3,16.6191
g__zmhX838U,Eli Heidenreich,2.35,17.1311
g__zmhX838U,Eli Heidenreich,2.4,17.6451
g__zmhX838U,Eli Heidenreich,2.45,18.1609
g__zmhX838U,Eli Heidenreich,2.5,18.6784
g__zmhX838U,Eli Heidenreich,2.55,19.1975
g__zmhX838U,Eli Heidenreich,2.6,19.718
g__zmhX838U,Eli Heidenreich,2.65,20.24
g__zmhX838U,Eli Heidenreich,2.7,20.7633
g__zmhX838U,Eli Heidenreich,2.75,21.2879
g__zmhX838U,Eli Heidenreich,2.8,21.8136
g__zmhX838U,Eli Heidenreich,2.85,22.3405
g__zmhX838U,Eli Heidenreich,2.9,22.8684
g__zmhX838U,Eli Heidenreich,2.95,23.3973
g__zmhX838U,Eli Heidenreich,3.0,23.927
g__zmhX838U,Eli Heidenreich,3.05,24.4577
g__zmhX838U,Eli Heidenreich,3.1,24.9892
g__zmhX838U,Eli Heidenreich,3.15,25.5215
g__zmhX838U,Eli Heidenreich,3.2,26.0544
g__zmhX838U,Eli Heidenreich,3.25,26.5881
g__zmhX838U,Eli Heidenreich,3.3,27.1224
g__zmhX838U,Eli Heidenreich,3.35,27.6573
g__zmhX838U,Eli Heidenreich,3.4,28.1928
g__zmhX838U,Eli Heidenreich,3.45,28.7288
g__zmhX838U,Eli Heidenreich,3.5,29.2653
g__zmhX838U,Eli Heidenreich,3.55,29.8023
g__zmhX838U,Eli Heidenreich,3.6,30.3398
g__zmhX838U,Eli Heidenreich,3.65,30.8776
g__zmhX838U,Eli Heidenreich,3.7,31.4159
g__zmhX838U,Eli Heidenreich,3.75,31.9545
g__zmhX838U,Eli Heidenreich,3.8,32.4935
g__zmhX838U,Eli Heidenreich,3.85,33.0328
g__zmhX838U,Eli Heidenreich,3.9,33.5724
g__zmhX838U,Eli Heidenreich,3.95,34.1123
g__zmhX838U,Eli Heidenreich,4.0,34.6525
g__zmhX838U,Eli Heidenreich,4.05,35.193
g__zmhX838U,Eli Heidenreich,4.1,35.7337
g__zmhX838U,Eli Heidenreich,4.15,36.2746
g__zmhX838U,Eli Heidenreich,4.2,36.8157
g__zmhX838U,Eli Heidenreich,4.25,37.3571
g__zmhX838U,Eli Heidenreich,4.3,37.8986
g__zmhX838U,Eli Heidenreich,4.35,38.4403
g__zmhX838U,Eli Heidenreich,4.4,38.9822
g__zmhX838U,Eli Heidenreich,4.45,39.5242
g__zmhX838U,Emmett Johnson,0.0,0.0
g__zmhX838U,Emmett Johnson,0.05,0.0144
g__zmhX838U,Emmett Johnson,0.1,0.0567
g__zmhX838U,Emmett Johnson,0.15,0.1253
g__zmhX838U,Emmett Johnson,0.2,0.219
g__zmhX838U,Emmett Johnson,0.25,0.3363
g__zmhX838U,Emmett Johnson,0.3,0.476
g__zmhX838U,Emmett Johnson,0.35,0.637
g__zmhX838U,Emmett Johnson,0.4,0.8181
g__zmhX838U,Emmett Johnson,0.45,1.0183
g__zmhX838U,Emmett Johnson,0.5,1.2365
g__zmhX838U,Emmett Johnson,0.55,1.4719
g__zmhX838U,Emmett Johnson,0.6,1.7234
g__zmhX838U,Emmett Johnson,0.65,1.9904
g__zmhX838U,Emmett Johnson,0.7,2.2718
g__zmhX838U,Emmett Johnson,0.75,2.5671
g__zmhX838U,Emmett Johnson,0.8,2.8754
g__zmhX838U,Emmett Johnson,0.85,3.1961
g__zmhX838U,Emmett Johnson,0.9,3.5285
g__zmhX838U,Emmett Johnson,0.95,3.872
g__zmhX838U,Emmett Johnson,1.0,4.226
g__zmhX838U,Emmett Johnson,1.05,4.59
g__zmhX838U,Emmett Johnson,1.1,4.9634
g__zmhX838U,Emmett Johnson,1.15,5.3458
g__zmhX838U,Emmett Johnson,1.2,5.7366
g__zmhX838U,Emmett Johnson,1.25,6.1355
g__zmhX838U,Emmett Johnson,1.3,6.542
g__zmhX838U,Emmett Johnson,1.35,6.9556
g__zmhX838U,Emmett Johnson,1.4,7.3761
g__zmhX838U,Emmett Johnson,1.45,7.8031
g__zmhX838U,Emmett Johnson,1.5,8.2362
g__zmhX838U,Emmett Johnson,1.55,8.675
g__zmhX838U,Emmett Johnson,1.6,9.1194
g__zmhX838U,Emmett Johnson,1.65,9.569
g__zmhX838U,Emmett Johnson,1.7,10.0235
g__zmhX838U,Emmett Johnson,1.75,10.4827
g__zmhX838U,Emmett Johnson,1.8,10.9464
g__zmhX838U,Emmett Johnson,1.85,11.4142
g__zmhX838U,Emmett Johnson,1.9,11.886
g__zmhX838U,Emmett Johnson,1.95,12.3615
g__zmhX838U,Emmett Johnson,2.0,12.8406
g__zmhX838U,Emmett Johnson,2.05,13.3231
g__zmhX838U,Emmett Johnson,2.1,13.8088
g__zmhX838U,Emmett Johnson,2.15,14.2976
g__zmhX838U,Emmett Johnson,2.2,14.7892
g__zmhX838U,Emmett Johnson,2.25,15.2835
g__zmhX838U,Emmett Johnson,2.3,15.7804
g__zmhX838U,Emmett Johnson,2.35,16.2797
g__zmhX838U,Emmett Johnson,2.4,16.7814
g__zmhX838U,Emmett Johnson,2.45,17.2852
g__zmhX838U,Emmett Johnson,2.5,17.7912
g__zmhX838U,Emmett Johnson,2.55,18.2991
g__zmhX838U,Emmett Johnson,2.6,18.8088
g__zmhX838U,Emmett Johnson,2.65,19.3203
g__zmhX838U,Emmett Johnson,2.7,19.8335
g__zmhX838U,Emmett Johnson,2.75,20.3483
g__zmhX838U,Emmett Johnson,2.8,20.8646
g__zmhX838U,Emmett Johnson,2.85,21.3823
g__zmhX838U,Emmett Johnson,2.9,21.9013
g__zmhX838U,Emmett Johnson,2.95,22.4217
g__zmhX838U,Emmett Johnson,3.0,22.9432
g__zmhX838U,Emmett Johnson,3.05,23.4659
g__zmhX838U,Emmett Johnson,3.1,23.9896
g__zmhX838U,Emmett Johnson,3.15,24.5144
g__zmhX838U,Emmett Johnson,3.2,25.0402
g__zmhX838U,Emmett Johnson,3.25,25.5669
g__zmhX838U,Emmett Johnson,3.3,26.0945
g__zmhX838U,Emmett Johnson,3.35,26.6228
g__zmhX838U,Emmett Johnson,3.4,27.152
g__zmhX838U,Emmett Johnson,3.45,27.6819
g__zmhX838U,Emmett Johnson,3.5,28.2126
g__zmhX838U,Emmett Johnson,3.55,28.7439
g__zmhX838U,Emmett Johnson,3.6,29.2758
g__zmhX838U,Emmett Johnson,3.65,29.8083
g__zmhX838U,Emmett Johnson,3.7,30.3414
g__zmhX838U,Emmett Johnson,3.75,30.875
g__zmhX838U,Emmett Johnson,3.8,31.4091
g__zmhX838U,Emmett Johnson,3.85,31.9437
g__zmhX838U,Emmett Johnson,3.9,32.4788
g__zmhX838U,Emmett Johnson,3.95,33.0143
g__zmhX838U,Emmett Johnson,4.0,33.5502
g__zmhX838U,Emmett Johnson,4.05,34.0865
g__zmhX838U,Emmett Johnson,4.1,34.6232
g__zmhX838U,Emmett Johnson,4.15,35.1602
g__zmhX838U,Emmett Johnson,4.2,35.6976
g__zmhX838U,Emmett Johnson,4.25,36.2352
g__zmhX838U,Emmett Johnson,4.3,36.7732
g__zmhX838U,Emmett Johnson,4.35,37.3114
g__zmhX838U,Emmett Johnson,4.4,37.8499
g__zmhX838U,Emmett Johnson,4.45,38.3887
g__zmhX838U,Emmett Johnson,4.5,38.9277
g__zmhX838U,Emmett Johnson,4.55,39.4669
g__zmhX838U,Emmett Johnson,4.6,40.0063
g__zmhX838U,Jam Miller,0.0,0.0
g__zmhX838U,Jam Miller,0.05,0.0144
g__zmhX838U,Jam Miller,0.1,0.0567
g__zmhX838U,Jam Miller,0.15,0.1254
g__zmhX838U,Jam Miller,0.2,0.2194
g__zmhX838U,Jam Miller,0.25,0.3373
g__zmhX838U,Jam Miller,0.3,0.478
g__zmhX838U,Jam Miller,0.35,0.6403
g__zmhX838U,Jam Miller,0.4,0.8233
g__zmhX838U,Jam Miller,0.45,1.0259
g__zmhX838U,Jam Miller,0.5,1.2472
g__zmhX838U,Jam Miller,0.55,1.4862
g__zmhX838U,Jam Miller,0.6,1.742
g__zmhX838U,Jam Miller,0.65,2.0139
g__zmhX838U,Jam Miller,0.7,2.301
g__zmhX838U,Jam Miller,0.75,2.6027
g__zmhX838U,Jam Miller,0.8,2.9181
g__zmhX838U,Jam Miller,0.85,3.2467
g__zmhX838U,Jam Miller,0.9,3.5878
g__zmhX838U,Jam Miller,0.95,3.9407
g__zmhX838U,Jam Miller,1.0,4.3049
g__zmhX838U,Jam Miller,1.05,4.6799
g__zmhX838U,Jam Miller,1.1,5.0651
g__zmhX838U,Jam Miller,1.15,5.4599
g__zmhX838U,Jam Miller,1.2,5.8641
g__zmhX838U,Jam Miller,1.25,6.277
g__zmhX838U,Jam Miller,1.3,6.6982
g__zmhX838U,Jam Miller,1.35,7.1274
g__zmhX838U,Jam Miller,1.4,7.5642
g__zmhX838U,Jam Miller,1.45,8.0081
g__zmhX838U,Jam Miller,1.5,8.4589
g__zmhX838U,Jam Miller,1.55,8.9162
g__zmhX838U,Jam Miller,1.6,9.3797
g__zmhX838U,Jam Miller,1.65,9.849
g__zmhX838U,Jam Miller,1.7,10.324
g__zmhX838U,Jam Miller,1.75,10.8042
g__zmhX838U,Jam Miller,1.8,11.2896
g__zmhX838U,Jam Miller,1.85,11.7797
g__zmhX838U,Jam Miller,1.9,12.2744
g__zmhX838U,Jam Miller,1.95,12.7735
g__zmhX838U,Jam Miller,2.0,13.2767
g__zmhX838U,Jam Miller,2.05,13.7838
g__zmhX838U,Jam Miller,2.1,14.2947
g__zmhX838U,Jam Miller,2.15,14.8091
g__zmhX838U,Jam Miller,2.2,15.327
g__zmhX838U,Jam Miller,2.25,15.848
g__zmhX838U,Jam Miller,2.3,16.3721
g__zmhX838U,Jam Miller,2.35,16.8991
g__zmhX838U,Jam Miller,2.4,17.4289
g__zmhX838U,Jam Miller,2.45,17.9614
g__zmhX838U,Jam Miller,2.5,18.4963
g__zmhX838U,Jam Miller,2.55,19.0336
g__zmhX838U,Jam Miller,2.6,19.5732
g__zmhX838U,Jam Miller,2.65,20.1149
g__zmhX838U,Jam Miller,2.7,20.6587
g__zmhX838U,Jam Miller,2.75,21.2045
g__zmhX838U,Jam Miller,2.8,21.7521
g__zmhX838U,Jam Miller,2.85,22.3014
g__zmhX838U,Jam Miller,2.9,22.8525
g__zmhX838U,Jam Miller,2.95,23.4051
g__zmhX838U,Jam Miller,3.0,23.9593
g__zmhX838U,Jam Miller,3.05,24.5148
g__zmhX838U,Jam Miller,3.1,25.0718
g__zmhX838U,Jam Miller,3.15,25.6301
g__zmhX838U,Jam Miller,3.2,26.1896
g__zmhX838U,Jam Miller,3.25,26.7503
g__zmhX838U,Jam Miller,3.3,27.3121
g__zmhX838U,Jam Miller,3.35,27.875
g__zmhX838U,Jam Miller,3.4,28.4389
g__zmhX838U,Jam Miller,3.45,29.0038
g__zmhX838U,Jam Miller,3.5,29.5695
g__zmhX838U,Jam Miller,3.55,30.1362
g__zmhX838U,Jam Miller,3.6,30.7037
g__zmhX838U,Jam Miller,3.65,31.272
g__zmhX838U,Jam Miller,3.7,31.841
g__zmhX838U,Jam Miller,3.75,32.4107
g__zmhX838U,Jam Miller,3.8,32.9812
g__zmhX838U,Jam Miller,3.85,33.5522
g__zmhX838U,Jam Miller,3.9,34.1239
g__zmhX838U,Jam Miller,3.95,34.6962
g__zmhX838U,Jam Miller,4.0,35.269
g__zmhX838U,Jam Miller,4.05,35.8424
g__zmhX838U,Jam Miller,4.1,36.4162
g__zmhX838U,Jam Miller,4.15,36.9906
g__zmhX838U,Jam Miller,4.2,37.5654
g__zmhX838U,Jam Miller,4.25,38.1406
g__zmhX838U,Jam Miller,4.3,38.7162
g__zmhX838U,Jam Miller,4.35,39.2923
g__zmhX838U,Jam Miller,4.4,39.8687
g__zmhX838U,Adam Randall,0.0,0.0
g__zmhX838U,Adam Randall,0.05,0.0135
g__zmhX838U,Adam Randall,0.1,0.0532
g__zmhX838U,Adam Randall,0.15,0.1179
g__zmhX838U,Adam Randall,0.2,0.2063
g__zmhX838U,Adam Randall,0.25,0.3174
g__zmhX838U,Adam Randall,0.3,0.4502
g__zmhX838U,Adam Randall,0.35,0.6036
g__zmhX838U,Adam Randall,0.4,0.7767
g__zmhX838U,Adam Randall,0.45,0.9685
g__zmhX838U,Adam Randall,0.5,1.1782
g__zmhX838U,Adam Randall,0.55,1.4049
g__zmhX838U,Adam Randall,0.6,1.6478
g__zmhX838U,Adam Randall,0.65,1.9063
g__zmhX838U,Adam Randall,0.7,2.1795
g__zmhX838U,Adam Randall,0.75,2.4668
g__zmhX838U,Adam Randall,0.8,2.7676
g__zmhX838U,Adam Randall,0.85,3.0811
g__zmhX838U,Adam Randall,0.9,3.4068
g__zmhX838U,Adam Randall,0.95,3.7442
g__zmhX838U,Adam Randall,1.0,4.0926
g__zmhX838U,Adam Randall,1.05,4.4517
g__zmhX838U,Adam Randall,1.1,4.8208
g__zmhX838U,Adam Randall,1.15,5.1995
g__zmhX838U,Adam Randall,1.2,5.5874
g__zmhX838U,Adam Randall,1.25,5.984
g__zmhX838U,Adam Randall,1.3,6.389
g__zmhX838U,Adam Randall,1.35,6.8019
g__zmhX838U,Adam Randall,1.4,7.2223
g__zmhX838U,Adam Randall,1.45,7.65
g__zmhX838U,Adam Randall,1.5,8.0846
g__zmhX838U,Adam Randall,1.55,8.5257
g__zmhX838U,Adam Randall,1.6,8.9731
g__zmhX838U,Adam Randall,1.65,9.4265
g__zmhX838U,Adam Randall,1.7,9.8855
g__zmhX838U,Adam Randall,1.75,10.35
g__zmhX838U,Adam Randall,1.8,10.8196
g__zmhX838U,Adam Randall,1.85,11.2942
g__zmhX838U,Adam Randall,1.9,11.7735
g__zmhX838U,Adam Randall,1.95,12.2572
g__zmhX838U,Adam Randall,2.0,12.7452
g__zmhX838U,Adam Randall,2.05,13.2373
g__zmhX838U,Adam Randall,2.1,13.7333
g__zmhX838U,Adam Randall,2.15,14.233
g__zmhX838U,Adam Randall,2.2,14.7362
g__zmhX838U,Adam Randall,2.25,15.2427
g__zmhX838U,Adam Randall,2.3,15.7525
g__zmhX838U,Adam Randall,2.35,16.2654
g__zmhX838U,Adam Randall,2.4,16.7811
g__zmhX838U,Adam Randall,2.45,17.2996
g__zmhX838U,Adam Randall,2.5,17.8208
g__zmhX838U,Adam Randall,2.55,18.3445
g__zmhX838U,Adam Randall,2.6,18.8706
g__zmhX838U,Adam Randall,2.65,19.3991
g__zmhX838U,Adam Randall,2.7,19.9297
g__zmhX838U,Adam Randall,2.75,20.4624
g__zmhX838U,Adam Randall,2.8,20.997
g__zmhX838U,Adam Randall,2.85,21.5336
g__zmhX838U,Adam Randall,2.9,22.072
g__zmhX838U,Adam Randall,2.95,22.6121
g__zmhX838U,Adam Randall,3.0,23.1539
g__zmhX838U,Adam Randall,3.05,23.6972
g__zmhX838U,Adam Randall,3.1,24.242
g__zmhX838U,Adam Randall,3.15,24.7883
g__zmhX838U,Adam Randall,3.2,25.3359
g__zmhX838U,Adam Randall,3.25,25.8848
g__zmhX838U,Adam Randall,3.3,26.435
g__zmhX838U,Adam Randall,3.35,26.9863
g__zmhX838U,Adam Randall,3.4,27.5387
g__zmhX838U,Adam Randall,3.45,28.0922
g__zmhX838U,Adam Randall,3.5,28.6468
g__zmhX838U,Adam Randall,3.55,29.2023
g__zmhX838U,Adam Randall,3.6,29.7587
g__zmhX838U,Adam Randall,3.65,30.316
g__zmhX838U,Adam Randall,3.7,30.8742
g__zmhX838U,Adam Randall,3.75,31.4332
g__zmhX838U,Adam Randall,3.8,31.9929
g__zmhX838U,Adam Randall,3.85,32.5534
g__zmhX838U,Adam Randall,3.9,33.1145
g__zmhX838U,Adam Randall,3.95,33.6763
g__zmhX838U,Adam Randall,4.0,34.2388
g__zmhX838U,Adam Randall,4.05,34.8019
g__zmhX838U,Adam Randall,4.1,35.3655
g__zmhX838U,Adam Randall,4.15,35.9297
g__zmhX838U,Adam Randall,4.2,36.4944
g__zmhX838U,Adam Randall,4.25,37.0596
g__zmhX838U,Adam Randall,4.3,37.6253
g__zmhX838U,Adam Randall,4.35,38.1914
g__zmhX838U,Adam Randall,4.4,38.758
g__zmhX838U,Adam Randall,4.45,39.325
g__zmhX838U,Adam Randall,4.5,39.8924
olzS7RidilY,Kaleb Elarms-Orr,0.0,0.0
olzS7RidilY,Kaleb Elarms-Orr,0.05,0.012
olzS7RidilY,Kaleb Elarms-Orr,0.1,0.0473
olzS7RidilY,Kaleb Elarms-Orr,0.15,0.105
olzS7RidilY,Kaleb Elarms-Orr,0.2,0.1843
olzS7RidilY,Kaleb Elarms-Orr,0.25,0.2844
olzS7RidilY,Kaleb Elarms-Orr,0.3,0.4043
olzS7RidilY,Kaleb Elarms-Orr,0.35,0.5434
olzS7RidilY,Kaleb Elarms-Orr,0.4,0.701
olzS7RidilY,Kaleb Elarms-Orr,0.45,0.8762
olzS7RidilY,Kaleb Elarms-Orr,0.5,1.0685
olzS7RidilY,Kaleb Elarms-Orr,0.55,1.2772
olzS7RidilY,Kaleb Elarms-Orr,0.6,1.5016
olzS7RidilY,Kaleb Elarms-Orr,0.65,1.7411
olzS7RidilY,Kaleb Elarms-Orr,0.7,1.9952
olzS7RidilY,Kaleb Elarms-Orr,0.75,2.2632
olzS7RidilY,Kaleb Elarms-Orr,0.8,2.5447
olzS7RidilY,Kaleb Elarms-Orr,0.85,2.8391
olzS7RidilY,Kaleb Elarms-Orr,0.9,3.146
olzS7RidilY,Kaleb Elarms-Orr,0.95,3.4648
olzS7RidilY,Kaleb Elarms-Orr,1.0,3.795
olzS7RidilY,Kaleb Elarms-Orr,1.05,4.1364
olzS7RidilY,Kaleb Elarms-Orr,1.1,4.4883
olzS7RidilY,Kaleb Elarms-Orr,1.15,4.8504
olzS7RidilY,Kaleb Elarms-Orr,1.2,5.2224
olzS7RidilY,Kaleb Elarms-Orr,1.25,5.6038
olzS7RidilY,Kaleb Elarms-Orr,1.3,5.9942
olzS7RidilY,Kaleb Elarms-Orr,1.35,6.3934
olzS7RidilY,Kaleb Elarms-Orr,1.4,6.8009
olzS7RidilY,Kaleb Elarms-Orr,1.45,7.2165
olzS7RidilY,Kaleb Elarms-Orr,1.5,7.6399
olzS7RidilY,Kaleb Elarms-Orr,1.55,8.0707
olzS7RidilY,Kaleb Elarms-Orr,1.6,8.5087
olzS7RidilY,Kaleb Elarms-Orr,1.65,8.9535
olzS7RidilY,Kaleb Elarms-Orr,1.7,9.405
olzS7RidilY,Kaleb Elarms-Orr,1.75,9.8628
olzS7RidilY,Kaleb Elarms-Orr,1.8,10.3268
olzS7RidilY,Kaleb Elarms-Orr,1.85,10.7966
olzS7RidilY,Kaleb Elarms-Orr,1.9,11.2721
olzS7RidilY,Kaleb Elarms-Orr,1.95,11.753
olzS7RidilY,Kaleb Elarms-Orr,2.0,12.2391
olzS7RidilY,Kaleb Elarms-Orr,2.05,12.7303
olzS7RidilY,Kaleb Elarms-Orr,2.1,13.2263
olzS7RidilY,Kaleb Elarms-Orr,2.15,13.7269
olzS7RidilY,Kaleb Elarms-Orr,2.2,14.232
olzS7RidilY,Kaleb Elarms-Orr,2.25,14.7414
olzS7RidilY,Kaleb Elarms-Orr,2.3,15.2549
olzS7RidilY,Kaleb Elarms-Orr,2.35,15.7724
olzS7RidilY,Kaleb Elarms-Orr,2.4,16.2937
olzS7RidilY,Kaleb Elarms-Orr,2.45,16.8187
olzS7RidilY,Kaleb Elarms-Orr,2.5,17.3471
olzS7RidilY,Kaleb Elarms-Orr,2.55,17.879
olzS7RidilY,Kaleb Elarms-Orr,2.6,18.4142
olzS7RidilY,Kaleb Elarms-Orr,2.65,18.9524
olzS7RidilY,Kaleb Elarms-Orr,2.7,19.4937
olzS7RidilY,Kaleb Elarms-Orr,2.75,20.0379
olzS7RidilY,Kaleb Elarms-Orr,2.8,20.5848
olzS7RidilY,Kaleb Elarms-Orr,2.85,21.1345
olzS7RidilY,Kaleb Elarms-Orr,2.9,21.6867
olzS7RidilY,Kaleb Elarms-Orr,2.95,22.2413
olzS7RidilY,Kaleb Elarms-Orr,3.0,22.7984
olzS7RidilY,Kaleb Elarms-Orr,3.05,23.3577
olzS7RidilY,Kaleb Elarms-Orr,3.1,23.9193
olzS7RidilY,Kaleb Elarms-Orr,3.15,24.4829
olzS7RidilY,Kaleb Elarms-Orr,3.2,25.0486
olzS7RidilY,Kaleb Elarms-Orr,3.25,25.6162
olzS7RidilY,Kaleb Elarms-Orr,3.3,26.1857
olzS7RidilY,Kaleb Elarms-Orr,3.35,26.757
olzS7RidilY,Kaleb Elarms-Orr,3.4,27.3301
olzS7RidilY,Kaleb Elarms-Orr,3.45,27.9048
olzS7RidilY,Kaleb Elarms-Orr,3.5,28.4811
olzS7RidilY,Kaleb Elarms-Orr,3.55,29.059
olzS7RidilY,Kaleb Elarms-Orr,3.6,29.6383
olzS7RidilY,Kaleb Elarms-Orr,3.65,30.2191
olzS7RidilY,Kaleb Elarms-Orr,3.7,30.8013
olzS7RidilY,Kaleb Elarms-Orr,3.75,31.3847
olzS7RidilY,Kaleb Elarms-Orr,3.8,31.9694
olzS7RidilY,Kaleb Elarms-Orr,3.85,32.5554
olzS7RidilY,Kaleb Elarms-Orr,3.9,33.1425
olzS7RidilY,Kaleb Elarms-Orr,3.95,33.7307
olzS7RidilY,Kaleb Elarms-Orr,4.0,34.32
olzS7RidilY,Kaleb Elarms-Orr,4.05,34.9104
olzS7RidilY,Kaleb Elarms-Orr,4.1,35.5018
olzS7RidilY,Kaleb Elarms-Orr,4.15,36.0941
olzS7RidilY,Kaleb Elarms-Orr,4.2,36.6873
olzS7RidilY,Kaleb Elarms-Orr,4.25,37.2814
olzS7RidilY,Kaleb Elarms-Orr,4.3,37.8764
olzS7RidilY,Kaleb Elarms-Orr,4.35,38.4722
olzS7RidilY,Kaleb Elarms-Orr,4.4,39.0688
olzS7RidilY,Kaleb Elarms-Orr,4.45,39.6662
olzS7RidilY,James Rolder,0.0,0.0
olzS7RidilY,James Rolder,0.05,0.0121
olzS7RidilY,James Rolder,0.1,0.0479
olzS7RidilY,James Rolder,0.15,0.1063
olzS7RidilY,James Rolder,0.2,0.1863
olzS7RidilY,James Rolder,0.25,0.2871
olzS7RidilY,James Rolder,0.3,0.4078
olzS7RidilY,James Rolder,0.35,0.5476
olzS7RidilY,James Rolder,0.4,0.7056
olzS7RidilY,James Rolder,0.45,0.8811
olzS7RidilY,James Rolder,0.5,1.0734
olzS7RidilY,James Rolder,0.55,1.2817
olzS7RidilY,James Rolder,0.6,1.5055
olzS7RidilY,James Rolder,0.65,1.744
olzS7RidilY,James Rolder,0.7,1.9966
olzS7RidilY,James Rolder,0.75,2.2628
olzS7RidilY,James Rolder,0.8,2.5419
olzS7RidilY,James Rolder,0.85,2.8334
olzS7RidilY,James Rolder,0.9,3.1369
olzS7RidilY,James Rolder,0.95,3.4518
olzS7RidilY,James Rolder,1.0,3.7776
olzS7RidilY,James Rolder,1.05,4.1139
olzS7RidilY,James Rolder,1.1,4.4602
olzS7RidilY,James Rolder,1.15,4.8161
olzS7RidilY,James Rolder,1.2,5.1813
olzS7RidilY,James Rolder,1.25,5.5552
olzS7RidilY,James Rolder,1.3,5.9377
olzS7RidilY,James Rolder,1.35,6.3282
olzS7RidilY,James Rolder,1.4,6.7265
olzS7RidilY,James Rolder,1.45,7.1322
olzS7RidilY,James Rolder,1.5,7.5451
olzS7RidilY,James Rolder,1.55,7.9647
olzS7RidilY,James Rolder,1.6,8.391
olzS7RidilY,James Rolder,1.65,8.8235
olzS7RidilY,James Rolder,1.7,9.262
olzS7RidilY,James Rolder,1.75,9.7062
olzS7RidilY,James Rolder,1.8,10.156
olzS7RidilY,James Rolder,1.85,10.6111
olzS7RidilY,James Rolder,1.9,11.0712
olzS7RidilY,James Rolder,1.95,11.5362
olzS7RidilY,James Rolder,2.0,12.0058
olzS7RidilY,James Rolder,2.05,12.4798
olzS7RidilY,James Rolder,2.1,12.9582
olzS7RidilY,James Rolder,2.15,13.4406
olzS7RidilY,James Rolder,2.2,13.9269
olzS7RidilY,James Rolder,2.25,14.417
olzS7RidilY,James Rolder,2.3,14.9107
olzS7RidilY,James Rolder,2.35,15.4078
olzS7RidilY,James Rolder,2.4,15.9083
olzS7RidilY,James Rolder,2.45,16.4119
olzS7RidilY,James Rolder,2.5,16.9185
olzS7RidilY,James Rolder,2.55,17.428
olzS7RidilY,James Rolder,2.6,17.9403
olzS7RidilY,James Rolder,2.65,18.4553
olzS7RidilY,James Rolder,2.7,18.9728
olzS7RidilY,James Rolder,2.75,19.4928
olzS7RidilY,James Rolder,2.8,20.0151
olzS7RidilY,James Rolder,2.85,20.5397
olzS7RidilY,James Rolder,2.9,21.0664
olzS7RidilY,James Rolder,2.95,21.5951
olzS7RidilY,James Rolder,3.0,22.1259
olzS7RidilY,James Rolder,3.05,22.6585
olzS7RidilY,James Rolder,3.1,23.193
olzS7RidilY,James Rolder,3.15,23.7292
olzS7RidilY,James Rolder,3.2,24.267
olzS7RidilY,James Rolder,3.25,24.8065
olzS7RidilY,James Rolder,3.3,25.3475
olzS7RidilY,James Rolder,3.35,25.8899
olzS7RidilY,James Rolder,3.4,26.4338
olzS7RidilY,James Rolder,3.45,26.979
olzS7RidilY,James Rolder,3.5,27.5254
olzS7RidilY,James Rolder,3.55,28.0732
olzS7RidilY,James Rolder,3.6,28.6221
olzS7RidilY,James Rolder,3.65,29.1721
olzS7RidilY,James Rolder,3.7,29.7232
olzS7RidilY,James Rolder,3.75,30.2754
olzS7RidilY,James Rolder,3.8,30.8285
olzS7RidilY,James Rolder,3.85,31.3826
olzS7RidilY,James Rolder,3.9,31.9376
olzS7RidilY,James Rolder,3.95,32.4935
olzS7RidilY,James Rolder,4.0,33.0503
olzS7RidilY,James Rolder,4.05,33.6078
olzS7RidilY,James Rolder,4.1,34.1661
olzS7RidilY,James Rolder,4.15,34.7252
olzS7RidilY,James Rolder,4.2,35.2849
olzS7RidilY,James Rolder,4.25,35.8454
olzS7RidilY,James Rolder,4.3,36.4065
olzS7RidilY,James Rolder,4.35,36.9682
olzS7RidilY,James Rolder,4.4,37.5305
olzS7RidilY,James Rolder,4.45,38.0934
olzS7RidilY,James Rolder,4.5,38.6568
olzS7RidilY,James Rolder,4.55,39.2207
olzS7RidilY,James Rolder,4.6,39.7852
olzS7RidilY,Anthony Hill,0.0,0.0
olzS7RidilY,Anthony Hill,0.05,0.0127
olzS7RidilY,Anthony Hill,0.1,0.05
olzS7RidilY,Anthony Hill,0.15,0.1108
olzS7RidilY,Anthony Hill,0.2,0.1941
olzS7RidilY,Anthony Hill,0.25,0.299
olzS7RidilY,Anthony Hill,0.3,0.4244
olzS7RidilY,Anthony Hill,0.35,0.5695
olzS7RidilY,Anthony Hill,0.4,0.7334
olzS7RidilY,Anthony Hill,0.45,0.9152
olzS7RidilY,Anthony Hill,0.5,1.1142
olzS7RidilY,Anthony Hill,0.55,1.3297
olzS7RidilY,Anthony Hill,0.6,1.5609
olzS7RidilY,Anthony Hill,0.65,1.8071
olzS7RidilY,Anthony Hill,0.7,2.0676
olzS7RidilY,Anthony Hill,0.75,2.3419
olzS7RidilY,Anthony Hill,0.8,2.6293
olzS7RidilY,Anthony Hill,0.85,2.9293
olzS7RidilY,Anthony Hill,0.9,3.2412
olzS7RidilY,Anthony Hill,0.95,3.5647
olzS7RidilY,Anthony Hill,1.0,3.899
olzS7RidilY,Anthony Hill,1.05,4.2439
olzS7RidilY,Anthony Hill,1.1,4.5988
olzS7RidilY,Anthony Hill,1.15,4.9633
olzS7RidilY,Anthony Hill,1.2,5.3369
olzS7RidilY,Anthony Hill,1.25,5.7193
olzS7RidilY,Anthony Hill,1.3,6.1101
olzS7RidilY,Anthony Hill,1.35,6.5089
olzS7RidilY,Anthony Hill,1.4,6.9153
olzS7RidilY,Anthony Hill,1.45,7.3291
olzS7RidilY,Anthony Hill,1.5,7.7499
olzS7RidilY,Anthony Hill,1.55,8.1773
olzS7RidilY,Anthony Hill,1.6,8.6112
olzS7RidilY,Anthony Hill,1.65,9.0511
olzS7RidilY,Anthony Hill,1.7,9.4969
olzS7RidilY,Anthony Hill,1.75,9.9483
olzS7RidilY,Anthony Hill,1.8,10.4051
olzS7RidilY,Anthony Hill,1.85,10.8669
olzS7RidilY,Anthony Hill,1.9,11.3337
olzS7RidilY,Anthony Hill,1.95,11.8051
olzS7RidilY,Anthony Hill,2.0,12.281
olzS7RidilY,Anthony Hill,2.05,12.7611
olzS7RidilY,Anthony Hill,2.1,13.2453
olzS7RidilY,Anthony Hill,2.15,13.7335
olzS7RidilY,Anthony Hill,2.2,14.2253
olzS7RidilY,Anthony Hill,2.25,14.7207
olzS7RidilY,Anthony Hill,2.3,15.2196
olzS7RidilY,Anthony Hill,2.35,15.7217
olzS7RidilY,Anthony Hill,2.4,16.2269
olzS7RidilY,Anthony Hill,2.45,16.7351
olzS7RidilY,Anthony Hill,2.5,17.2461
olzS7RidilY,Anthony Hill,2.55,17.7599
olzS7RidilY,Anthony Hill,2.6,18.2763
olzS7RidilY,Anthony Hill,2.65,18.7952
olzS7RidilY,Anthony Hill,2.7,19.3164
olzS7RidilY,Anthony Hill,2.75,19.8399
olzS7RidilY,Anthony Hill,2.8,20.3656
olzS7RidilY,Anthony Hill,2.85,20.8934
olzS7RidilY,Anthony Hill,2.9,21.4232
olzS7RidilY,Anthony Hill,2.95,21.9548
olzS7RidilY,Anthony Hill,3.0,22.4883
olzS7RidilY,Anthony Hill,3.05,23.0236
olzS7RidilY,Anthony Hill,3.1,23.5605
olzS7RidilY,Anthony Hill,3.15,24.0989
olzS7RidilY,Anthony Hill,3.2,24.6389
olzS7RidilY,Anthony Hill,3.25,25.1804
olzS7RidilY,Anthony Hill,3.3,25.7232
olzS7RidilY,Anthony Hill,3.35,26.2674
olzS7RidilY,Anthony Hill,3.4,26.8128
olzS7RidilY,Anthony Hill,3.45,27.3595
olzS7RidilY,Anthony Hill,3.5,27.9073
olzS7RidilY,Anthony Hill,3.55,28.4562
olzS7RidilY,Anthony Hill,3.6,29.0062
olzS7RidilY,Anthony Hill,3.65,29.5572
olzS7RidilY,Anthony Hill,3.7,30.1092
olzS7RidilY,Anthony Hill,3.75,30.6621
olzS7RidilY,Anthony Hill,3.8,31.2158
olzS7RidilY,Anthony Hill,3.85,31.7705
olzS7RidilY,Anthony Hill,3.9,32.3259
olzS7RidilY,Anthony Hill,3.95,32.8821
olzS7RidilY,Anthony Hill,4.0,33.4391
olzS7RidilY,Anthony Hill,4.05,33.9967
olzS7RidilY,Anthony Hill,4.1,34.5551
olzS7RidilY,Anthony Hill,4.15,35.1141
olzS7RidilY,Anthony Hill,4.2,35.6737
olzS7RidilY,Anthony Hill,4.25,36.2339
olzS7RidilY,Anthony Hill,4.3,36.7946
olzS7RidilY,Anthony Hill,4.35,37.3559
olzS7RidilY,Anthony Hill,4.4,37.9177
olzS7RidilY,Anthony Hill,4.45,38.48
olzS7RidilY,Anthony Hill,4.5,39.0428
olzS7RidilY,Anthony Hill,4.55,39.6061
olzS7RidilY,Jack Kelly,0.0,0.0
olzS7RidilY,Jack Kelly,0.05,0.0156
olzS7RidilY,Jack Kelly,0.1,0.0611
olzS7RidilY,Jack Kelly,0.15,0.1348
olzS7RidilY,Jack Kelly,0.2,0.2351
olzS7RidilY,Jack Kelly,0.25,0.3603
olzS7RidilY,Jack Kelly,0.3,0.5092
olzS7RidilY,Jack Kelly,0.35,0.6802
olzS7RidilY,Jack Kelly,0.4,0.8721
olzS7RidilY,Jack Kelly,0.45,1.0837
olzS7RidilY,Jack Kelly,0.5,1.3139
olzS7RidilY,Jack Kelly,0.55,1.5615
olzS7RidilY,Jack Kelly,0.6,1.8255
olzS7RidilY,Jack Kelly,0.65,2.1051
olzS7RidilY,Jack Kelly,0.7,2.3992
olzS7RidilY,Jack Kelly,0.75,2.707
olzS7RidilY,Jack Kelly,0.8,3.0279
olzS7RidilY,Jack Kelly,0.85,3.3608
olzS7RidilY,Jack Kelly,0.9,3.7053
olzS7RidilY,Jack Kelly,0.95,4.0606
olzS7RidilY,Jack Kelly,1.0,4.4261
olzS7RidilY,Jack Kelly,1.05,4.8012
olzS7RidilY,Jack Kelly,1.1,5.1853
olzS7RidilY,Jack Kelly,1.15,5.5779
olzS7RidilY,Jack Kelly,1.2,5.9785
olzS7RidilY,Jack Kelly,1.25,6.3867
olzS7RidilY,Jack Kelly,1.3,6.8019
olzS7RidilY,Jack Kelly,1.35,7.2239
olzS7RidilY,Jack Kelly,1.4,7.6522
olzS7RidilY,Jack Kelly,1.45,8.0864
olzS7RidilY,Jack Kelly,1.5,8.5262
olzS7RidilY,Jack Kelly,1.55,8.9713
olzS7RidilY,Jack Kelly,1.6,9.4214
olzS7RidilY,Jack Kelly,1.65,9.8761
olzS7RidilY,Jack Kelly,1.7,10.3352
olzS7RidilY,Jack Kelly,1.75,10.7985
olzS7RidilY,Jack Kelly,1.8,11.2657
olzS7RidilY,Jack Kelly,1.85,11.7365
olzS7RidilY,Jack Kelly,1.9,12.2108
olzS7RidilY,Jack Kelly,1.95,12.6884
olzS7RidilY,Jack Kelly,2.0,13.1691
olzS7RidilY,Jack Kelly,2.05,13.6526
olzS7RidilY,Jack Kelly,2.1,14.1389
olzS7RidilY,Jack Kelly,2.15,14.6278
olzS7RidilY,Jack Kelly,2.2,15.119
olzS7RidilY,Jack Kelly,2.25,15.6126
olzS7RidilY,Jack Kelly,2.3,16.1083
olzS7RidilY,Jack Kelly,2.35,16.606
olzS7RidilY,Jack Kelly,2.4,17.1056
olzS7RidilY,Jack Kelly,2.45,17.607
olzS7RidilY,Jack Kelly,2.5,18.1101
olzS7RidilY,Jack Kelly,2.55,18.6147
olzS7RidilY,Jack Kelly,2.6,19.1209
olzS7RidilY,Jack Kelly,2.65,19.6285
olzS7RidilY,Jack Kelly,2.7,20.1374
olzS7RidilY,Jack Kelly,2.75,20.6476
olzS7RidilY,Jack Kelly,2.8,21.159
olzS7RidilY,Jack Kelly,2.85,21.6714
olzS7RidilY,Jack Kelly,2.9,22.1849
olzS7RidilY,Jack Kelly,2.95,22.6994
olzS7RidilY,Jack Kelly,3.0,23.2148
olzS7RidilY,Jack Kelly,3.05,23.7311
olzS7RidilY,Jack Kelly,3.1,24.2482
olzS7RidilY,Jack Kelly,3.15,24.7661
olzS7RidilY,Jack Kelly,3.2,25.2847
olzS7RidilY,Jack Kelly,3.25,25.804
olzS7RidilY,Jack Kelly,3.3,26.324
olzS7RidilY,Jack Kelly,3.35,26.8445
olzS7RidilY,Jack Kelly,3.4,27.3657
olzS7RidilY,Jack Kelly,3.45,27.8874
olzS7RidilY,Jack Kelly,3.5,28.4095
olzS7RidilY,Jack Kelly,3.55,28.9322
olzS7RidilY,Jack Kelly,3.6,29.4553
olzS7RidilY,Jack Kelly,3.65,29.9789
olzS7RidilY,Jack Kelly,3.7,30.5028
olzS7RidilY,Jack Kelly,3.75,31.0271
olzS7RidilY,Jack Kelly,3.8,31.5518
olzS7RidilY,Jack Kelly,3.85,32.0768
olzS7RidilY,Jack Kelly,3.9,32.6022
olzS7RidilY,Jack Kelly,3.95,33.1278
olzS7RidilY,Jack Kelly,4.0,33.6537
olzS7RidilY,Jack Kelly,4.05,34.1799
olzS7RidilY,Jack Kelly,4.1,34.7063
olzS7RidilY,Jack Kelly,4.15,35.2329
olzS7RidilY,Jack Kelly,4.2,35.7598
olzS7RidilY,Jack Kelly,4.25,36.2869
olzS7RidilY,Jack Kelly,4.3,36.8141
olzS7RidilY,Jack Kelly,4.35,37.3416
olzS7RidilY,Jack Kelly,4.4,37.8692
olzS7RidilY,Jack Kelly,4.45,38.397
olzS7RidilY,Jack Kelly,4.5,38.925
olzS7RidilY,Jack Kelly,4.55,39.4531
olzS7RidilY,Jack Kelly,4.6,39.9813
olzS7RidilY,Kyle Louis,0.0,0.0
olzS7RidilY,Kyle Louis,0.05,0.0125
olzS7RidilY,Kyle Louis,0.1,0.0493
olzS7RidilY,Kyle Louis,0.15,0.1093
olzS7RidilY,Kyle Louis,0.2,0.1915
olzS7RidilY,Kyle Louis,0.25,0.295
olzS7RidilY,Kyle Louis,0.3,0.4189
olzS7RidilY,Kyle Louis,0.35,0.5623
olzS7RidilY,Kyle Louis,0.4,0.7243
olzS7RidilY,Kyle Louis,0.45,0.9042
olzS7RidilY,Kyle Louis,0.5,1.1012
olzS7RidilY,Kyle Louis,0.55,1.3145
olzS7RidilY,Kyle Louis,0.6,1.5435
olzS7RidilY,Kyle Louis,0.65,1.7875
olzS7RidilY,Kyle Louis,0.7,2.0458
olzS7RidilY,Kyle Louis,0.75,2.3178
olzS7RidilY,Kyle Louis,0.8,2.603
olzS7RidilY,Kyle Louis,0.85,2.9008
olzS7RidilY,Kyle Louis,0.9,3.2106
olzS7RidilY,Kyle Louis,0.95,3.5319
olzS7RidilY,Kyle Louis,1.0,3.8642
olzS7RidilY,Kyle Louis,1.05,4.2071
olzS7RidilY,Kyle Louis,1.1,4.5601
olzS7RidilY,Kyle Louis,1.15,4.9227
olzS7RidilY,Kyle Louis,1.2,5.2946
olzS7RidilY,Kyle Louis,1.25,5.6754
olzS7RidilY,Kyle Louis,1.3,6.0646
olzS7RidilY,Kyle Louis,1.35,6.462
olzS7RidilY,Kyle Louis,1.4,6.8671
olzS7RidilY,Kyle Louis,1.45,7.2796
olzS7RidilY,Kyle Louis,1.5,7.6993
olzS7RidilY,Kyle Louis,1.55,8.1257
olzS7RidilY,Kyle Louis,1.6,8.5587
olzS7RidilY,Kyle Louis,1.65,8.9979
olzS7RidilY,Kyle Louis,1.7,9.4431
olzS7RidilY,Kyle Louis,1.75,9.8939
olzS7RidilY,Kyle Louis,1.8,10.3503
olzS7RidilY,Kyle Louis,1.85,10.8119
olzS7RidilY,Kyle Louis,1.9,11.2785
olzS7RidilY,Kyle Louis,1.95,11.7498
olzS7RidilY,Kyle Louis,2.0,12.2258
olzS7RidilY,Kyle Louis,2.05,12.7062
olzS7RidilY,Kyle Louis,2.1,13.1907
olzS7RidilY,Kyle Louis,2.15,13.6793
olzS7RidilY,Kyle Louis,2.2,14.1717
olzS7RidilY,Kyle Louis,2.25,14.6679
olzS7RidilY,Kyle Louis,2.3,15.1675
olzS7RidilY,Kyle Louis,2.35,15.6705
olzS7RidilY,Kyle Louis,2.4,16.1768
olzS7RidilY,Kyle Louis,2.45,16.6861
olzS7RidilY,Kyle Louis,2.5,17.1984
olzS7RidilY,Kyle Louis,2.55,17.7135
olzS7RidilY,Kyle Louis,2.6,18.2314
olzS7RidilY,Kyle Louis,2.65,18.7518
olzS7RidilY,Kyle Louis,2.7,19.2747
olzS7RidilY,Kyle Louis,2.75,19.8
olzS7RidilY,Kyle Louis,2.8,20.3276
olzS7RidilY,Kyle Louis,2.85,20.8573
olzS7RidilY,Kyle Louis,2.9,21.3891
olzS7RidilY,Kyle Louis,2.95,21.9229
olzS7RidilY,Kyle Louis,3.0,22.4587
olzS7RidilY,Kyle Louis,3.05,22.9962
olzS7RidilY,Kyle Louis,3.1,23.5355
olzS7RidilY,Kyle Louis,3.15,24.0765
olzS7RidilY,Kyle Louis,3.2,24.6191
olzS7RidilY,Kyle Louis,3.25,25.1632
olzS7RidilY,Kyle Louis,3.3,25.7088
olzS7RidilY,Kyle Louis,3.35,26.2558
olzS7RidilY,Kyle Louis,3.4,26.8041
olzS7RidilY,Kyle Louis,3.45,27.3537
olzS7RidilY,Kyle Louis,3.5,27.9045
olzS7RidilY,Kyle Louis,3.55,28.4566
olzS7RidilY,Kyle Louis,3.6,29.0097
olzS7RidilY,Kyle Louis,3.65,29.5639
olzS7RidilY,Kyle Louis,3.7,30.1192
olzS7RidilY,Kyle Louis,3.75,30.6755
olzS7RidilY,Kyle Louis,3.8,31.2327
olzS7RidilY,Kyle Louis,3.85,31.7908
olzS7RidilY,Kyle Louis,3.9,32.3497
olzS7RidilY,Kyle Louis,3.95,32.9095
olzS7RidilY,Kyle Louis,4.0,33.4701
olzS7RidilY,Kyle Louis,4.05,34.0315
olzS7RidilY,Kyle Louis,4.1,34.5936
olzS7RidilY,Kyle Louis,4.15,35.1563
olzS7RidilY,Kyle Louis,4.2,35.7198
olzS7RidilY,Kyle Louis,4.25,36.2839
olzS7RidilY,Kyle Louis,4.3,36.8486
olzS7RidilY,Kyle Louis,4.35,37.4138
olzS7RidilY,Kyle Louis,4.4,37.9797
olzS7RidilY,Kyle Louis,4.45,38.546
olzS7RidilY,Kyle Louis,4.5,39.1129
olzS7RidilY,Kyle Louis,4.55,39.6803
olzS7RidilY,Namdi Obiazor,0.0,0.0
olzS7RidilY,Namdi Obiazor,0.05,0.012
olzS7RidilY,Namdi Obiazor,0.1,0.0472
olzS7RidilY,Namdi Obiazor,0.15,0.1049
olzS7RidilY,Namdi Obiazor,0.2,0.184
olzS7RidilY,Namdi Obiazor,0.25,0.2837
olzS7RidilY,Namdi Obiazor,0.3,0.4033
olzS7RidilY,Namdi Obiazor,0.35,0.542
olzS7RidilY,Namdi Obiazor,0.4,0.6989
olzS7RidilY,Namdi Obiazor,0.45,0.8734
olzS7RidilY,Namdi Obiazor,0.5,1.0647
olzS7RidilY,Namdi Obiazor,0.55,1.2722
olzS7RidilY,Namdi Obiazor,0.6,1.4953
olzS7RidilY,Namdi Obiazor,0.65,1.7334
olzS7RidilY,Namdi Obiazor,0.7,1.9858
olzS7RidilY,Namdi Obiazor,0.75,2.252
olzS7RidilY,Namdi Obiazor,0.8,2.5314
olzS7RidilY,Namdi Obiazor,0.85,2.8236
olzS7RidilY,Namdi Obiazor,0.9,3.128
olzS7RidilY,Namdi Obiazor,0.95,3.4441
olzS7RidilY,Namdi Obiazor,1.0,3.7714
olzS7RidilY,Namdi Obiazor,1.05,4.1096
olzS7RidilY,Namdi Obiazor,1.1,4.4582
olzS7RidilY,Namdi Obiazor,1.15,4.8168
olzS7RidilY,Namdi Obiazor,1.2,5.1849
olzS7RidilY,Namdi Obiazor,1.25,5.5623
olzS7RidilY,Namdi Obiazor,1.3,5.9485
olzS7RidilY,Namdi Obiazor,1.35,6.3432
olzS7RidilY,Namdi Obiazor,1.4,6.7461
olzS7RidilY,Namdi Obiazor,1.45,7.1568
olzS7RidilY,Namdi Obiazor,1.5,7.575
olzS7RidilY,Namdi Obiazor,1.55,8.0004
olzS7RidilY,Namdi Obiazor,1.6,8.4328
olzS7RidilY,Namdi Obiazor,1.65,8.8719
olzS7RidilY,Namdi Obiazor,1.7,9.3174
olzS7RidilY,Namdi Obiazor,1.75,9.769
olzS7RidilY,Namdi Obiazor,1.8,10.2265
olzS7RidilY,Namdi Obiazor,1.85,10.6897
olzS7RidilY,Namdi Obiazor,1.9,11.1584
olzS7RidilY,Namdi Obiazor,1.95,11.6323
olzS7RidilY,Namdi Obiazor,2.0,12.1112
olzS7RidilY,Namdi Obiazor,2.05,12.5949
olzS7RidilY,Namdi Obiazor,2.1,13.0833
olzS7RidilY,Namdi Obiazor,2.15,13.5761
olzS7RidilY,Namdi Obiazor,2.2,14.0733
olzS7RidilY,Namdi Obiazor,2.25,14.5745
olzS7RidilY,Namdi Obiazor,2.3,15.0796
olzS7RidilY,Namdi Obiazor,2.35,15.5886
olzS7RidilY,Namdi Obiazor,2.4,16.1012
olzS7RidilY,Namdi Obiazor,2.45,16.6173
olzS7RidilY,Namdi Obiazor,2.5,17.1368
olzS7RidilY,Namdi Obiazor,2.55,17.6594
olzS7RidilY,Namdi Obiazor,2.6,18.1852
olzS7RidilY,Namdi Obiazor,2.65,18.714
olzS7RidilY,Namdi Obiazor,2.7,19.2456
olzS7RidilY,Namdi Obiazor,2.75,19.7799
olzS7RidilY,Namdi Obiazor,2.8,20.3169
olzS7RidilY,Namdi Obiazor,2.85,20.8564
olzS7RidilY,Namdi Obiazor,2.9,21.3984
olzS7RidilY,Namdi Obiazor,2.95,21.9427
olzS7RidilY,Namdi Obiazor,3.0,22.4892
olzS7RidilY,Namdi Obiazor,3.05,23.0379
olzS7RidilY,Namdi Obiazor,3.1,23.5887
olzS7RidilY,Namdi Obiazor,3.15,24.1414
olzS7RidilY,Namdi Obiazor,3.2,24.6961
olzS7RidilY,Namdi Obiazor,3.25,25.2526
olzS7RidilY,Namdi Obiazor,3.3,25.8108
olzS7RidilY,Namdi Obiazor,3.35,26.3707
olzS7RidilY,Namdi Obiazor,3.4,26.9323
olzS7RidilY,Namdi Obiazor,3.45,27.4954
olzS7RidilY,Namdi Obiazor,3.5,28.06
olzS7RidilY,Namdi Obiazor,3.55,28.6261
olzS7RidilY,Namdi Obiazor,3.6,29.1936
olzS7RidilY,Namdi Obiazor,3.65,29.7623
olzS7RidilY,Namdi Obiazor,3.7,30.3324
olzS7RidilY,Namdi Obiazor,3.75,30.9036
olzS7RidilY,Namdi Obiazor,3.8,31.4761
olzS7RidilY,Namdi Obiazor,3.85,32.0497
olzS7RidilY,Namdi Obiazor,3.9,32.6243
olzS7RidilY,Namdi Obiazor,3.95,33.2
olzS7RidilY,Namdi Obiazor,4.0,33.7767
olzS7RidilY,Namdi Obiazor,4.05,34.3544
olzS7RidilY,Namdi Obiazor,4.1,34.933
olzS7RidilY,Namdi Obiazor,4.15,35.5124
olzS7RidilY,Namdi Obiazor,4.2,36.0928
olzS7RidilY,Namdi Obiazor,4.25,36.6739
olzS7RidilY,Namdi Obiazor,4.3,37.2559
olzS7RidilY,Namdi Obiazor,4.35,37.8385
olzS7RidilY,Namdi Obiazor,4.4,38.4219
olzS7RidilY,Namdi Obiazor,4.45,39.006
olzS7RidilY,Namdi Obiazor,4.5,39.5908
olzS7RidilY,Namdi Obiazor,4.55,40.1762
olzS7RidilY,Jacob Rodriguez,0.0,0.0
olzS7RidilY,Jacob Rodriguez,0.05,0.0124
olzS7RidilY,Jacob Rodriguez,0.1,0.049
olzS7RidilY,Jacob Rodriguez,0.15,0.1088
olzS7RidilY,Jacob Rodriguez,0.2,0.1908
olzS7RidilY,Jacob Rodriguez,0.25,0.2941
olzS7RidilY,Jacob Rodriguez,0.3,0.4178
olzS7RidilY,Jacob Rodriguez,0.35,0.561
olzS7RidilY,Jacob Rodriguez,0.4,0.723
olzS7RidilY,Jacob Rodriguez,0.45,0.9029
olzS7RidilY,Jacob Rodriguez,0.5,1.1001
olzS7RidilY,Jacob Rodriguez,0.55,1.3137
olzS7RidilY,Jacob Rodriguez,0.6,1.5431
olzS7RidilY,Jacob Rodriguez,0.65,1.7877
olzS7RidilY,Jacob Rodriguez,0.7,2.0468
olzS7RidilY,Jacob Rodriguez,0.75,2.3199
olzS7RidilY,Jacob Rodriguez,0.8,2.6062
olzS7RidilY,Jacob Rodriguez,0.85,2.9054
olzS7RidilY,Jacob Rodriguez,0.9,3.2168
olzS7RidilY,Jacob Rodriguez,0.95,3.54
olzS7RidilY,Jacob Rodriguez,1.0,3.8744
olzS7RidilY,Jacob Rodriguez,1.05,4.2195
olzS7RidilY,Jacob Rodriguez,1.1,4.5751
olzS7RidilY,Jacob Rodriguez,1.15,4.9405
olzS7RidilY,Jacob Rodriguez,1.2,5.3154
olzS7RidilY,Jacob Rodriguez,1.25,5.6994
olzS7RidilY,Jacob Rodriguez,1.3,6.0922
olzS7RidilY,Jacob Rodriguez,1.35,6.4933
olzS7RidilY,Jacob Rodriguez,1.4,6.9024
olzS7RidilY,Jacob Rodriguez,1.45,7.3192
olzS7RidilY,Jacob Rodriguez,1.5,7.7433
olzS7RidilY,Jacob Rodriguez,1.55,8.1745
olzS7RidilY,Jacob Rodriguez,1.6,8.6125
olzS7RidilY,Jacob Rodriguez,1.65,9.0569
olzS7RidilY,Jacob Rodriguez,1.7,9.5076
olzS7RidilY,Jacob Rodriguez,1.75,9.9642
olzS7RidilY,Jacob Rodriguez,1.8,10.4264
olzS7RidilY,Jacob Rodriguez,1.85,10.8942
olzS7RidilY,Jacob Rodriguez,1.9,11.3672
olzS7RidilY,Jacob Rodriguez,1.95,11.8452
olzS7RidilY,Jacob Rodriguez,2.0,12.328
olzS7RidilY,Jacob Rodriguez,2.05,12.8155
olzS7RidilY,Jacob Rodriguez,2.1,13.3073
olzS7RidilY,Jacob Rodriguez,2.15,13.8034
olzS7RidilY,Jacob Rodriguez,2.2,14.3036
olzS7RidilY,Jacob Rodriguez,2.25,14.8076
olzS7RidilY,Jacob Rodriguez,2.3,15.3154
olzS7RidilY,Jacob Rodriguez,2.35,15.8267
olzS7RidilY,Jacob Rodriguez,2.4,16.3415
olzS7RidilY,Jacob Rodriguez,2.45,16.8596
olzS7RidilY,Jacob Rodriguez,2.5,17.3808
olzS7RidilY,Jacob Rodriguez,2.55,17.905
olzS7RidilY,Jacob Rodriguez,2.6,18.4321
olzS7RidilY,Jacob Rodriguez,2.65,18.9619
olzS7RidilY,Jacob Rodriguez,2.7,19.4945
olzS7RidilY,Jacob Rodriguez,2.75,20.0295
olzS7RidilY,Jacob Rodriguez,2.8,20.567
olzS7RidilY,Jacob Rodriguez,2.85,21.1069
olzS7RidilY,Jacob Rodriguez,2.9,21.6489
olzS7RidilY,Jacob Rodriguez,2.95,22.1932
olzS7RidilY,Jacob Rodriguez,3.0,22.7394
olzS7RidilY,Jacob Rodriguez,3.05,23.2877
olzS7RidilY,Jacob Rodriguez,3.1,23.8378
olzS7RidilY,Jacob Rodriguez,3.15,24.3898
olzS7RidilY,Jacob Rodriguez,3.2,24.9435
olzS7RidilY,Jacob Rodriguez,3.25,25.4988
olzS7RidilY,Jacob Rodriguez,3.3,26.0558
olzS7RidilY,Jacob Rodriguez,3.35,26.6142
olzS7RidilY,Jacob Rodriguez,3.4,27.1742
olzS7RidilY,Jacob Rodriguez,3.45,27.7355
olzS7RidilY,Jacob Rodriguez,3.5,28.2982
olzS7RidilY,Jacob Rodriguez,3.55,28.8622
olzS7RidilY,Jacob Rodriguez,3.6,29.4274
olzS7RidilY,Jacob Rodriguez,3.65,29.9938
olzS7RidilY,Jacob Rodriguez,3.7,30.5613
olzS7RidilY,Jacob Rodriguez,3.75,31.1299
olzS7RidilY,Jacob Rodriguez,3.8,31.6996
olzS7RidilY,Jacob Rodriguez,3.85,32.2702
olzS7RidilY,Jacob Rodriguez,3.9,32.8418
olzS7RidilY,Jacob Rodriguez,3.95,33.4144
olzS7RidilY,Jacob Rodriguez,4.0,33.9878
olzS7RidilY,Jacob Rodriguez,4.05,34.562
olzS7RidilY,Jacob Rodriguez,4.1,35.1371
olzS7RidilY,Jacob Rodriguez,4.15,35.7129
olzS7RidilY,Jacob Rodriguez,4.2,36.2895
olzS7RidilY,Jacob Rodriguez,4.25,36.8668
olzS7RidilY,Jacob Rodriguez,4.3,37.4448
olzS7RidilY,Jacob Rodriguez,4.35,38.0234
olzS7RidilY,Jacob Rodriguez,4.4,38.6026
olzS7RidilY,Jacob Rodriguez,4.45,39.1825
olzS7RidilY,Jacob Rodriguez,4.5,39.7629
olzS7RidilY,Xavian Sorey Jr.,0.0,0.0
olzS7RidilY,Xavian Sorey Jr.,0.05,0.011
olzS7RidilY,Xavian Sorey Jr.,0.1,0.0435
olzS7RidilY,Xavian Sorey Jr.,0.15,0.0968
olzS7RidilY,Xavian Sorey Jr.,0.2,0.1701
olzS7RidilY,Xavian Sorey Jr.,0.25,0.2626
olzS7RidilY,Xavian Sorey Jr.,0.3,0.3737
olzS7RidilY,Xavian Sorey Jr.,0.35,0.5028
olzS7RidilY,Xavian Sorey Jr.,0.4,0.6492
olzS7RidilY,Xavian Sorey Jr.,0.45,0.8123
olzS7RidilY,Xavian Sorey Jr.,0.5,0.9914
olzS7RidilY,Xavian Sorey Jr.,0.55,1.1861
olzS7RidilY,Xavian Sorey Jr.,0.6,1.3958
olzS7RidilY,Xavian Sorey Jr.,0.65,1.6198
olzS7RidilY,Xavian Sorey Jr.,0.7,1.8578
olzS7RidilY,Xavian Sorey Jr.,0.75,2.1092
olzS7RidilY,Xavian Sorey Jr.,0.8,2.3736
olzS7RidilY,Xavian Sorey Jr.,0.85,2.6504
olzS7RidilY,Xavian Sorey Jr.,0.9,2.9392
olzS7RidilY,Xavian Sorey Jr.,0.95,3.2397
olzS7RidilY,Xavian Sorey Jr.,1.0,3.5514
olzS7RidilY,Xavian Sorey Jr.,1.05,3.8739
olzS7RidilY,Xavian Sorey Jr.,1.1,4.2067
olzS7RidilY,Xavian Sorey Jr.,1.15,4.5497
olzS7RidilY,Xavian Sorey Jr.,1.2,4.9023
olzS7RidilY,Xavian Sorey Jr.,1.25,5.2642
olzS7RidilY,Xavian Sorey Jr.,1.3,5.6351
olzS7RidilY,Xavian Sorey Jr.,1.35,6.0148
olzS7RidilY,Xavian Sorey Jr.,1.4,6.4028
olzS7RidilY,Xavian Sorey Jr.,1.45,6.7989
olzS7RidilY,Xavian Sorey Jr.,1.5,7.2027
olzS7RidilY,Xavian Sorey Jr.,1.55,7.6141
olzS7RidilY,Xavian Sorey Jr.,1.6,8.0327
olzS7RidilY,Xavian Sorey Jr.,1.65,8.4584
olzS7RidilY,Xavian Sorey Jr.,1.7,8.8907
olzS7RidilY,Xavian Sorey Jr.,1.75,9.3296
olzS7RidilY,Xavian Sorey Jr.,1.8,9.7747
olzS7RidilY,Xavian Sorey Jr.,1.85,10.2258
olzS7RidilY,Xavian Sorey Jr.,1.9,10.6828
olzS7RidilY,Xavian Sorey Jr.,1.95,11.1454
olzS7RidilY,Xavian Sorey Jr.,2.0,11.6135
olzS7RidilY,Xavian Sorey Jr.,2.05,12.0867
olzS7RidilY,Xavian Sorey Jr.,2.1,12.565
olzS7RidilY,Xavian Sorey Jr.,2.15,13.0482
olzS7RidilY,Xavian Sorey Jr.,2.2,13.536
olzS7RidilY,Xavian Sorey Jr.,2.25,14.0284
olzS7RidilY,Xavian Sorey Jr.,2.3,14.5251
olzS7RidilY,Xavian Sorey Jr.,2.35,15.0261
olzS7RidilY,Xavian Sorey Jr.,2.4,15.5311
olzS7RidilY,Xavian Sorey Jr.,2.45,16.04
olzS7RidilY,Xavian Sorey Jr.,2.5,16.5526
olzS7RidilY,Xavian Sorey Jr.,2.55,17.0689
olzS7RidilY,Xavian Sorey Jr.,2.6,17.5887
olzS7RidilY,Xavian Sorey Jr.,2.65,18.1119
olzS7RidilY,Xavian Sorey Jr.,2.7,18.6384
olzS7RidilY,Xavian Sorey Jr.,2.75,19.168
olzS7RidilY,Xavian Sorey Jr.,2.8,19.7006
olzS7RidilY,Xavian Sorey Jr.,2.85,20.2362
olzS7RidilY,Xavian Sorey Jr.,2.9,20.7746
olzS7RidilY,Xavian Sorey Jr.,2.95,21.3157
olzS7RidilY,Xavian Sorey Jr.,3.0,21.8594
olzS7RidilY,Xavian Sorey Jr.,3.05,22.4057
olzS7RidilY,Xavian Sorey Jr.,3.1,22.9544
olzS7RidilY,Xavian Sorey Jr.,3.15,23.5055
olzS7RidilY,Xavian Sorey Jr.,3.2,24.0588
olzS7RidilY,Xavian Sorey Jr.,3.25,24.6143
olzS7RidilY,Xavian Sorey Jr.,3.3,25.1719
olzS7RidilY,Xavian Sorey Jr.,3.35,25.7316
olzS7RidilY,Xavian Sorey Jr.,3.4,26.2932
olzS7RidilY,Xavian Sorey Jr.,3.45,26.8567
olzS7RidilY,Xavian Sorey Jr.,3.5,27.4221
olzS7RidilY,Xavian Sorey Jr.,3.55,27.9892
olzS7RidilY,Xavian Sorey Jr.,3.6,28.558
olzS7RidilY,Xavian Sorey Jr.,3.65,29.1284
olzS7RidilY,Xavian Sorey Jr.,3.7,29.7005
olzS7RidilY,Xavian Sorey Jr.,3.75,30.274
olzS7RidilY,Xavian Sorey Jr.,3.8,30.849
olzS7RidilY,Xavian Sorey Jr.,3.85,31.4254
olzS7RidilY,Xavian Sorey Jr.,3.9,32.0032
olzS7RidilY,Xavian Sorey Jr.,3.95,32.5824
olzS7RidilY,Xavian Sorey Jr.,4.0,33.1627
olzS7RidilY,Xavian Sorey Jr.,4.05,33.7443
olzS7RidilY,Xavian Sorey Jr.,4.1,34.3271
olzS7RidilY,Xavian Sorey Jr.,4.15,34.9111
olzS7RidilY,Xavian Sorey Jr.,4.2,35.4961
olzS7RidilY,Xavian Sorey Jr.,4.25,36.0822
olzS7RidilY,Xavian Sorey Jr.,4.3,36.6693
olzS7RidilY,Xavian Sorey Jr.,4.35,37.2574
olzS7RidilY,Xavian Sorey Jr.,4.4,37.8464
olzS7RidilY,Xavian Sorey Jr.,4.45,38.4364
olzS7RidilY,Xavian Sorey Jr.,4.5,39.0273
olzS7RidilY,Xavian Sorey Jr.,4.55,39.619
olzS7RidilY,Alex Styles,0.0,0.0
olzS7RidilY,Alex Styles,0.05,0.0106
olzS7RidilY,Alex Styles,0.1,0.0421
olzS7RidilY,Alex Styles,0.15,0.0935
olzS7RidilY,Alex Styles,0.2,0.1644
olzS7RidilY,Alex Styles,0.25,0.2538
olzS7RidilY,Alex Styles,0.3,0.3613
olzS7RidilY,Alex Styles,0.35,0.4861
olzS7RidilY,Alex Styles,0.4,0.6277
olzS7RidilY,Alex Styles,0.45,0.7854
olzS7RidilY,Alex Styles,0.5,0.9587
olzS7RidilY,Alex Styles,0.55,1.147
olzS7RidilY,Alex Styles,0.6,1.3498
olzS7RidilY,Alex Styles,0.65,1.5667
olzS7RidilY,Alex Styles,0.7,1.797
olzS7RidilY,Alex Styles,0.75,2.0403
olzS7RidilY,Alex Styles,0.8,2.2961
olzS7RidilY,Alex Styles,0.85,2.5641
olzS7RidilY,Alex Styles,0.9,2.8438
olzS7RidilY,Alex Styles,0.95,3.1347
olzS7RidilY,Alex Styles,1.0,3.4365
olzS7RidilY,Alex Styles,1.05,3.7488
olzS7RidilY,Alex Styles,1.1,4.0712
olzS7RidilY,Alex Styles,1.15,4.4033
olzS7RidilY,Alex Styles,1.2,4.7449
olzS7RidilY,Alex Styles,1.25,5.0955
olzS7RidilY,Alex Styles,1.3,5.4549
olzS7RidilY,Alex Styles,1.35,5.8227
olzS7RidilY,Alex Styles,1.4,6.1987
olzS7RidilY,Alex Styles,1.45,6.5825
olzS7RidilY,Alex Styles,1.5,6.974
olzS7RidilY,Alex Styles,1.55,7.3727
olzS7RidilY,Alex Styles,1.6,7.7785
olzS7RidilY,Alex Styles,1.65,8.1911
olzS7RidilY,Alex Styles,1.7,8.6103
olzS7RidilY,Alex Styles,1.75,9.0358
olzS7RidilY,Alex Styles,1.8,9.4674
olzS7RidilY,Alex Styles,1.85,9.9049
olzS7RidilY,Alex Styles,1.9,10.3481
olzS7RidilY,Alex Styles,1.95,10.7967
olzS7RidilY,Alex Styles,2.0,11.2507
olzS7RidilY,Alex Styles,2.05,11.7097
olzS7RidilY,Alex Styles,2.1,12.1737
olzS7RidilY,Alex Styles,2.15,12.6424
olzS7RidilY,Alex Styles,2.2,13.1157
olzS7RidilY,Alex Styles,2.25,13.5934
olzS7RidilY,Alex Styles,2.3,14.0754
olzS7RidilY,Alex Styles,2.35,14.5615
olzS7RidilY,Alex Styles,2.4,15.0516
olzS7RidilY,Alex Styles,2.45,15.5455
olzS7RidilY,Alex Styles,2.5,16.043
olzS7RidilY,Alex Styles,2.55,16.5442
olzS7RidilY,Alex Styles,2.6,17.0487
olzS7RidilY,Alex Styles,2.65,17.5566
olzS7RidilY,Alex Styles,2.7,18.0677
olzS7RidilY,Alex Styles,2.75,18.5818
olzS7RidilY,Alex Styles,2.8,19.0989
olzS7RidilY,Alex Styles,2.85,19.6189
olzS7RidilY,Alex Styles,2.9,20.1417
olzS7RidilY,Alex Styles,2.95,20.6671
olzS7RidilY,Alex Styles,3.0,21.1951
olzS7RidilY,Alex Styles,3.05,21.7256
olzS7RidilY,Alex Styles,3.1,22.2584
olzS7RidilY,Alex Styles,3.15,22.7936
olzS7RidilY,Alex Styles,3.2,23.331
olzS7RidilY,Alex Styles,3.25,23.8706
olzS7RidilY,Alex Styles,3.3,24.4122
olzS7RidilY,Alex Styles,3.35,24.9559
olzS7RidilY,Alex Styles,3.4,25.5014
olzS7RidilY,Alex Styles,3.45,26.0489
olzS7RidilY,Alex Styles,3.5,26.5981
olzS7RidilY,Alex Styles,3.55,27.149
olzS7RidilY,Alex Styles,3.6,27.7017
olzS7RidilY,Alex Styles,3.65,28.2559
olzS7RidilY,Alex Styles,3.7,28.8117
olzS7RidilY,Alex Styles,3.75,29.369
olzS7RidilY,Alex Styles,3.8,29.9277
olzS7RidilY,Alex Styles,3.85,30.4878
olzS7RidilY,Alex Styles,3.9,31.0493
olzS7RidilY,Alex Styles,3.95,31.6121
olzS7RidilY,Alex Styles,4.0,32.1761
olzS7RidilY,Alex Styles,4.05,32.7414
olzS7RidilY,Alex Styles,4.1,33.3078
olzS7RidilY,Alex Styles,4.15,33.8753
olzS7RidilY,Alex Styles,4.2,34.4439
olzS7RidilY,Alex Styles,4.25,35.0135
olzS7RidilY,Alex Styles,4.3,35.5842
olzS7RidilY,Alex Styles,4.35,36.1558
olzS7RidilY,Alex Styles,4.4,36.7284
olzS7RidilY,Alex Styles,4.45,37.3019
olzS7RidilY,Alex Styles,4.5,37.8763
olzS7RidilY,Alex Styles,4.55,38.4515
olzS7RidilY,Alex Styles,4.6,39.0275
olzS7RidilY,Josiah Trotter,0.0,0.0
olzS7RidilY,Josiah Trotter,0.05,0.0119
olzS7RidilY,Josiah Trotter,0.1,0.0471
olzS7RidilY,Josiah Trotter,0.15,0.1047
olzS7RidilY,Josiah Trotter,0.2,0.1838
olzS7RidilY,Josiah Trotter,0.25,0.2837
olzS7RidilY,Josiah Trotter,0.3,0.4034
olzS7RidilY,Josiah Trotter,0.35,0.5423
olzS7RidilY,Josiah Trotter,0.4,0.6996
olzS7RidilY,Josiah Trotter,0.45,0.8746
olzS7RidilY,Josiah Trotter,0.5,1.0667
olzS7RidilY,Josiah Trotter,0.55,1.2752
olzS7RidilY,Josiah Trotter,0.6,1.4994
olzS7RidilY,Josiah Trotter,0.65,1.7389
olzS7RidilY,Josiah Trotter,0.7,1.9929
olzS7RidilY,Josiah Trotter,0.75,2.2609
olzS7RidilY,Josiah Trotter,0.8,2.5425
olzS7RidilY,Josiah Trotter,0.85,2.837
olzS7RidilY,Josiah Trotter,0.9,3.144
olzS7RidilY,Josiah Trotter,0.95,3.463
olzS7RidilY,Josiah Trotter,1.0,3.7936
olzS7RidilY,Josiah Trotter,1.05,4.1353
olzS7RidilY,Josiah Trotter,1.1,4.4877
olzS7RidilY,Josiah Trotter,1.15,4.8504
olzS7RidilY,Josiah Trotter,1.2,5.2229
olzS7RidilY,Josiah Trotter,1.25,5.605
olzS7RidilY,Josiah Trotter,1.3,5.9962
olzS7RidilY,Josiah Trotter,1.35,6.3962
olzS7RidilY,Josiah Trotter,1.4,6.8047
olzS7RidilY,Josiah Trotter,1.45,7.2213
olzS7RidilY,Josiah Trotter,1.5,7.6458
olzS7RidilY,Josiah Trotter,1.55,8.0778
olzS7RidilY,Josiah Trotter,1.6,8.517
olzS7RidilY,Josiah Trotter,1.65,8.9632
olzS7RidilY,Josiah Trotter,1.7,9.4162
olzS7RidilY,Josiah Trotter,1.75,9.8755
olzS7RidilY,Josiah Trotter,1.8,10.3411
olzS7RidilY,Josiah Trotter,1.85,10.8126
olzS7RidilY,Josiah Trotter,1.9,11.2899
olzS7RidilY,Josiah Trotter,1.95,11.7726
olzS7RidilY,Josiah Trotter,2.0,12.2607
olzS7RidilY,Josiah Trotter,2.05,12.7539
olzS7RidilY,Josiah Trotter,2.1,13.252
olzS7RidilY,Josiah Trotter,2.15,13.7549
olzS7RidilY,Josiah Trotter,2.2,14.2622
olzS7RidilY,Josiah Trotter,2.25,14.774
olzS7RidilY,Josiah Trotter,2.3,15.2899
olzS7RidilY,Josiah Trotter,2.35,15.8099
olzS7RidilY,Josiah Trotter,2.4,16.3338
olzS7RidilY,Josiah Trotter,2.45,16.8614
olzS7RidilY,Josiah Trotter,2.5,17.3926
olzS7RidilY,Josiah Trotter,2.55,17.9273
olzS7RidilY,Josiah Trotter,2.6,18.4653
olzS7RidilY,Josiah Trotter,2.65,19.0065
olzS7RidilY,Josiah Trotter,2.7,19.5508
olzS7RidilY,Josiah Trotter,2.75,20.0981
olzS7RidilY,Josiah Trotter,2.8,20.6482
olzS7RidilY,Josiah Trotter,2.85,21.201
olzS7RidilY,Josiah Trotter,2.9,21.7565
olzS7RidilY,Josiah Trotter,2.95,22.3145
olzS7RidilY,Josiah Trotter,3.0,22.875
olzS7RidilY,Josiah Trotter,3.05,23.4378
olzS7RidilY,Josiah Trotter,3.1,24.0028
olzS7RidilY,Josiah Trotter,3.15,24.57
olzS7RidilY,Josiah Trotter,3.2,25.1393
olzS7RidilY,Josiah Trotter,3.25,25.7107
olzS7RidilY,Josiah Trotter,3.3,26.2839
olzS7RidilY,Josiah Trotter,3.35,26.859
olzS7RidilY,Josiah Trotter,3.4,27.4359
olzS7RidilY,Josiah Trotter,3.45,28.0145
olzS7RidilY,Josiah Trotter,3.5,28.5948
olzS7RidilY,Josiah Trotter,3.55,29.1766
olzS7RidilY,Josiah Trotter,3.6,29.76
olzS7RidilY,Josiah Trotter,3.65,30.3449
olzS7RidilY,Josiah Trotter,3.7,30.9312
olzS7RidilY,Josiah Trotter,3.75,31.5188
olzS7RidilY,Josiah Trotter,3.8,32.1077
olzS7RidilY,Josiah Trotter,3.85,32.6979
olzS7RidilY,Josiah Trotter,3.9,33.2893
olzS7RidilY,Josiah Trotter,3.95,33.8819
olzS7RidilY,Josiah Trotter,4.0,34.4756
olzS7RidilY,Josiah Trotter,4.05,35.0704
olzS7RidilY,Josiah Trotter,4.1,35.6662
olzS7RidilY,Josiah Trotter,4.15,36.263
olzS7RidilY,Josiah Trotter,4.2,36.8608
olzS7RidilY,Josiah Trotter,4.25,37.4595
olzS7RidilY,Josiah Trotter,4.3,38.059
olzS7RidilY,Josiah Trotter,4.35,38.6595
olzS7RidilY,Josiah Trotter,4.4,39.2607
olzS7RidilY,Josiah Trotter,4.45,39.8628
